LCLid,night_date,night_kwh,mean_temp_c,heat_loss_proxy,heating_type
MAC000003,2013-01-01,15.592,5.8,9.7,seasonal
MAC000003,2013-01-02,14.986,6.2,9.3,seasonal
MAC000003,2013-01-03,15.514,10.2,5.3,seasonal
MAC000003,2013-01-04,15.58,8.8,6.7,seasonal
MAC000003,2013-01-05,34.726,8.6,6.9,seasonal
MAC000003,2013-01-06,34.106,7.0,8.5,seasonal
MAC000003,2013-01-07,34.273,7.6,7.9,seasonal
MAC000003,2013-01-08,13.329,8.9,6.6,seasonal
MAC000003,2013-01-09,33.991,6.8,8.7,seasonal
MAC000003,2013-01-10,34.741,1.8,13.7,seasonal
MAC000003,2013-01-11,35.597,2.7,12.8,seasonal
MAC000003,2013-01-12,35.04,2.7,12.8,seasonal
MAC000003,2013-01-13,34.389,1.1,14.4,seasonal
MAC000003,2013-01-14,29.482,0.2,15.3,seasonal
MAC000003,2013-01-15,30.207,0.6,14.9,seasonal
MAC000003,2013-01-16,30.461,-2.2,17.7,seasonal
MAC000003,2013-01-17,40.262,-2.2,17.7,seasonal
MAC000003,2013-01-18,38.621,-1.4,16.9,seasonal
MAC000003,2013-01-19,35.978,-0.2,15.7,seasonal
MAC000003,2013-01-20,35.848,-1.2,16.7,seasonal
MAC000003,2013-01-21,34.715,-1.5,17.0,seasonal
MAC000003,2013-01-22,35.748,-1.5,17.0,seasonal
MAC000003,2013-01-23,35.537,0.9,14.6,seasonal
MAC000003,2013-01-24,36.133,-0.3,15.8,seasonal
MAC000003,2013-01-25,35.349,-1.5,17.0,seasonal
MAC000003,2013-01-26,33.646,3.3,12.2,seasonal
MAC000003,2013-01-27,15.215,7.6,7.9,seasonal
MAC000003,2013-01-28,15.157,5.8,9.7,seasonal
MAC000003,2013-01-29,13.552,10.9,4.6,seasonal
MAC000003,2013-01-30,15.721,10.1,5.4,seasonal
MAC000003,2013-01-31,15.416,8.2,7.3,seasonal
MAC000003,2013-02-01,34.422,5.4,10.1,seasonal
MAC000003,2013-02-02,34.692,2.7,12.8,seasonal
MAC000003,2013-02-03,33.549,3.6,11.9,seasonal
MAC000003,2013-02-04,34.161,7.9,7.6,seasonal
MAC000003,2013-02-05,36.05,3.6,11.9,seasonal
MAC000003,2013-02-06,36.387,3.5,12.0,seasonal
MAC000003,2013-02-07,34.242,1.9,13.6,seasonal
MAC000003,2013-02-08,35.056,1.2,14.3,seasonal
MAC000003,2013-02-09,34.684,1.6,13.9,seasonal
MAC000003,2013-02-10,35.872,2.6,12.9,seasonal
MAC000003,2013-02-11,34.397,1.1,14.4,seasonal
MAC000003,2013-02-12,36.146,1.1,14.4,seasonal
MAC000003,2013-02-13,34.898,0.5,15.0,seasonal
MAC000003,2013-02-14,34.395,6.5,9.0,seasonal
MAC000003,2013-02-15,34.673,4.4,11.1,seasonal
MAC000003,2013-02-16,15.169,5.0,10.5,seasonal
MAC000003,2013-02-17,17.16,3.5,12.0,seasonal
MAC000003,2013-02-18,16.857,3.3,12.2,seasonal
MAC000003,2013-02-19,16.7,0.8,14.7,seasonal
MAC000003,2013-02-20,35.555,2.0,13.5,seasonal
MAC000003,2013-02-21,35.935,0.7,14.8,seasonal
MAC000003,2013-02-22,36.612,0.3,15.2,seasonal
MAC000003,2013-02-23,35.69,0.3,15.2,seasonal
MAC000003,2013-02-24,35.276,0.4,15.1,seasonal
MAC000003,2013-02-25,34.835,2.5,13.0,seasonal
MAC000003,2013-02-26,35.075,3.5,12.0,seasonal
MAC000003,2013-02-27,34.801,3.0,12.5,seasonal
MAC000003,2013-02-28,36.291,3.5,12.0,seasonal
MAC000003,2013-03-01,35.367999,3.9,11.6,seasonal
MAC000003,2013-03-02,36.453999,2.3,13.2,seasonal
MAC000003,2013-03-03,40.229,2.6,12.9,seasonal
MAC000003,2013-03-04,35.911,3.6,11.9,seasonal
MAC000003,2013-03-05,34.107,5.8,9.7,seasonal
MAC000003,2013-03-06,29.278,7.4,8.1,seasonal
MAC000003,2013-03-07,29.408,8.0,7.5,seasonal
MAC000003,2013-03-08,9.518,8.5,7.0,seasonal
MAC000003,2013-03-09,30.594,6.0,9.5,seasonal
MAC000003,2013-03-10,31.012,2.1,13.4,seasonal
MAC000003,2013-03-11,35.172,-0.2,15.7,seasonal
MAC000003,2013-03-12,30.894,0.1,15.4,seasonal
MAC000003,2013-03-13,34.419,1.9,13.6,seasonal
MAC000003,2013-03-14,31.511,1.0,14.5,seasonal
MAC000003,2013-03-15,30.496,4.3,11.2,seasonal
MAC000003,2013-03-16,1.734,6.1,9.4,seasonal
MAC000003,2013-03-17,0.739,4.7,10.8,seasonal
MAC000003,2013-03-18,0.631,3.2,12.3,seasonal
MAC000003,2013-03-19,0.534,3.3,12.2,seasonal
MAC000003,2013-03-20,0.575,3.2,12.3,seasonal
MAC000003,2013-03-21,0.481,3.1,12.4,seasonal
MAC000003,2013-03-22,0.565,3.2,12.3,seasonal
MAC000003,2013-03-23,0.539,1.6,13.9,seasonal
MAC000003,2013-03-24,30.68,0.1,15.4,seasonal
MAC000003,2013-03-25,43.76,0.4,15.1,seasonal
MAC000003,2013-03-26,35.833,0.3,15.2,seasonal
MAC000003,2013-03-27,36.423,0.8,14.7,seasonal
MAC000003,2013-03-28,36.877,1.0,14.5,seasonal
MAC000003,2013-03-29,36.767,0.2,15.3,seasonal
MAC000003,2013-03-30,35.631,1.2,14.3,seasonal
MAC000003,2013-03-31,36.906,0.5,15.0,seasonal
MAC000003,2013-04-01,36.574999,1.8,13.7,seasonal
MAC000003,2013-04-02,37.02,2.6,12.9,seasonal
MAC000003,2013-04-03,35.238,1.7,13.8,seasonal
MAC000003,2013-04-04,36.85,1.9,13.6,seasonal
MAC000003,2013-04-05,36.096,3.3,12.2,seasonal
MAC000003,2013-04-06,34.846,3.5,12.0,seasonal
MAC000003,2013-04-07,36.51,3.2,12.3,seasonal
MAC000003,2013-04-08,35.305,4.9,10.6,seasonal
MAC000003,2013-04-09,34.931,4.8,10.7,seasonal
MAC000003,2013-04-10,33.782999,6.1,9.4,seasonal
MAC000003,2013-04-11,7.854,7.1,8.4,seasonal
MAC000003,2013-04-12,7.156,8.4,7.1,seasonal
MAC000003,2013-04-13,6.564,8.2,7.3,seasonal
MAC000003,2013-04-14,7.075,13.4,2.1,seasonal
MAC000003,2013-04-15,6.765,11.5,4.0,seasonal
MAC000003,2013-04-16,6.364,11.3,4.2,seasonal
MAC000003,2013-04-17,9.025,11.8,3.7,seasonal
MAC000003,2013-04-18,6.699,10.1,5.4,seasonal
MAC000003,2013-04-19,6.556,8.4,7.1,seasonal
MAC000003,2013-04-20,5.931,5.9,9.6,seasonal
MAC000003,2013-04-21,6.157,7.0,8.5,seasonal
MAC000003,2013-04-22,6.756,9.3,6.2,seasonal
MAC000003,2013-04-23,6.873,13.1,2.4,seasonal
MAC000003,2013-04-24,6.782,12.5,3.0,seasonal
MAC000003,2013-04-25,6.322,14.2,1.3,seasonal
MAC000003,2013-04-26,7.007,8.9,6.6,seasonal
MAC000003,2013-04-27,6.938,6.0,9.5,seasonal
MAC000003,2013-04-28,7.213,6.2,9.3,seasonal
MAC000003,2013-04-29,6.331,9.2,6.3,seasonal
MAC000003,2013-04-30,6.327,7.9,7.6,seasonal
MAC000003,2013-05-01,7.312,8.4,7.1,seasonal
MAC000003,2013-05-02,7.543,9.1,6.4,seasonal
MAC000003,2013-05-03,6.743,11.1,4.4,seasonal
MAC000003,2013-05-04,7.04,10.9,4.6,seasonal
MAC000003,2013-05-05,5.897,11.4,4.1,seasonal
MAC000003,2013-05-06,6.101,13.2,2.3,seasonal
MAC000003,2013-05-07,5.971,13.8,1.7,seasonal
MAC000003,2013-05-08,7.001,12.9,2.6,seasonal
MAC000003,2013-05-09,5.888,10.5,5.0,seasonal
MAC000003,2013-05-10,6.825,12.4,3.1,seasonal
MAC000003,2013-05-11,5.162,10.4,5.1,seasonal
MAC000003,2013-05-12,7.926,9.6,5.9,seasonal
MAC000003,2013-05-13,6.374,11.0,4.5,seasonal
MAC000003,2013-05-14,5.593,8.6,6.9,seasonal
MAC000003,2013-05-15,6.467,9.1,6.4,seasonal
MAC000003,2013-05-16,6.484,9.5,6.0,seasonal
MAC000003,2013-05-17,6.896,9.1,6.4,seasonal
MAC000003,2013-05-18,6.353,10.9,4.6,seasonal
MAC000003,2013-05-19,5.795,12.7,2.8,seasonal
MAC000003,2013-05-20,5.841,13.4,2.1,seasonal
MAC000003,2013-05-21,5.868,12.9,2.6,seasonal
MAC000003,2013-05-22,5.907,11.4,4.1,seasonal
MAC000003,2013-05-23,5.323,8.1,7.4,seasonal
MAC000003,2013-05-24,6.239,7.1,8.4,seasonal
MAC000003,2013-05-25,5.56,9.5,6.0,seasonal
MAC000003,2013-05-26,10.715,11.5,4.0,seasonal
MAC000003,2013-05-27,6.166,11.0,4.5,seasonal
MAC000003,2013-05-28,7.223,10.8,4.7,seasonal
MAC000003,2013-05-29,7.238,10.7,4.8,seasonal
MAC000003,2013-05-30,6.436,12.4,3.1,seasonal
MAC000003,2013-05-31,6.466,14.5,1.0,seasonal
MAC000003,2013-06-01,6.328,12.9,2.6,seasonal
MAC000003,2013-06-02,8.119,12.8,2.7,seasonal
MAC000003,2013-06-03,5.078,11.9,3.6,seasonal
MAC000003,2013-06-04,6.727,12.1,3.4,seasonal
MAC000003,2013-06-05,6.872,12.6,2.9,seasonal
MAC000003,2013-06-06,5.833,13.3,2.2,seasonal
MAC000003,2013-06-07,6.382,14.1,1.4,seasonal
MAC000003,2013-06-08,6.392,12.4,3.1,seasonal
MAC000003,2013-06-09,5.592,12.5,3.0,seasonal
MAC000003,2013-06-10,6.192,12.4,3.1,seasonal
MAC000003,2013-06-11,6.219,13.3,2.2,seasonal
MAC000003,2013-06-12,6.459,15.2,0.3,seasonal
MAC000003,2013-06-13,6.34,14.6,0.9,seasonal
MAC000003,2013-06-14,6.075,13.5,2.0,seasonal
MAC000003,2013-06-15,5.674,13.9,1.6,seasonal
MAC000003,2013-06-16,9.195,13.5,2.0,seasonal
MAC000003,2013-06-17,5.447,14.9,0.6,seasonal
MAC000003,2013-06-18,6.819,17.2,0.0,seasonal
MAC000003,2013-06-19,6.05,19.0,0.0,seasonal
MAC000003,2013-06-20,5.181,17.3,0.0,seasonal
MAC000003,2013-06-21,6.904,16.6,0.0,seasonal
MAC000003,2013-06-22,5.623,14.3,1.2,seasonal
MAC000003,2013-06-23,6.54,14.8,0.7,seasonal
MAC000003,2013-06-24,6.552,12.8,2.7,seasonal
MAC000003,2013-06-25,6.267,14.1,1.4,seasonal
MAC000003,2013-06-26,5.859,16.0,0.0,seasonal
MAC000003,2013-06-27,6.283,14.5,1.0,seasonal
MAC000003,2013-06-28,6.275,15.4,0.1,seasonal
MAC000003,2013-06-29,5.63,15.8,0.0,seasonal
MAC000003,2013-06-30,7.899,18.5,0.0,seasonal
MAC000003,2013-07-01,6.108,16.3,0.0,seasonal
MAC000003,2013-07-02,5.907,14.5,1.0,seasonal
MAC000003,2013-07-03,6.15,16.4,0.0,seasonal
MAC000003,2013-07-04,5.876,17.1,0.0,seasonal
MAC000003,2013-07-05,6.512,18.3,0.0,seasonal
MAC000003,2013-07-06,5.543,18.9,0.0,seasonal
MAC000003,2013-07-07,7.978,20.5,0.0,seasonal
MAC000003,2013-07-08,5.69,18.9,0.0,seasonal
MAC000003,2013-07-09,6.233,18.1,0.0,seasonal
MAC000003,2013-07-10,5.971,17.2,0.0,seasonal
MAC000003,2013-07-11,6.319,15.2,0.3,seasonal
MAC000003,2013-07-12,7.206,17.0,0.0,seasonal
MAC000003,2013-07-13,5.516,21.6,0.0,seasonal
MAC000003,2013-07-14,6.602,22.1,0.0,seasonal
MAC000003,2013-07-15,6.15,21.8,0.0,seasonal
MAC000003,2013-07-16,5.165,22.8,0.0,seasonal
MAC000003,2013-07-17,6.243,22.9,0.0,seasonal
MAC000003,2013-07-18,6.147,21.2,0.0,seasonal
MAC000003,2013-07-19,6.428,20.3,0.0,seasonal
MAC000003,2013-07-20,5.501,18.8,0.0,seasonal
MAC000003,2013-07-21,6.689,20.2,0.0,seasonal
MAC000003,2013-07-22,5.521,23.8,0.0,seasonal
MAC000003,2013-07-23,7.05,23.1,0.0,seasonal
MAC000003,2013-07-24,5.726,20.5,0.0,seasonal
MAC000003,2013-07-25,6.547,19.8,0.0,seasonal
MAC000003,2013-07-26,6.456,19.6,0.0,seasonal
MAC000003,2013-07-27,5.092,20.0,0.0,seasonal
MAC000003,2013-07-28,6.213,18.7,0.0,seasonal
MAC000003,2013-07-29,5.249,17.9,0.0,seasonal
MAC000003,2013-07-30,5.367,16.8,0.0,seasonal
MAC000003,2013-07-31,8.165,18.6,0.0,seasonal
MAC000003,2013-08-01,5.672,22.8,0.0,seasonal
MAC000003,2013-08-02,5.575,19.6,0.0,seasonal
MAC000003,2013-08-03,6.161,18.1,0.0,seasonal
MAC000003,2013-08-04,6.04,17.9,0.0,seasonal
MAC000003,2013-08-05,5.921,18.3,0.0,seasonal
MAC000003,2013-08-06,5.541,16.8,0.0,seasonal
MAC000003,2013-08-07,6.367,17.3,0.0,seasonal
MAC000003,2013-08-08,5.38,16.6,0.0,seasonal
MAC000003,2013-08-09,7.415,18.3,0.0,seasonal
MAC000003,2013-08-10,5.511,16.9,0.0,seasonal
MAC000003,2013-08-11,6.431,18.2,0.0,seasonal
MAC000003,2013-08-12,6.321,16.3,0.0,seasonal
MAC000003,2013-08-13,5.158,15.3,0.2,seasonal
MAC000003,2013-08-14,6.857,16.4,0.0,seasonal
MAC000003,2013-08-15,5.613,19.2,0.0,seasonal
MAC000003,2013-08-16,6.358,17.9,0.0,seasonal
MAC000003,2013-08-17,5.121,16.6,0.0,seasonal
MAC000003,2013-08-18,5.741,18.8,0.0,seasonal
MAC000003,2013-08-19,6.288,17.0,0.0,seasonal
MAC000003,2013-08-20,5.658,17.6,0.0,seasonal
MAC000003,2013-08-21,5.057,18.1,0.0,seasonal
MAC000003,2013-08-22,5.916,18.7,0.0,seasonal
MAC000003,2013-08-23,7.253,20.0,0.0,seasonal
MAC000003,2013-08-24,5.093,17.0,0.0,seasonal
MAC000003,2013-08-25,5.28,17.1,0.0,seasonal
MAC000003,2013-08-26,6.383,18.2,0.0,seasonal
MAC000003,2013-08-27,5.283,16.1,0.0,seasonal
MAC000003,2013-08-28,5.351,16.1,0.0,seasonal
MAC000003,2013-08-29,5.148,17.9,0.0,seasonal
MAC000003,2013-08-30,6.297,18.3,0.0,seasonal
MAC000003,2013-08-31,5.218,16.3,0.0,seasonal
MAC000003,2013-09-01,5.949,14.7,0.8,seasonal
MAC000003,2013-09-02,6.508,16.8,0.0,seasonal
MAC000003,2013-09-03,6.922,18.5,0.0,seasonal
MAC000003,2013-09-04,6.507,18.7,0.0,seasonal
MAC000003,2013-09-05,6.065,20.4,0.0,seasonal
MAC000003,2013-09-06,6.041,15.4,0.1,seasonal
MAC000003,2013-09-07,5.444,13.6,1.9,seasonal
MAC000003,2013-09-08,5.47,11.8,3.7,seasonal
MAC000003,2013-09-09,6.152,11.6,3.9,seasonal
MAC000003,2013-09-10,6.277,12.5,3.0,seasonal
MAC000003,2013-09-11,5.761,13.5,2.0,seasonal
MAC000003,2013-09-12,5.805,14.1,1.4,seasonal
MAC000003,2013-09-13,6.53,16.2,0.0,seasonal
MAC000003,2013-09-14,6.103,11.7,3.8,seasonal
MAC000003,2013-09-15,6.196,11.3,4.2,seasonal
MAC000003,2013-09-16,6.351,11.2,4.3,seasonal
MAC000003,2013-09-17,6.839,11.0,4.5,seasonal
MAC000003,2013-09-18,5.825,12.3,3.2,seasonal
MAC000003,2013-09-19,6.033,12.0,3.5,seasonal
MAC000003,2013-09-20,6.273,13.4,2.1,seasonal
MAC000003,2013-09-21,5.862,13.5,2.0,seasonal
MAC000003,2013-09-22,6.244,16.8,0.0,seasonal
MAC000003,2013-09-23,5.185,16.6,0.0,seasonal
MAC000003,2013-09-24,5.566,15.1,0.4,seasonal
MAC000003,2013-09-25,6.003,15.7,0.0,seasonal
MAC000003,2013-09-26,5.666,14.5,1.0,seasonal
MAC000003,2013-09-27,6.713,12.6,2.9,seasonal
MAC000003,2013-09-28,5.457,14.3,1.2,seasonal
MAC000003,2013-09-29,7.874,14.3,1.2,seasonal
MAC000003,2013-09-30,5.763,14.9,0.6,seasonal
MAC000003,2013-10-01,5.519,14.3,1.2,seasonal
MAC000003,2013-10-02,6.659,15.4,0.1,seasonal
MAC000003,2013-10-03,5.7,16.1,0.0,seasonal
MAC000003,2013-10-04,6.325,17.3,0.0,seasonal
MAC000003,2013-10-05,5.796,15.3,0.2,seasonal
MAC000003,2013-10-06,7.198,13.8,1.7,seasonal
MAC000003,2013-10-07,7.42,13.3,2.2,seasonal
MAC000003,2013-10-08,6.248,15.6,0.0,seasonal
MAC000003,2013-10-09,5.448,13.6,1.9,seasonal
MAC000003,2013-10-10,5.586,9.3,6.2,seasonal
MAC000003,2013-10-11,6.693,11.1,4.4,seasonal
MAC000003,2013-10-12,5.63,11.4,4.1,seasonal
MAC000003,2013-10-13,5.845,9.6,5.9,seasonal
MAC000003,2013-10-14,6.632,9.1,6.4,seasonal
MAC000003,2013-10-15,7.562,9.5,6.0,seasonal
MAC000003,2013-10-16,5.193,9.7,5.8,seasonal
MAC000003,2013-10-17,7.588,13.2,2.3,seasonal
MAC000003,2013-10-18,6.752,12.6,2.9,seasonal
MAC000003,2013-10-19,5.693,13.9,1.6,seasonal
MAC000003,2013-10-20,5.699,13.4,2.1,seasonal
MAC000003,2013-10-21,6.012,14.8,0.7,seasonal
MAC000003,2013-10-22,6.285,16.0,0.0,seasonal
MAC000003,2013-10-23,5.355,13.9,1.6,seasonal
MAC000003,2013-10-24,6.61,11.1,4.4,seasonal
MAC000003,2013-10-25,5.835,15.3,0.2,seasonal
MAC000003,2013-10-26,6.169,15.0,0.5,seasonal
MAC000003,2013-10-27,6.867,13.5,2.0,seasonal
MAC000003,2013-10-28,5.354,12.7,2.8,seasonal
MAC000003,2013-10-29,5.642,9.1,6.4,seasonal
MAC000003,2013-10-30,5.635,9.0,6.5,seasonal
MAC000003,2013-10-31,5.942,12.5,3.0,seasonal
MAC000003,2013-11-01,6.689,12.0,3.5,seasonal
MAC000003,2013-11-02,5.388,11.5,4.0,seasonal
MAC000003,2013-11-03,6.392,8.7,6.8,seasonal
MAC000003,2013-11-04,6.362,7.4,8.1,seasonal
MAC000003,2013-11-05,5.457,7.6,7.9,seasonal
MAC000003,2013-11-06,6.368,10.4,5.1,seasonal
MAC000003,2013-11-07,6.087,10.4,5.1,seasonal
MAC000003,2013-11-08,6.622,7.5,8.0,seasonal
MAC000003,2013-11-09,6.417,5.4,10.1,seasonal
MAC000003,2013-11-10,6.011,5.2,10.3,seasonal
MAC000003,2013-11-11,6.834,8.5,7.0,seasonal
MAC000003,2013-11-12,6.353,10.0,5.5,seasonal
MAC000003,2013-11-13,6.429,5.1,10.4,seasonal
MAC000003,2013-11-14,6.541,7.2,8.3,seasonal
MAC000003,2013-11-15,6.621,4.8,10.7,seasonal
MAC000003,2013-11-16,6.683,4.0,11.5,seasonal
MAC000003,2013-11-17,26.12,6.0,9.5,seasonal
MAC000003,2013-11-18,26.231,7.8,7.7,seasonal
MAC000003,2013-11-19,26.031,2.9,12.6,seasonal
MAC000003,2013-11-20,25.785,2.3,13.2,seasonal
MAC000003,2013-11-21,25.557,4.5,11.0,seasonal
MAC000003,2013-11-22,26.36,4.8,10.7,seasonal
MAC000003,2013-11-23,25.777,4.6,10.9,seasonal
MAC000003,2013-11-24,25.516,4.6,10.9,seasonal
MAC000003,2013-11-25,25.762,4.0,11.5,seasonal
MAC000003,2013-11-26,5.931,2.5,13.0,seasonal
MAC000003,2013-11-27,8.598,6.4,9.1,seasonal
MAC000003,2013-11-28,6.053,7.2,8.3,seasonal
MAC000003,2013-11-29,6.611,7.3,8.2,seasonal
MAC000003,2013-11-30,5.79,5.3,10.2,seasonal
MAC000003,2013-12-01,6.527,3.7,11.8,seasonal
MAC000003,2013-12-02,6.474,5.5,10.0,seasonal
MAC000003,2013-12-03,6.115,3.2,12.3,seasonal
MAC000003,2013-12-04,5.909,4.4,11.1,seasonal
MAC000003,2013-12-05,6.372,4.4,11.1,seasonal
MAC000003,2013-12-06,6.809,4.3,11.2,seasonal
MAC000003,2013-12-07,6.098,5.9,9.6,seasonal
MAC000003,2013-12-08,6.748,7.3,8.2,seasonal
MAC000003,2013-12-09,6.183,6.7,8.8,seasonal
MAC000003,2013-12-10,5.87,3.9,11.6,seasonal
MAC000003,2013-12-11,6.057,2.8,12.7,seasonal
MAC000003,2013-12-12,6.887,5.2,10.3,seasonal
MAC000003,2013-12-13,6.769,8.7,6.8,seasonal
MAC000003,2013-12-14,25.894,7.3,8.2,seasonal
MAC000003,2013-12-15,25.609,10.7,4.8,seasonal
MAC000003,2013-12-16,6.524,11.4,4.1,seasonal
MAC000003,2013-12-17,6.203,6.3,9.2,seasonal
MAC000003,2013-12-18,5.635,8.1,7.4,seasonal
MAC000003,2013-12-19,26.011,6.1,9.4,seasonal
MAC000003,2013-12-20,7.795,5.4,10.1,seasonal
MAC000003,2013-12-21,6.492,10.2,5.3,seasonal
MAC000003,2013-12-22,5.932,7.1,8.4,seasonal
MAC000003,2013-12-23,26.617,8.1,7.4,seasonal
MAC000003,2013-12-24,25.964,8.5,7.0,seasonal
MAC000003,2013-12-25,27.274,4.7,10.8,seasonal
MAC000003,2013-12-26,26.136,4.1,11.4,seasonal
MAC000003,2013-12-27,6.995,9.0,6.5,seasonal
MAC000003,2013-12-28,5.501,4.8,10.7,seasonal
MAC000003,2013-12-29,6.176,2.3,13.2,seasonal
MAC000003,2013-12-30,6.256,7.8,7.7,seasonal
MAC000032,2013-01-01,16.393,5.8,9.7,seasonal
MAC000032,2013-01-02,12.841,6.2,9.3,seasonal
MAC000032,2013-01-03,10.536,10.2,5.3,seasonal
MAC000032,2013-01-04,14.791,8.8,6.7,seasonal
MAC000032,2013-01-05,11.296,8.6,6.9,seasonal
MAC000032,2013-01-06,14.325,7.0,8.5,seasonal
MAC000032,2013-01-07,12.957,7.6,7.9,seasonal
MAC000032,2013-01-08,10.011,8.9,6.6,seasonal
MAC000032,2013-01-09,18.595,6.8,8.7,seasonal
MAC000032,2013-01-10,24.561,1.8,13.7,seasonal
MAC000032,2013-01-11,24.522,2.7,12.8,seasonal
MAC000032,2013-01-12,21.435,2.7,12.8,seasonal
MAC000032,2013-01-13,24.631,1.1,14.4,seasonal
MAC000032,2013-01-14,24.418,0.2,15.3,seasonal
MAC000032,2013-01-15,26.209,0.6,14.9,seasonal
MAC000032,2013-01-16,24.98,-2.2,17.7,seasonal
MAC000032,2013-01-17,24.188,-2.2,17.7,seasonal
MAC000032,2013-01-18,25.452,-1.4,16.9,seasonal
MAC000032,2013-01-19,24.342,-0.2,15.7,seasonal
MAC000032,2013-01-20,24.525,-1.2,16.7,seasonal
MAC000032,2013-01-21,15.882,-1.5,17.0,seasonal
MAC000032,2013-01-22,26.768,-1.5,17.0,seasonal
MAC000032,2013-01-23,24.149,0.9,14.6,seasonal
MAC000032,2013-01-24,24.997,-0.3,15.8,seasonal
MAC000032,2013-01-25,15.805,-1.5,17.0,seasonal
MAC000032,2013-01-26,15.388,3.3,12.2,seasonal
MAC000032,2013-01-27,16.249,7.6,7.9,seasonal
MAC000032,2013-01-28,13.885,5.8,9.7,seasonal
MAC000032,2013-01-29,10.738,10.9,4.6,seasonal
MAC000032,2013-01-30,15.411,10.1,5.4,seasonal
MAC000032,2013-01-31,12.511,8.2,7.3,seasonal
MAC000032,2013-02-01,15.828,5.4,10.1,seasonal
MAC000032,2013-02-02,16.35,2.7,12.8,seasonal
MAC000032,2013-02-03,16.18,3.6,11.9,seasonal
MAC000032,2013-02-04,24.357,7.9,7.6,seasonal
MAC000032,2013-02-05,21.078,3.6,11.9,seasonal
MAC000032,2013-02-06,23.36,3.5,12.0,seasonal
MAC000032,2013-02-07,23.126,1.9,13.6,seasonal
MAC000032,2013-02-08,22.131,1.2,14.3,seasonal
MAC000032,2013-02-09,21.528,1.6,13.9,seasonal
MAC000032,2013-02-10,24.776,2.6,12.9,seasonal
MAC000032,2013-02-11,25.633,1.1,14.4,seasonal
MAC000032,2013-02-12,24.008,1.1,14.4,seasonal
MAC000032,2013-02-13,20.638,0.5,15.0,seasonal
MAC000032,2013-02-14,14.122,6.5,9.0,seasonal
MAC000032,2013-02-15,13.456,4.4,11.1,seasonal
MAC000032,2013-02-16,15.746,5.0,10.5,seasonal
MAC000032,2013-02-17,17.619,3.5,12.0,seasonal
MAC000032,2013-02-18,15.393,3.3,12.2,seasonal
MAC000032,2013-02-19,24.496,0.8,14.7,seasonal
MAC000032,2013-02-20,24.57,2.0,13.5,seasonal
MAC000032,2013-02-21,25.826,0.7,14.8,seasonal
MAC000032,2013-02-22,25.396,0.3,15.2,seasonal
MAC000032,2013-02-23,24.13,0.3,15.2,seasonal
MAC000032,2013-02-24,24.913,0.4,15.1,seasonal
MAC000032,2013-02-25,24.717,2.5,13.0,seasonal
MAC000032,2013-02-26,22.562,3.5,12.0,seasonal
MAC000032,2013-02-27,24.97,3.0,12.5,seasonal
MAC000032,2013-02-28,23.047,3.5,12.0,seasonal
MAC000032,2013-03-01,22.342,3.9,11.6,seasonal
MAC000032,2013-03-02,23.808,2.3,13.2,seasonal
MAC000032,2013-03-03,16.046,2.6,12.9,seasonal
MAC000032,2013-03-04,17.185,3.6,11.9,seasonal
MAC000032,2013-03-05,10.359,5.8,9.7,seasonal
MAC000032,2013-03-06,12.28,7.4,8.1,seasonal
MAC000032,2013-03-07,13.401,8.0,7.5,seasonal
MAC000032,2013-03-08,11.554,8.5,7.0,seasonal
MAC000032,2013-03-09,24.539,6.0,9.5,seasonal
MAC000032,2013-03-10,24.171,2.1,13.4,seasonal
MAC000032,2013-03-11,27.243,-0.2,15.7,seasonal
MAC000032,2013-03-12,23.852,0.1,15.4,seasonal
MAC000032,2013-03-13,25.255,1.9,13.6,seasonal
MAC000032,2013-03-14,14.548,1.0,14.5,seasonal
MAC000032,2013-03-15,13.752,4.3,11.2,seasonal
MAC000032,2013-03-16,15.765,6.1,9.4,seasonal
MAC000032,2013-03-17,15.64,4.7,10.8,seasonal
MAC000032,2013-03-18,14.861,3.2,12.3,seasonal
MAC000032,2013-03-19,17.469,3.3,12.2,seasonal
MAC000032,2013-03-20,25.757,3.2,12.3,seasonal
MAC000032,2013-03-21,24.836,3.1,12.4,seasonal
MAC000032,2013-03-22,24.884,3.2,12.3,seasonal
MAC000032,2013-03-23,24.066,1.6,13.9,seasonal
MAC000032,2013-03-24,26.781,0.1,15.4,seasonal
MAC000032,2013-03-25,24.59,0.4,15.1,seasonal
MAC000032,2013-03-26,25.051,0.3,15.2,seasonal
MAC000032,2013-03-27,25.623,0.8,14.7,seasonal
MAC000032,2013-03-28,24.408,1.0,14.5,seasonal
MAC000032,2013-03-29,23.422,0.2,15.3,seasonal
MAC000032,2013-03-30,23.999,1.2,14.3,seasonal
MAC000032,2013-03-31,21.719,0.5,15.0,seasonal
MAC000032,2013-04-01,24.143,1.8,13.7,seasonal
MAC000032,2013-04-02,23.289,2.6,12.9,seasonal
MAC000032,2013-04-03,24.621,1.7,13.8,seasonal
MAC000032,2013-04-04,24.404,1.9,13.6,seasonal
MAC000032,2013-04-05,22.857,3.3,12.2,seasonal
MAC000032,2013-04-06,20.014,3.5,12.0,seasonal
MAC000032,2013-04-07,18.76,3.2,12.3,seasonal
MAC000032,2013-04-08,19.046,4.9,10.6,seasonal
MAC000032,2013-04-09,14.789,4.8,10.7,seasonal
MAC000032,2013-04-10,11.92,6.1,9.4,seasonal
MAC000032,2013-04-11,16.51,7.1,8.4,seasonal
MAC000032,2013-04-12,12.009,8.4,7.1,seasonal
MAC000032,2013-04-13,8.068,8.2,7.3,seasonal
MAC000032,2013-04-14,7.116,13.4,2.1,seasonal
MAC000032,2013-04-15,8.959,11.5,4.0,seasonal
MAC000032,2013-04-16,7.394,11.3,4.2,seasonal
MAC000032,2013-04-17,12.313,11.8,3.7,seasonal
MAC000032,2013-04-18,11.961,10.1,5.4,seasonal
MAC000032,2013-04-19,13.893,8.4,7.1,seasonal
MAC000032,2013-04-20,10.934,5.9,9.6,seasonal
MAC000032,2013-04-21,4.321,7.0,8.5,seasonal
MAC000032,2013-04-22,3.208,9.3,6.2,seasonal
MAC000032,2013-04-23,3.235,13.1,2.4,seasonal
MAC000032,2013-04-24,3.31,12.5,3.0,seasonal
MAC000032,2013-04-25,9.968,14.2,1.3,seasonal
MAC000032,2013-04-26,2.712,8.9,6.6,seasonal
MAC000032,2013-04-27,2.605,6.0,9.5,seasonal
MAC000032,2013-04-28,4.179,6.2,9.3,seasonal
MAC000032,2013-04-29,3.342,9.2,6.3,seasonal
MAC000032,2013-04-30,3.031,7.9,7.6,seasonal
MAC000032,2013-05-01,5.311,8.4,7.1,seasonal
MAC000032,2013-05-02,3.554,9.1,6.4,seasonal
MAC000032,2013-05-03,2.687,11.1,4.4,seasonal
MAC000032,2013-05-04,2.414,10.9,4.6,seasonal
MAC000032,2013-05-05,3.094,11.4,4.1,seasonal
MAC000032,2013-05-06,4.603,13.2,2.3,seasonal
MAC000032,2013-05-07,2.606,13.8,1.7,seasonal
MAC000032,2013-05-08,3.462,12.9,2.6,seasonal
MAC000032,2013-05-09,2.444,10.5,5.0,seasonal
MAC000032,2013-05-10,2.698,12.4,3.1,seasonal
MAC000032,2013-05-11,3.201,10.4,5.1,seasonal
MAC000032,2013-05-12,3.867,9.6,5.9,seasonal
MAC000032,2013-05-13,3.357,11.0,4.5,seasonal
MAC000032,2013-05-14,2.525,8.6,6.9,seasonal
MAC000032,2013-05-15,3.202,9.1,6.4,seasonal
MAC000032,2013-05-16,3.858,9.5,6.0,seasonal
MAC000032,2013-05-17,13.526,9.1,6.4,seasonal
MAC000032,2013-05-18,3.191,10.9,4.6,seasonal
MAC000032,2013-05-19,2.866,12.7,2.8,seasonal
MAC000032,2013-05-20,2.562,13.4,2.1,seasonal
MAC000032,2013-05-21,3.004,12.9,2.6,seasonal
MAC000032,2013-05-22,7.69,11.4,4.1,seasonal
MAC000032,2013-05-23,9.42,8.1,7.4,seasonal
MAC000032,2013-05-24,10.126,7.1,8.4,seasonal
MAC000032,2013-05-25,2.81,9.5,6.0,seasonal
MAC000032,2013-05-26,3.454,11.5,4.0,seasonal
MAC000032,2013-05-27,3.241,11.0,4.5,seasonal
MAC000032,2013-05-28,3.169,10.8,4.7,seasonal
MAC000032,2013-05-29,2.758,10.7,4.8,seasonal
MAC000032,2013-05-30,3.532,12.4,3.1,seasonal
MAC000032,2013-05-31,2.861,14.5,1.0,seasonal
MAC000032,2013-06-01,2.685,12.9,2.6,seasonal
MAC000032,2013-06-02,4.288,12.8,2.7,seasonal
MAC000032,2013-06-03,2.74,11.9,3.6,seasonal
MAC000032,2013-06-04,3.026,12.1,3.4,seasonal
MAC000032,2013-06-05,2.552,12.6,2.9,seasonal
MAC000032,2013-06-06,3.423,13.3,2.2,seasonal
MAC000032,2013-06-07,3.089,14.1,1.4,seasonal
MAC000032,2013-06-08,2.662,12.4,3.1,seasonal
MAC000032,2013-06-09,3.72,12.5,3.0,seasonal
MAC000032,2013-06-10,3.024,12.4,3.1,seasonal
MAC000032,2013-06-11,3.058,13.3,2.2,seasonal
MAC000032,2013-06-12,4.426,15.2,0.3,seasonal
MAC000032,2013-06-13,3.262,14.6,0.9,seasonal
MAC000032,2013-06-14,2.924,13.5,2.0,seasonal
MAC000032,2013-06-15,4.118,13.9,1.6,seasonal
MAC000032,2013-06-16,2.814,13.5,2.0,seasonal
MAC000032,2013-06-17,0.286,14.9,0.6,seasonal
MAC000032,2013-06-18,0.306,17.2,0.0,seasonal
MAC000032,2013-06-19,0.309,19.0,0.0,seasonal
MAC000032,2013-06-20,0.295,17.3,0.0,seasonal
MAC000032,2013-06-21,0.335,16.6,0.0,seasonal
MAC000032,2013-06-22,0.298,14.3,1.2,seasonal
MAC000032,2013-06-23,0.296,14.8,0.7,seasonal
MAC000032,2013-06-24,5.314,12.8,2.7,seasonal
MAC000032,2013-06-25,3.202,14.1,1.4,seasonal
MAC000032,2013-06-26,2.756,16.0,0.0,seasonal
MAC000032,2013-06-27,3.915,14.5,1.0,seasonal
MAC000032,2013-06-28,2.818,15.4,0.1,seasonal
MAC000032,2013-06-29,3.304,15.8,0.0,seasonal
MAC000032,2013-06-30,2.467,18.5,0.0,seasonal
MAC000032,2013-07-01,3.436,16.3,0.0,seasonal
MAC000032,2013-07-02,2.939,14.5,1.0,seasonal
MAC000032,2013-07-03,2.689,16.4,0.0,seasonal
MAC000032,2013-07-04,3.428,17.1,0.0,seasonal
MAC000032,2013-07-05,3.082,18.3,0.0,seasonal
MAC000032,2013-07-06,2.631,18.9,0.0,seasonal
MAC000032,2013-07-07,2.394,20.5,0.0,seasonal
MAC000032,2013-07-08,3.013,18.9,0.0,seasonal
MAC000032,2013-07-09,3.317,18.1,0.0,seasonal
MAC000032,2013-07-10,2.203,17.2,0.0,seasonal
MAC000032,2013-07-11,2.677,15.2,0.3,seasonal
MAC000032,2013-07-12,2.556,17.0,0.0,seasonal
MAC000032,2013-07-13,2.357,21.6,0.0,seasonal
MAC000032,2013-07-14,2.319,22.1,0.0,seasonal
MAC000032,2013-07-15,2.432,21.8,0.0,seasonal
MAC000032,2013-07-16,2.709,22.8,0.0,seasonal
MAC000032,2013-07-17,2.129,22.9,0.0,seasonal
MAC000032,2013-07-18,2.737,21.2,0.0,seasonal
MAC000032,2013-07-19,2.212,20.3,0.0,seasonal
MAC000032,2013-07-20,2.176,18.8,0.0,seasonal
MAC000032,2013-07-21,3.135,20.2,0.0,seasonal
MAC000032,2013-07-22,2.431,23.8,0.0,seasonal
MAC000032,2013-07-23,2.235,23.1,0.0,seasonal
MAC000032,2013-07-24,2.085,20.5,0.0,seasonal
MAC000032,2013-07-25,0.402,19.8,0.0,seasonal
MAC000032,2013-07-26,0.407,19.6,0.0,seasonal
MAC000032,2013-07-27,0.408,20.0,0.0,seasonal
MAC000032,2013-07-28,0.392,18.7,0.0,seasonal
MAC000032,2013-07-29,5.561,17.9,0.0,seasonal
MAC000032,2013-07-30,4.496,16.8,0.0,seasonal
MAC000032,2013-07-31,2.407,18.6,0.0,seasonal
MAC000032,2013-08-01,2.327,22.8,0.0,seasonal
MAC000032,2013-08-02,3.052,19.6,0.0,seasonal
MAC000032,2013-08-03,2.029,18.1,0.0,seasonal
MAC000032,2013-08-04,2.662,17.9,0.0,seasonal
MAC000032,2013-08-05,2.841,18.3,0.0,seasonal
MAC000032,2013-08-06,2.558,16.8,0.0,seasonal
MAC000032,2013-08-07,3.455,17.3,0.0,seasonal
MAC000032,2013-08-08,2.181,16.6,0.0,seasonal
MAC000032,2013-08-09,2.301,18.3,0.0,seasonal
MAC000032,2013-08-10,1.987,16.9,0.0,seasonal
MAC000032,2013-08-11,2.658,18.2,0.0,seasonal
MAC000032,2013-08-12,2.239,16.3,0.0,seasonal
MAC000032,2013-08-13,2.921,15.3,0.2,seasonal
MAC000032,2013-08-14,3.294,16.4,0.0,seasonal
MAC000032,2013-08-15,2.575,19.2,0.0,seasonal
MAC000032,2013-08-16,2.572,17.9,0.0,seasonal
MAC000032,2013-08-17,2.579,16.6,0.0,seasonal
MAC000032,2013-08-18,2.914,18.8,0.0,seasonal
MAC000032,2013-08-19,3.166,17.0,0.0,seasonal
MAC000032,2013-08-20,2.606,17.6,0.0,seasonal
MAC000032,2013-08-21,3.069,18.1,0.0,seasonal
MAC000032,2013-08-22,2.79,18.7,0.0,seasonal
MAC000032,2013-08-23,0.411,20.0,0.0,seasonal
MAC000032,2013-08-24,0.371,17.0,0.0,seasonal
MAC000032,2013-08-25,0.331,17.1,0.0,seasonal
MAC000032,2013-08-26,0.346,18.2,0.0,seasonal
MAC000032,2013-08-27,0.329,16.1,0.0,seasonal
MAC000032,2013-08-28,5.335,16.1,0.0,seasonal
MAC000032,2013-08-29,2.638,17.9,0.0,seasonal
MAC000032,2013-08-30,2.995,18.3,0.0,seasonal
MAC000032,2013-08-31,3.03,16.3,0.0,seasonal
MAC000032,2013-09-01,2.126,14.7,0.8,seasonal
MAC000032,2013-09-02,3.053,16.8,0.0,seasonal
MAC000032,2013-09-03,2.474,18.5,0.0,seasonal
MAC000032,2013-09-04,2.397,18.7,0.0,seasonal
MAC000032,2013-09-05,2.288,20.4,0.0,seasonal
MAC000032,2013-09-06,3.602,15.4,0.1,seasonal
MAC000032,2013-09-07,2.097,13.6,1.9,seasonal
MAC000032,2013-09-08,2.887,11.8,3.7,seasonal
MAC000032,2013-09-09,2.801,11.6,3.9,seasonal
MAC000032,2013-09-10,3.09,12.5,3.0,seasonal
MAC000032,2013-09-11,2.758,13.5,2.0,seasonal
MAC000032,2013-09-12,2.65,14.1,1.4,seasonal
MAC000032,2013-09-13,2.819,16.2,0.0,seasonal
MAC000032,2013-09-14,3.118,11.7,3.8,seasonal
MAC000032,2013-09-15,2.611,11.3,4.2,seasonal
MAC000032,2013-09-16,4.425,11.2,4.3,seasonal
MAC000032,2013-09-17,3.429,11.0,4.5,seasonal
MAC000032,2013-09-18,3.32,12.3,3.2,seasonal
MAC000032,2013-09-19,2.881,12.0,3.5,seasonal
MAC000032,2013-09-20,2.869,13.4,2.1,seasonal
MAC000032,2013-09-21,2.887,13.5,2.0,seasonal
MAC000032,2013-09-22,2.65,16.8,0.0,seasonal
MAC000032,2013-09-23,2.834,16.6,0.0,seasonal
MAC000032,2013-09-24,2.976,15.1,0.4,seasonal
MAC000032,2013-09-25,3.547,15.7,0.0,seasonal
MAC000032,2013-09-26,2.691,14.5,1.0,seasonal
MAC000032,2013-09-27,2.941,12.6,2.9,seasonal
MAC000032,2013-09-28,2.711,14.3,1.2,seasonal
MAC000032,2013-09-29,3.264,14.3,1.2,seasonal
MAC000032,2013-09-30,2.76,14.9,0.6,seasonal
MAC000032,2013-10-01,3.354,14.3,1.2,seasonal
MAC000032,2013-10-02,3.839,15.4,0.1,seasonal
MAC000032,2013-10-03,2.859,16.1,0.0,seasonal
MAC000032,2013-10-04,2.913,17.3,0.0,seasonal
MAC000032,2013-10-05,2.671,15.3,0.2,seasonal
MAC000032,2013-10-06,4.194,13.8,1.7,seasonal
MAC000032,2013-10-07,3.276,13.3,2.2,seasonal
MAC000032,2013-10-08,2.68,15.6,0.0,seasonal
MAC000032,2013-10-09,14.33,13.6,1.9,seasonal
MAC000032,2013-10-10,10.08,9.3,6.2,seasonal
MAC000032,2013-10-11,8.175,11.1,4.4,seasonal
MAC000032,2013-10-12,9.442,11.4,4.1,seasonal
MAC000032,2013-10-13,11.535,9.6,5.9,seasonal
MAC000032,2013-10-14,11.342,9.1,6.4,seasonal
MAC000032,2013-10-15,10.591,9.5,6.0,seasonal
MAC000032,2013-10-16,10.217,9.7,5.8,seasonal
MAC000032,2013-10-17,7.106,13.2,2.3,seasonal
MAC000032,2013-10-18,5.89,12.6,2.9,seasonal
MAC000032,2013-10-19,8.988,13.9,1.6,seasonal
MAC000032,2013-10-20,5.98,13.4,2.1,seasonal
MAC000032,2013-10-21,4.974,14.8,0.7,seasonal
MAC000032,2013-10-22,6.428,16.0,0.0,seasonal
MAC000032,2013-10-23,9.447,13.9,1.6,seasonal
MAC000032,2013-10-24,5.282,11.1,4.4,seasonal
MAC000032,2013-10-25,5.546,15.3,0.2,seasonal
MAC000032,2013-10-26,6.082,15.0,0.5,seasonal
MAC000032,2013-10-27,5.352,13.5,2.0,seasonal
MAC000032,2013-10-28,14.033,12.7,2.8,seasonal
MAC000032,2013-10-29,10.68,9.1,6.4,seasonal
MAC000032,2013-10-30,7.007,9.0,6.5,seasonal
MAC000032,2013-10-31,9.126,12.5,3.0,seasonal
MAC000032,2013-11-01,10.383,12.0,3.5,seasonal
MAC000032,2013-11-02,12.581,11.5,4.0,seasonal
MAC000032,2013-11-03,11.124,8.7,6.8,seasonal
MAC000032,2013-11-04,14.332,7.4,8.1,seasonal
MAC000032,2013-11-05,10.616,7.6,7.9,seasonal
MAC000032,2013-11-06,7.569,10.4,5.1,seasonal
MAC000032,2013-11-07,12.66,10.4,5.1,seasonal
MAC000032,2013-11-08,13.913,7.5,8.0,seasonal
MAC000032,2013-11-09,13.572,5.4,10.1,seasonal
MAC000032,2013-11-10,15.663,5.2,10.3,seasonal
MAC000032,2013-11-11,6.455,8.5,7.0,seasonal
MAC000032,2013-11-12,16.725,10.0,5.5,seasonal
MAC000032,2013-11-13,12.156,5.1,10.4,seasonal
MAC000032,2013-11-14,16.387,7.2,8.3,seasonal
MAC000032,2013-11-15,15.014,4.8,10.7,seasonal
MAC000032,2013-11-16,12.864,4.0,11.5,seasonal
MAC000032,2013-11-17,12.575,6.0,9.5,seasonal
MAC000032,2013-11-18,12.736,7.8,7.7,seasonal
MAC000032,2013-11-19,14.027,2.9,12.6,seasonal
MAC000032,2013-11-20,13.482,2.3,13.2,seasonal
MAC000032,2013-11-21,26.894,4.5,11.0,seasonal
MAC000032,2013-11-22,21.341,4.8,10.7,seasonal
MAC000032,2013-11-23,14.766,4.6,10.9,seasonal
MAC000032,2013-11-24,16.042,4.6,10.9,seasonal
MAC000032,2013-11-25,15.412,4.0,11.5,seasonal
MAC000032,2013-11-26,14.357,2.5,13.0,seasonal
MAC000032,2013-11-27,11.651,6.4,9.1,seasonal
MAC000032,2013-11-28,12.405,7.2,8.3,seasonal
MAC000032,2013-11-29,15.39,7.3,8.2,seasonal
MAC000032,2013-11-30,15.364,5.3,10.2,seasonal
MAC000032,2013-12-01,12.885,3.7,11.8,seasonal
MAC000032,2013-12-02,14.549,5.5,10.0,seasonal
MAC000032,2013-12-03,15.885,3.2,12.3,seasonal
MAC000032,2013-12-04,16.047,4.4,11.1,seasonal
MAC000032,2013-12-05,16.139,4.4,11.1,seasonal
MAC000032,2013-12-06,16.984,4.3,11.2,seasonal
MAC000032,2013-12-07,13.439,5.9,9.6,seasonal
MAC000032,2013-12-08,16.156,7.3,8.2,seasonal
MAC000032,2013-12-09,15.212,6.7,8.8,seasonal
MAC000032,2013-12-10,15.478,3.9,11.6,seasonal
MAC000032,2013-12-11,15.873,2.8,12.7,seasonal
MAC000032,2013-12-12,15.756,5.2,10.3,seasonal
MAC000032,2013-12-13,11.113,8.7,6.8,seasonal
MAC000032,2013-12-14,13.372,7.3,8.2,seasonal
MAC000032,2013-12-15,8.808,10.7,4.8,seasonal
MAC000032,2013-12-16,15.473,11.4,4.1,seasonal
MAC000032,2013-12-17,16.189,6.3,9.2,seasonal
MAC000032,2013-12-18,10.432,8.1,7.4,seasonal
MAC000032,2013-12-19,16.319,6.1,9.4,seasonal
MAC000032,2013-12-20,14.057,5.4,10.1,seasonal
MAC000032,2013-12-21,10.983,10.2,5.3,seasonal
MAC000032,2013-12-22,18.945,7.1,8.4,seasonal
MAC000032,2013-12-23,8.415,8.1,7.4,seasonal
MAC000032,2013-12-24,16.808,8.5,7.0,seasonal
MAC000032,2013-12-25,15.298,4.7,10.8,seasonal
MAC000032,2013-12-26,15.106,4.1,11.4,seasonal
MAC000032,2013-12-27,15.35,9.0,6.5,seasonal
MAC000032,2013-12-28,15.653,4.8,10.7,seasonal
MAC000032,2013-12-29,15.491,2.3,13.2,seasonal
MAC000032,2013-12-30,15.755,7.8,7.7,seasonal
MAC000034,2013-01-01,27.428,5.8,9.7,seasonal
MAC000034,2013-01-02,26.588,6.2,9.3,seasonal
MAC000034,2013-01-03,26.883,10.2,5.3,seasonal
MAC000034,2013-01-04,27.297,8.8,6.7,seasonal
MAC000034,2013-01-05,26.624,8.6,6.9,seasonal
MAC000034,2013-01-06,26.327,7.0,8.5,seasonal
MAC000034,2013-01-07,27.148,7.6,7.9,seasonal
MAC000034,2013-01-08,26.201,8.9,6.6,seasonal
MAC000034,2013-01-09,27.696,6.8,8.7,seasonal
MAC000034,2013-01-10,28.029,1.8,13.7,seasonal
MAC000034,2013-01-11,28.129,2.7,12.8,seasonal
MAC000034,2013-01-12,40.14,2.7,12.8,seasonal
MAC000034,2013-01-13,40.594,1.1,14.4,seasonal
MAC000034,2013-01-14,39.629,0.2,15.3,seasonal
MAC000034,2013-01-15,41.398,0.6,14.9,seasonal
MAC000034,2013-01-16,40.527999,-2.2,17.7,seasonal
MAC000034,2013-01-17,41.167,-2.2,17.7,seasonal
MAC000034,2013-01-18,39.895,-1.4,16.9,seasonal
MAC000034,2013-01-19,43.428,-0.2,15.7,seasonal
MAC000034,2013-01-20,38.286999,-1.2,16.7,seasonal
MAC000034,2013-01-21,40.005,-1.5,17.0,seasonal
MAC000034,2013-01-22,40.528,-1.5,17.0,seasonal
MAC000034,2013-01-23,39.842999,0.9,14.6,seasonal
MAC000034,2013-01-24,59.098,-0.3,15.8,seasonal
MAC000034,2013-01-25,51.589,-1.5,17.0,seasonal
MAC000034,2013-01-26,48.054,3.3,12.2,seasonal
MAC000034,2013-01-27,49.564,7.6,7.9,seasonal
MAC000034,2013-01-28,52.628,5.8,9.7,seasonal
MAC000034,2013-01-29,41.868,10.9,4.6,seasonal
MAC000034,2013-01-30,45.246001,10.1,5.4,seasonal
MAC000034,2013-01-31,45.229,8.2,7.3,seasonal
MAC000034,2013-02-01,45.383,5.4,10.1,seasonal
MAC000034,2013-02-02,47.511,2.7,12.8,seasonal
MAC000034,2013-02-03,45.286,3.6,11.9,seasonal
MAC000034,2013-02-04,45.377,7.9,7.6,seasonal
MAC000034,2013-02-05,47.988,3.6,11.9,seasonal
MAC000034,2013-02-06,49.481,3.5,12.0,seasonal
MAC000034,2013-02-07,46.361,1.9,13.6,seasonal
MAC000034,2013-02-08,47.566,1.2,14.3,seasonal
MAC000034,2013-02-09,46.894,1.6,13.9,seasonal
MAC000034,2013-02-10,51.290999,2.6,12.9,seasonal
MAC000034,2013-02-11,47.679,1.1,14.4,seasonal
MAC000034,2013-02-12,50.961,1.1,14.4,seasonal
MAC000034,2013-02-13,47.543,0.5,15.0,seasonal
MAC000034,2013-02-14,48.310001,6.5,9.0,seasonal
MAC000034,2013-02-15,46.35,4.4,11.1,seasonal
MAC000034,2013-02-16,46.518,5.0,10.5,seasonal
MAC000034,2013-02-17,45.945,3.5,12.0,seasonal
MAC000034,2013-02-18,46.558,3.3,12.2,seasonal
MAC000034,2013-02-19,47.123,0.8,14.7,seasonal
MAC000034,2013-02-20,49.115,2.0,13.5,seasonal
MAC000034,2013-02-21,48.151,0.7,14.8,seasonal
MAC000034,2013-02-22,48.515,0.3,15.2,seasonal
MAC000034,2013-02-23,54.695,0.3,15.2,seasonal
MAC000034,2013-02-24,47.706,0.4,15.1,seasonal
MAC000034,2013-02-25,48.173,2.5,13.0,seasonal
MAC000034,2013-02-26,48.077,3.5,12.0,seasonal
MAC000034,2013-02-27,46.289,3.0,12.5,seasonal
MAC000034,2013-02-28,49.087001,3.5,12.0,seasonal
MAC000034,2013-03-01,47.159,3.9,11.6,seasonal
MAC000034,2013-03-02,45.505,2.3,13.2,seasonal
MAC000034,2013-03-03,47.091,2.6,12.9,seasonal
MAC000034,2013-03-04,46.238,3.6,11.9,seasonal
MAC000034,2013-03-05,53.279,5.8,9.7,seasonal
MAC000034,2013-03-06,41.546,7.4,8.1,seasonal
MAC000034,2013-03-07,43.895,8.0,7.5,seasonal
MAC000034,2013-03-08,43.856,8.5,7.0,seasonal
MAC000034,2013-03-09,46.885,6.0,9.5,seasonal
MAC000034,2013-03-10,54.276,2.1,13.4,seasonal
MAC000034,2013-03-11,50.260001,-0.2,15.7,seasonal
MAC000034,2013-03-12,48.142999,0.1,15.4,seasonal
MAC000034,2013-03-13,48.001,1.9,13.6,seasonal
MAC000034,2013-03-14,46.67,1.0,14.5,seasonal
MAC000034,2013-03-15,46.108999,4.3,11.2,seasonal
MAC000034,2013-03-16,48.895,6.1,9.4,seasonal
MAC000034,2013-03-17,56.836,4.7,10.8,seasonal
MAC000034,2013-03-18,43.291,3.2,12.3,seasonal
MAC000034,2013-03-19,46.253,3.3,12.2,seasonal
MAC000034,2013-03-20,52.204001,3.2,12.3,seasonal
MAC000034,2013-03-21,50.277,3.1,12.4,seasonal
MAC000034,2013-03-22,46.882,3.2,12.3,seasonal
MAC000034,2013-03-23,49.347,1.6,13.9,seasonal
MAC000034,2013-03-24,48.358001,0.1,15.4,seasonal
MAC000034,2013-03-25,51.197001,0.4,15.1,seasonal
MAC000034,2013-03-26,53.788,0.3,15.2,seasonal
MAC000034,2013-03-27,48.439,0.8,14.7,seasonal
MAC000034,2013-03-28,47.498,1.0,14.5,seasonal
MAC000034,2013-03-29,46.944001,0.2,15.3,seasonal
MAC000034,2013-03-30,49.278,1.2,14.3,seasonal
MAC000034,2013-03-31,47.885001,0.5,15.0,seasonal
MAC000034,2013-04-01,48.081,1.8,13.7,seasonal
MAC000034,2013-04-02,47.199,2.6,12.9,seasonal
MAC000034,2013-04-03,47.997,1.7,13.8,seasonal
MAC000034,2013-04-04,48.194,1.9,13.6,seasonal
MAC000034,2013-04-05,48.325,3.3,12.2,seasonal
MAC000034,2013-04-06,47.942,3.5,12.0,seasonal
MAC000034,2013-04-07,48.055,3.2,12.3,seasonal
MAC000034,2013-04-08,47.372,4.9,10.6,seasonal
MAC000034,2013-04-09,44.396,4.8,10.7,seasonal
MAC000034,2013-04-10,44.198,6.1,9.4,seasonal
MAC000034,2013-04-11,40.302,7.1,8.4,seasonal
MAC000034,2013-04-12,43.638,8.4,7.1,seasonal
MAC000034,2013-04-13,41.09,8.2,7.3,seasonal
MAC000034,2013-04-14,40.116,13.4,2.1,seasonal
MAC000034,2013-04-15,40.584,11.5,4.0,seasonal
MAC000034,2013-04-16,23.422,11.3,4.2,seasonal
MAC000034,2013-04-17,23.548,11.8,3.7,seasonal
MAC000034,2013-04-18,25.927,10.1,5.4,seasonal
MAC000034,2013-04-19,25.094,8.4,7.1,seasonal
MAC000034,2013-04-20,19.348,5.9,9.6,seasonal
MAC000034,2013-04-21,20.9,7.0,8.5,seasonal
MAC000034,2013-04-22,20.605,9.3,6.2,seasonal
MAC000034,2013-04-23,8.515,13.1,2.4,seasonal
MAC000034,2013-04-24,8.945,12.5,3.0,seasonal
MAC000034,2013-04-25,8.965,14.2,1.3,seasonal
MAC000034,2013-04-26,10.066,8.9,6.6,seasonal
MAC000034,2013-04-27,9.716,6.0,9.5,seasonal
MAC000034,2013-04-28,9.109,6.2,9.3,seasonal
MAC000034,2013-04-29,9.476,9.2,6.3,seasonal
MAC000034,2013-04-30,9.292,7.9,7.6,seasonal
MAC000034,2013-05-01,9.311,8.4,7.1,seasonal
MAC000034,2013-05-02,9.139,9.1,6.4,seasonal
MAC000034,2013-05-03,9.388,11.1,4.4,seasonal
MAC000034,2013-05-04,9.399,10.9,4.6,seasonal
MAC000034,2013-05-05,8.628,11.4,4.1,seasonal
MAC000034,2013-05-06,8.72,13.2,2.3,seasonal
MAC000034,2013-05-07,8.667,13.8,1.7,seasonal
MAC000034,2013-05-08,4.923,12.9,2.6,seasonal
MAC000034,2013-05-09,7.197,10.5,5.0,seasonal
MAC000034,2013-05-10,7.052,12.4,3.1,seasonal
MAC000034,2013-05-11,7.892,10.4,5.1,seasonal
MAC000034,2013-05-12,6.951,9.6,5.9,seasonal
MAC000034,2013-05-13,6.936,11.0,4.5,seasonal
MAC000034,2013-05-14,7.461,8.6,6.9,seasonal
MAC000034,2013-05-15,7.894,9.1,6.4,seasonal
MAC000034,2013-05-16,7.299,9.5,6.0,seasonal
MAC000034,2013-05-17,7.022,9.1,6.4,seasonal
MAC000034,2013-05-18,6.605,10.9,4.6,seasonal
MAC000034,2013-05-19,6.766,12.7,2.8,seasonal
MAC000034,2013-05-20,6.995,13.4,2.1,seasonal
MAC000034,2013-05-21,7.446,12.9,2.6,seasonal
MAC000034,2013-05-22,7.101,11.4,4.1,seasonal
MAC000034,2013-05-23,7.504,8.1,7.4,seasonal
MAC000034,2013-05-24,7.158,7.1,8.4,seasonal
MAC000034,2013-05-25,6.839,9.5,6.0,seasonal
MAC000034,2013-05-26,7.301,11.5,4.0,seasonal
MAC000034,2013-05-27,6.514,11.0,4.5,seasonal
MAC000034,2013-05-28,7.568,10.8,4.7,seasonal
MAC000034,2013-05-29,7.385,10.7,4.8,seasonal
MAC000034,2013-05-30,7.211,12.4,3.1,seasonal
MAC000034,2013-05-31,6.409,14.5,1.0,seasonal
MAC000034,2013-06-01,7.052,12.9,2.6,seasonal
MAC000034,2013-06-02,6.772,12.8,2.7,seasonal
MAC000034,2013-06-03,7.14,11.9,3.6,seasonal
MAC000034,2013-06-04,6.466,12.1,3.4,seasonal
MAC000034,2013-06-05,6.88,12.6,2.9,seasonal
MAC000034,2013-06-06,6.778,13.3,2.2,seasonal
MAC000034,2013-06-07,7.053,14.1,1.4,seasonal
MAC000034,2013-06-08,6.713,12.4,3.1,seasonal
MAC000034,2013-06-09,7.069,12.5,3.0,seasonal
MAC000034,2013-06-10,6.861,12.4,3.1,seasonal
MAC000034,2013-06-11,6.662,13.3,2.2,seasonal
MAC000034,2013-06-12,6.84,15.2,0.3,seasonal
MAC000034,2013-06-13,7.098,14.6,0.9,seasonal
MAC000034,2013-06-14,6.902,13.5,2.0,seasonal
MAC000034,2013-06-15,1.545,13.9,1.6,seasonal
MAC000034,2013-06-16,1.291,13.5,2.0,seasonal
MAC000034,2013-06-17,1.482,14.9,0.6,seasonal
MAC000034,2013-06-18,1.364,17.2,0.0,seasonal
MAC000034,2013-06-19,1.469,19.0,0.0,seasonal
MAC000034,2013-06-20,1.928,17.3,0.0,seasonal
MAC000034,2013-06-21,1.51,16.6,0.0,seasonal
MAC000034,2013-06-22,1.561,14.3,1.2,seasonal
MAC000034,2013-06-23,1.342,14.8,0.7,seasonal
MAC000034,2013-06-24,1.311,12.8,2.7,seasonal
MAC000034,2013-06-25,1.619,14.1,1.4,seasonal
MAC000034,2013-06-26,2.117,16.0,0.0,seasonal
MAC000034,2013-06-27,2.198,14.5,1.0,seasonal
MAC000034,2013-06-28,1.861,15.4,0.1,seasonal
MAC000034,2013-06-29,1.97,15.8,0.0,seasonal
MAC000034,2013-06-30,2.06,18.5,0.0,seasonal
MAC000034,2013-07-01,1.57,16.3,0.0,seasonal
MAC000034,2013-07-02,1.22,14.5,1.0,seasonal
MAC000034,2013-07-03,1.474,16.4,0.0,seasonal
MAC000034,2013-07-04,1.515,17.1,0.0,seasonal
MAC000034,2013-07-05,1.657,18.3,0.0,seasonal
MAC000034,2013-07-06,1.939,18.9,0.0,seasonal
MAC000034,2013-07-07,1.251,20.5,0.0,seasonal
MAC000034,2013-07-08,1.239,18.9,0.0,seasonal
MAC000034,2013-07-09,1.198,18.1,0.0,seasonal
MAC000034,2013-07-10,1.932,17.2,0.0,seasonal
MAC000034,2013-07-11,1.436,15.2,0.3,seasonal
MAC000034,2013-07-12,1.582,17.0,0.0,seasonal
MAC000034,2013-07-13,1.516,21.6,0.0,seasonal
MAC000034,2013-07-14,2.478,22.1,0.0,seasonal
MAC000034,2013-07-15,1.67,21.8,0.0,seasonal
MAC000034,2013-07-16,1.551,22.8,0.0,seasonal
MAC000034,2013-07-17,1.671,22.9,0.0,seasonal
MAC000034,2013-07-18,1.715,21.2,0.0,seasonal
MAC000034,2013-07-19,1.583,20.3,0.0,seasonal
MAC000034,2013-07-20,1.616,18.8,0.0,seasonal
MAC000034,2013-07-21,1.551,20.2,0.0,seasonal
MAC000034,2013-07-22,1.737,23.8,0.0,seasonal
MAC000034,2013-07-23,1.569,23.1,0.0,seasonal
MAC000034,2013-07-24,1.657,20.5,0.0,seasonal
MAC000034,2013-07-25,1.747,19.8,0.0,seasonal
MAC000034,2013-07-26,1.385,19.6,0.0,seasonal
MAC000034,2013-07-27,1.768,20.0,0.0,seasonal
MAC000034,2013-07-28,1.452,18.7,0.0,seasonal
MAC000034,2013-07-29,1.607,17.9,0.0,seasonal
MAC000034,2013-07-30,1.359,16.8,0.0,seasonal
MAC000034,2013-07-31,1.387,18.6,0.0,seasonal
MAC000034,2013-08-01,1.784,22.8,0.0,seasonal
MAC000034,2013-08-02,1.756,19.6,0.0,seasonal
MAC000034,2013-08-03,1.532,18.1,0.0,seasonal
MAC000034,2013-08-04,1.487,17.9,0.0,seasonal
MAC000034,2013-08-05,1.263,18.3,0.0,seasonal
MAC000034,2013-08-06,1.566,16.8,0.0,seasonal
MAC000034,2013-08-07,1.406,17.3,0.0,seasonal
MAC000034,2013-08-08,1.485,16.6,0.0,seasonal
MAC000034,2013-08-09,1.587,18.3,0.0,seasonal
MAC000034,2013-08-10,1.595,16.9,0.0,seasonal
MAC000034,2013-08-11,1.545,18.2,0.0,seasonal
MAC000034,2013-08-12,1.239,16.3,0.0,seasonal
MAC000034,2013-08-13,1.314,15.3,0.2,seasonal
MAC000034,2013-08-14,1.321,16.4,0.0,seasonal
MAC000034,2013-08-15,1.38,19.2,0.0,seasonal
MAC000034,2013-08-16,1.38,17.9,0.0,seasonal
MAC000034,2013-08-17,1.551,16.6,0.0,seasonal
MAC000034,2013-08-18,1.593,18.8,0.0,seasonal
MAC000034,2013-08-19,1.441,17.0,0.0,seasonal
MAC000034,2013-08-20,1.357,17.6,0.0,seasonal
MAC000034,2013-08-21,1.174,18.1,0.0,seasonal
MAC000034,2013-08-22,1.726,18.7,0.0,seasonal
MAC000034,2013-08-23,1.502,20.0,0.0,seasonal
MAC000034,2013-08-24,1.457,17.0,0.0,seasonal
MAC000034,2013-08-25,1.477,17.1,0.0,seasonal
MAC000034,2013-08-26,1.316,18.2,0.0,seasonal
MAC000034,2013-08-27,1.547,16.1,0.0,seasonal
MAC000034,2013-08-28,1.554,16.1,0.0,seasonal
MAC000034,2013-08-29,1.57,17.9,0.0,seasonal
MAC000034,2013-08-30,1.657,18.3,0.0,seasonal
MAC000034,2013-08-31,1.532,16.3,0.0,seasonal
MAC000034,2013-09-01,1.366,14.7,0.8,seasonal
MAC000034,2013-09-02,2.324,16.8,0.0,seasonal
MAC000034,2013-09-03,1.408,18.5,0.0,seasonal
MAC000034,2013-09-04,1.505,18.7,0.0,seasonal
MAC000034,2013-09-05,1.589,20.4,0.0,seasonal
MAC000034,2013-09-06,1.452,15.4,0.1,seasonal
MAC000034,2013-09-07,1.256,13.6,1.9,seasonal
MAC000034,2013-09-08,1.329,11.8,3.7,seasonal
MAC000034,2013-09-09,1.93,11.6,3.9,seasonal
MAC000034,2013-09-10,1.631,12.5,3.0,seasonal
MAC000034,2013-09-11,1.158,13.5,2.0,seasonal
MAC000034,2013-09-12,1.734,14.1,1.4,seasonal
MAC000034,2013-09-13,1.546,16.2,0.0,seasonal
MAC000034,2013-09-14,1.341,11.7,3.8,seasonal
MAC000034,2013-09-15,1.284,11.3,4.2,seasonal
MAC000034,2013-09-16,1.782,11.2,4.3,seasonal
MAC000034,2013-09-17,1.49,11.0,4.5,seasonal
MAC000034,2013-09-18,1.577,12.3,3.2,seasonal
MAC000034,2013-09-19,2.183,12.0,3.5,seasonal
MAC000034,2013-09-20,2.322,13.4,2.1,seasonal
MAC000034,2013-09-21,1.91,13.5,2.0,seasonal
MAC000034,2013-09-22,1.658,16.8,0.0,seasonal
MAC000034,2013-09-23,1.357,16.6,0.0,seasonal
MAC000034,2013-09-24,1.594,15.1,0.4,seasonal
MAC000034,2013-09-25,1.562,15.7,0.0,seasonal
MAC000034,2013-09-26,1.458,14.5,1.0,seasonal
MAC000034,2013-09-27,1.751,12.6,2.9,seasonal
MAC000034,2013-09-28,1.776,14.3,1.2,seasonal
MAC000034,2013-09-29,1.288,14.3,1.2,seasonal
MAC000034,2013-09-30,1.384,14.9,0.6,seasonal
MAC000034,2013-10-01,1.451,14.3,1.2,seasonal
MAC000034,2013-10-02,1.413,15.4,0.1,seasonal
MAC000034,2013-10-03,1.732,16.1,0.0,seasonal
MAC000034,2013-10-04,1.468,17.3,0.0,seasonal
MAC000034,2013-10-05,1.395,15.3,0.2,seasonal
MAC000034,2013-10-06,1.601,13.8,1.7,seasonal
MAC000034,2013-10-07,1.523,13.3,2.2,seasonal
MAC000034,2013-10-08,1.682,15.6,0.0,seasonal
MAC000034,2013-10-09,1.422,13.6,1.9,seasonal
MAC000034,2013-10-10,1.521,9.3,6.2,seasonal
MAC000034,2013-10-11,1.102,11.1,4.4,seasonal
MAC000034,2013-10-12,1.635,11.4,4.1,seasonal
MAC000034,2013-10-13,1.232,9.6,5.9,seasonal
MAC000034,2013-10-14,1.655,9.1,6.4,seasonal
MAC000034,2013-10-15,2.805,9.5,6.0,seasonal
MAC000034,2013-10-16,1.992,9.7,5.8,seasonal
MAC000034,2013-10-17,1.749,13.2,2.3,seasonal
MAC000034,2013-10-18,1.695,12.6,2.9,seasonal
MAC000034,2013-10-19,1.512,13.9,1.6,seasonal
MAC000034,2013-10-20,1.616,13.4,2.1,seasonal
MAC000034,2013-10-21,1.573,14.8,0.7,seasonal
MAC000034,2013-10-22,1.537,16.0,0.0,seasonal
MAC000034,2013-10-23,1.482,13.9,1.6,seasonal
MAC000034,2013-10-24,2.166,11.1,4.4,seasonal
MAC000034,2013-10-25,2.293,15.3,0.2,seasonal
MAC000034,2013-10-26,1.568,15.0,0.5,seasonal
MAC000034,2013-10-27,1.876,13.5,2.0,seasonal
MAC000034,2013-10-28,1.816,12.7,2.8,seasonal
MAC000034,2013-10-29,1.693,9.1,6.4,seasonal
MAC000034,2013-10-30,2.565,9.0,6.5,seasonal
MAC000034,2013-10-31,2.323,12.5,3.0,seasonal
MAC000034,2013-11-01,1.768,12.0,3.5,seasonal
MAC000034,2013-11-02,1.665,11.5,4.0,seasonal
MAC000034,2013-11-03,2.813,8.7,6.8,seasonal
MAC000034,2013-11-04,1.592,7.4,8.1,seasonal
MAC000034,2013-11-05,2.767,7.6,7.9,seasonal
MAC000034,2013-11-06,2.399,10.4,5.1,seasonal
MAC000034,2013-11-07,2.624,10.4,5.1,seasonal
MAC000034,2013-11-08,2.888,7.5,8.0,seasonal
MAC000034,2013-11-09,9.489,5.4,10.1,seasonal
MAC000034,2013-11-10,2.233,5.2,10.3,seasonal
MAC000034,2013-11-11,3.409,8.5,7.0,seasonal
MAC000034,2013-11-12,2.968,10.0,5.5,seasonal
MAC000034,2013-11-13,22.589,5.1,10.4,seasonal
MAC000034,2013-11-14,14.91,7.2,8.3,seasonal
MAC000034,2013-11-15,15.4,4.8,10.7,seasonal
MAC000034,2013-11-16,13.92,4.0,11.5,seasonal
MAC000034,2013-11-17,14.944,6.0,9.5,seasonal
MAC000034,2013-11-18,14.947,7.8,7.7,seasonal
MAC000034,2013-11-19,15.372,2.9,12.6,seasonal
MAC000034,2013-11-20,15.536,2.3,13.2,seasonal
MAC000034,2013-11-21,15.956,4.5,11.0,seasonal
MAC000034,2013-11-22,15.776,4.8,10.7,seasonal
MAC000034,2013-11-23,15.737,4.6,10.9,seasonal
MAC000034,2013-11-24,15.116,4.6,10.9,seasonal
MAC000034,2013-11-25,14.414,4.0,11.5,seasonal
MAC000034,2013-11-26,15.238,2.5,13.0,seasonal
MAC000034,2013-11-27,13.622,6.4,9.1,seasonal
MAC000034,2013-11-28,14.876,7.2,8.3,seasonal
MAC000034,2013-11-29,14.498,7.3,8.2,seasonal
MAC000034,2013-11-30,15.638,5.3,10.2,seasonal
MAC000034,2013-12-01,34.249,3.7,11.8,seasonal
MAC000034,2013-12-02,24.742001,5.5,10.0,seasonal
MAC000034,2013-12-03,26.37,3.2,12.3,seasonal
MAC000034,2013-12-04,24.526,4.4,11.1,seasonal
MAC000034,2013-12-05,32.365,4.4,11.1,seasonal
MAC000034,2013-12-06,30.294,4.3,11.2,seasonal
MAC000034,2013-12-07,38.302,5.9,9.6,seasonal
MAC000034,2013-12-08,33.651,7.3,8.2,seasonal
MAC000034,2013-12-09,34.629,6.7,8.8,seasonal
MAC000034,2013-12-10,36.75,3.9,11.6,seasonal
MAC000034,2013-12-11,35.07,2.8,12.7,seasonal
MAC000034,2013-12-12,42.211,5.2,10.3,seasonal
MAC000034,2013-12-13,39.926,8.7,6.8,seasonal
MAC000034,2013-12-14,37.416,7.3,8.2,seasonal
MAC000034,2013-12-15,35.489,10.7,4.8,seasonal
MAC000034,2013-12-16,37.752999,11.4,4.1,seasonal
MAC000034,2013-12-17,36.092,6.3,9.2,seasonal
MAC000034,2013-12-18,37.156,8.1,7.4,seasonal
MAC000034,2013-12-19,39.114,6.1,9.4,seasonal
MAC000034,2013-12-20,38.324,5.4,10.1,seasonal
MAC000034,2013-12-21,35.537,10.2,5.3,seasonal
MAC000034,2013-12-22,37.571,7.1,8.4,seasonal
MAC000034,2013-12-24,37.331,8.5,7.0,seasonal
MAC000034,2013-12-25,37.695999,4.7,10.8,seasonal
MAC000034,2013-12-26,38.129001,4.1,11.4,seasonal
MAC000034,2013-12-27,40.491,9.0,6.5,seasonal
MAC000034,2013-12-28,36.962,4.8,10.7,seasonal
MAC000034,2013-12-29,39.327,2.3,13.2,seasonal
MAC000034,2013-12-30,50.793,7.8,7.7,seasonal
MAC000312,2013-01-01,23.818,5.8,9.7,seasonal
MAC000312,2013-01-02,25.05,6.2,9.3,seasonal
MAC000312,2013-01-03,21.234,10.2,5.3,seasonal
MAC000312,2013-01-04,21.072,8.8,6.7,seasonal
MAC000312,2013-01-05,21.552,8.6,6.9,seasonal
MAC000312,2013-01-06,22.361,7.0,8.5,seasonal
MAC000312,2013-01-07,21.495,7.6,7.9,seasonal
MAC000312,2013-01-08,20.268,8.9,6.6,seasonal
MAC000312,2013-01-09,23.778,6.8,8.7,seasonal
MAC000312,2013-01-10,25.334,1.8,13.7,seasonal
MAC000312,2013-01-11,25.019999,2.7,12.8,seasonal
MAC000312,2013-01-12,34.551,2.7,12.8,seasonal
MAC000312,2013-01-13,33.618,1.1,14.4,seasonal
MAC000312,2013-01-14,34.447,0.2,15.3,seasonal
MAC000312,2013-01-15,32.886,0.6,14.9,seasonal
MAC000312,2013-01-16,33.995,-2.2,17.7,seasonal
MAC000312,2013-01-17,34.266,-2.2,17.7,seasonal
MAC000312,2013-01-18,33.976,-1.4,16.9,seasonal
MAC000312,2013-01-19,34.027,-0.2,15.7,seasonal
MAC000312,2013-01-20,35.139,-1.2,16.7,seasonal
MAC000312,2013-01-21,34.831,-1.5,17.0,seasonal
MAC000312,2013-01-22,34.531,-1.5,17.0,seasonal
MAC000312,2013-01-23,34.552,0.9,14.6,seasonal
MAC000312,2013-01-24,33.755,-0.3,15.8,seasonal
MAC000312,2013-01-25,34.17,-1.5,17.0,seasonal
MAC000312,2013-01-26,33.818,3.3,12.2,seasonal
MAC000312,2013-01-27,32.096,7.6,7.9,seasonal
MAC000312,2013-01-28,32.031,5.8,9.7,seasonal
MAC000312,2013-01-29,14.526,10.9,4.6,seasonal
MAC000312,2013-01-30,19.526,10.1,5.4,seasonal
MAC000312,2013-01-31,29.211,8.2,7.3,seasonal
MAC000312,2013-02-01,27.817,5.4,10.1,seasonal
MAC000312,2013-02-02,29.448,2.7,12.8,seasonal
MAC000312,2013-02-03,31.006,3.6,11.9,seasonal
MAC000312,2013-02-04,26.498,7.9,7.6,seasonal
MAC000312,2013-02-05,27.3,3.6,11.9,seasonal
MAC000312,2013-02-06,34.777,3.5,12.0,seasonal
MAC000312,2013-02-07,32.853,1.9,13.6,seasonal
MAC000312,2013-02-08,34.266,1.2,14.3,seasonal
MAC000312,2013-02-09,33.067,1.6,13.9,seasonal
MAC000312,2013-02-10,32.8,2.6,12.9,seasonal
MAC000312,2013-02-11,34.821,1.1,14.4,seasonal
MAC000312,2013-02-12,33.681999,1.1,14.4,seasonal
MAC000312,2013-02-13,34.393,0.5,15.0,seasonal
MAC000312,2013-02-14,33.352,6.5,9.0,seasonal
MAC000312,2013-02-15,20.725,4.4,11.1,seasonal
MAC000312,2013-02-16,26.065,5.0,10.5,seasonal
MAC000312,2013-02-17,35.77,3.5,12.0,seasonal
MAC000312,2013-02-18,33.682,3.3,12.2,seasonal
MAC000312,2013-02-19,33.726,0.8,14.7,seasonal
MAC000312,2013-02-20,33.824,2.0,13.5,seasonal
MAC000312,2013-02-21,34.301,0.7,14.8,seasonal
MAC000312,2013-02-22,33.144,0.3,15.2,seasonal
MAC000312,2013-02-23,36.251,0.3,15.2,seasonal
MAC000312,2013-02-24,34.456,0.4,15.1,seasonal
MAC000312,2013-02-25,34.055,2.5,13.0,seasonal
MAC000312,2013-02-26,34.128,3.5,12.0,seasonal
MAC000312,2013-02-27,34.256,3.0,12.5,seasonal
MAC000312,2013-02-28,33.693,3.5,12.0,seasonal
MAC000312,2013-03-01,35.566,3.9,11.6,seasonal
MAC000312,2013-03-02,34.378,2.3,13.2,seasonal
MAC000312,2013-03-03,35.543,2.6,12.9,seasonal
MAC000312,2013-03-04,33.949,3.6,11.9,seasonal
MAC000312,2013-03-05,33.381,5.8,9.7,seasonal
MAC000312,2013-03-06,20.523,7.4,8.1,seasonal
MAC000312,2013-03-07,20.227,8.0,7.5,seasonal
MAC000312,2013-03-08,22.266,8.5,7.0,seasonal
MAC000312,2013-03-09,23.775,6.0,9.5,seasonal
MAC000312,2013-03-10,29.156,2.1,13.4,seasonal
MAC000312,2013-03-11,35.241,-0.2,15.7,seasonal
MAC000312,2013-03-12,34.043,0.1,15.4,seasonal
MAC000312,2013-03-13,33.027,1.9,13.6,seasonal
MAC000312,2013-03-14,29.79,1.0,14.5,seasonal
MAC000312,2013-03-15,28.355,4.3,11.2,seasonal
MAC000312,2013-03-16,28.556,6.1,9.4,seasonal
MAC000312,2013-03-17,32.689,4.7,10.8,seasonal
MAC000312,2013-03-18,33.194,3.2,12.3,seasonal
MAC000312,2013-03-19,31.726,3.3,12.2,seasonal
MAC000312,2013-03-20,18.741,3.2,12.3,seasonal
MAC000312,2013-03-21,32.091,3.1,12.4,seasonal
MAC000312,2013-03-22,33.872,3.2,12.3,seasonal
MAC000312,2013-03-23,33.811,1.6,13.9,seasonal
MAC000312,2013-03-24,34.985,0.1,15.4,seasonal
MAC000312,2013-03-25,34.13,0.4,15.1,seasonal
MAC000312,2013-03-26,35.68,0.3,15.2,seasonal
MAC000312,2013-03-27,33.875,0.8,14.7,seasonal
MAC000312,2013-03-28,34.709,1.0,14.5,seasonal
MAC000312,2013-03-29,33.655001,0.2,15.3,seasonal
MAC000312,2013-03-30,35.347,1.2,14.3,seasonal
MAC000312,2013-03-31,35.131,0.5,15.0,seasonal
MAC000312,2013-04-01,33.754,1.8,13.7,seasonal
MAC000312,2013-04-02,34.701,2.6,12.9,seasonal
MAC000312,2013-04-03,34.095,1.7,13.8,seasonal
MAC000312,2013-04-04,34.211,1.9,13.6,seasonal
MAC000312,2013-04-05,34.575,3.3,12.2,seasonal
MAC000312,2013-04-06,33.539,3.5,12.0,seasonal
MAC000312,2013-04-07,23.444,3.2,12.3,seasonal
MAC000312,2013-04-08,24.114,4.9,10.6,seasonal
MAC000312,2013-04-09,23.892,4.8,10.7,seasonal
MAC000312,2013-04-10,23.988,6.1,9.4,seasonal
MAC000312,2013-04-11,25.063,7.1,8.4,seasonal
MAC000312,2013-04-12,17.676,8.4,7.1,seasonal
MAC000312,2013-04-13,15.695,8.2,7.3,seasonal
MAC000312,2013-04-14,12.83,13.4,2.1,seasonal
MAC000312,2013-04-15,15.163,11.5,4.0,seasonal
MAC000312,2013-04-16,17.306,11.3,4.2,seasonal
MAC000312,2013-04-17,9.729,11.8,3.7,seasonal
MAC000312,2013-04-18,11.442,10.1,5.4,seasonal
MAC000312,2013-04-19,13.661,8.4,7.1,seasonal
MAC000312,2013-04-20,24.002,5.9,9.6,seasonal
MAC000312,2013-04-21,14.09,7.0,8.5,seasonal
MAC000312,2013-04-22,21.726,9.3,6.2,seasonal
MAC000312,2013-04-23,6.068,13.1,2.4,seasonal
MAC000312,2013-04-24,8.083,12.5,3.0,seasonal
MAC000312,2013-04-25,6.48,14.2,1.3,seasonal
MAC000312,2013-04-26,6.943,8.9,6.6,seasonal
MAC000312,2013-04-27,5.92,6.0,9.5,seasonal
MAC000312,2013-04-28,9.5,6.2,9.3,seasonal
MAC000312,2013-04-29,10.916,9.2,6.3,seasonal
MAC000312,2013-04-30,9.2,7.9,7.6,seasonal
MAC000312,2013-05-01,9.344,8.4,7.1,seasonal
MAC000312,2013-05-02,5.934,9.1,6.4,seasonal
MAC000312,2013-05-03,6.241,11.1,4.4,seasonal
MAC000312,2013-05-04,5.854,10.9,4.6,seasonal
MAC000312,2013-05-05,5.79,11.4,4.1,seasonal
MAC000312,2013-05-06,4.699,13.2,2.3,seasonal
MAC000312,2013-05-07,6.261,13.8,1.7,seasonal
MAC000312,2013-05-08,5.952,12.9,2.6,seasonal
MAC000312,2013-05-09,5.019,10.5,5.0,seasonal
MAC000312,2013-05-10,5.835,12.4,3.1,seasonal
MAC000312,2013-05-11,5.405,10.4,5.1,seasonal
MAC000312,2013-05-12,5.877,9.6,5.9,seasonal
MAC000312,2013-05-13,5.712,11.0,4.5,seasonal
MAC000312,2013-05-14,9.538,8.6,6.9,seasonal
MAC000312,2013-05-15,8.96,9.1,6.4,seasonal
MAC000312,2013-05-16,9.419,9.5,6.0,seasonal
MAC000312,2013-05-17,11.001,9.1,6.4,seasonal
MAC000312,2013-05-18,9.073,10.9,4.6,seasonal
MAC000312,2013-05-19,9.404,12.7,2.8,seasonal
MAC000312,2013-05-20,9.456,13.4,2.1,seasonal
MAC000312,2013-05-21,10.068,12.9,2.6,seasonal
MAC000312,2013-05-22,6.066,11.4,4.1,seasonal
MAC000312,2013-05-23,8.187,8.1,7.4,seasonal
MAC000312,2013-05-24,9.626,7.1,8.4,seasonal
MAC000312,2013-05-25,18.78,9.5,6.0,seasonal
MAC000312,2013-05-26,6.709,11.5,4.0,seasonal
MAC000312,2013-05-27,5.224,11.0,4.5,seasonal
MAC000312,2013-05-28,5.829,10.8,4.7,seasonal
MAC000312,2013-05-29,5.525,10.7,4.8,seasonal
MAC000312,2013-05-30,9.722,12.4,3.1,seasonal
MAC000312,2013-05-31,10.23,14.5,1.0,seasonal
MAC000312,2013-06-01,8.676,12.9,2.6,seasonal
MAC000312,2013-06-02,4.807,12.8,2.7,seasonal
MAC000312,2013-06-03,6.756,11.9,3.6,seasonal
MAC000312,2013-06-04,6.492,12.1,3.4,seasonal
MAC000312,2013-06-05,6.286,12.6,2.9,seasonal
MAC000312,2013-06-06,6.201,13.3,2.2,seasonal
MAC000312,2013-06-07,5.612,14.1,1.4,seasonal
MAC000312,2013-06-08,6.215,12.4,3.1,seasonal
MAC000312,2013-06-09,5.568,12.5,3.0,seasonal
MAC000312,2013-06-10,5.515,12.4,3.1,seasonal
MAC000312,2013-06-11,5.587,13.3,2.2,seasonal
MAC000312,2013-06-12,6.398,15.2,0.3,seasonal
MAC000312,2013-06-13,7.122,14.6,0.9,seasonal
MAC000312,2013-06-14,6.512,13.5,2.0,seasonal
MAC000312,2013-06-15,4.586,13.9,1.6,seasonal
MAC000312,2013-06-16,5.763,13.5,2.0,seasonal
MAC000312,2013-06-17,4.829,14.9,0.6,seasonal
MAC000312,2013-06-18,5.017,17.2,0.0,seasonal
MAC000312,2013-06-19,6.284,19.0,0.0,seasonal
MAC000312,2013-06-20,4.55,17.3,0.0,seasonal
MAC000312,2013-06-21,5.407,16.6,0.0,seasonal
MAC000312,2013-06-22,5.23,14.3,1.2,seasonal
MAC000312,2013-06-23,5.853,14.8,0.7,seasonal
MAC000312,2013-06-24,6.407,12.8,2.7,seasonal
MAC000312,2013-06-25,5.009,14.1,1.4,seasonal
MAC000312,2013-06-26,5.923,16.0,0.0,seasonal
MAC000312,2013-06-27,5.993,14.5,1.0,seasonal
MAC000312,2013-06-28,6.332,15.4,0.1,seasonal
MAC000312,2013-06-29,6.124,15.8,0.0,seasonal
MAC000312,2013-06-30,5.911,18.5,0.0,seasonal
MAC000312,2013-07-01,4.961,16.3,0.0,seasonal
MAC000312,2013-07-02,5.786,14.5,1.0,seasonal
MAC000312,2013-07-03,5.342,16.4,0.0,seasonal
MAC000312,2013-07-04,4.374,17.1,0.0,seasonal
MAC000312,2013-07-05,6.034,18.3,0.0,seasonal
MAC000312,2013-07-06,5.212,18.9,0.0,seasonal
MAC000312,2013-07-07,5.517,20.5,0.0,seasonal
MAC000312,2013-07-08,6.479,18.9,0.0,seasonal
MAC000312,2013-07-09,5.967,18.1,0.0,seasonal
MAC000312,2013-07-10,4.882,17.2,0.0,seasonal
MAC000312,2013-07-11,5.298,15.2,0.3,seasonal
MAC000312,2013-07-12,5.661,17.0,0.0,seasonal
MAC000312,2013-07-13,5.462,21.6,0.0,seasonal
MAC000312,2013-07-14,6.157,22.1,0.0,seasonal
MAC000312,2013-07-15,4.757,21.8,0.0,seasonal
MAC000312,2013-07-16,7.222,22.8,0.0,seasonal
MAC000312,2013-07-17,4.893,22.9,0.0,seasonal
MAC000312,2013-07-18,5.219,21.2,0.0,seasonal
MAC000312,2013-07-19,5.348,20.3,0.0,seasonal
MAC000312,2013-07-20,5.579,18.8,0.0,seasonal
MAC000312,2013-07-21,6.739,20.2,0.0,seasonal
MAC000312,2013-07-22,5.642,23.8,0.0,seasonal
MAC000312,2013-07-23,4.894,23.1,0.0,seasonal
MAC000312,2013-07-24,4.938,20.5,0.0,seasonal
MAC000312,2013-07-25,5.75,19.8,0.0,seasonal
MAC000312,2013-07-26,5.345,19.6,0.0,seasonal
MAC000312,2013-07-27,5.235,20.0,0.0,seasonal
MAC000312,2013-07-28,4.792,18.7,0.0,seasonal
MAC000312,2013-07-29,4.662,17.9,0.0,seasonal
MAC000312,2013-07-30,4.878,16.8,0.0,seasonal
MAC000312,2013-07-31,5.521,18.6,0.0,seasonal
MAC000312,2013-08-01,5.627,22.8,0.0,seasonal
MAC000312,2013-08-02,4.686,19.6,0.0,seasonal
MAC000312,2013-08-03,5.868,18.1,0.0,seasonal
MAC000312,2013-08-04,5.844,17.9,0.0,seasonal
MAC000312,2013-08-05,5.359,18.3,0.0,seasonal
MAC000312,2013-08-06,6.085,16.8,0.0,seasonal
MAC000312,2013-08-07,5.935,17.3,0.0,seasonal
MAC000312,2013-08-08,4.824,16.6,0.0,seasonal
MAC000312,2013-08-09,5.94,18.3,0.0,seasonal
MAC000312,2013-08-10,5.459,16.9,0.0,seasonal
MAC000312,2013-08-11,5.444,18.2,0.0,seasonal
MAC000312,2013-08-12,4.93,16.3,0.0,seasonal
MAC000312,2013-08-13,5.338,15.3,0.2,seasonal
MAC000312,2013-08-14,4.979,16.4,0.0,seasonal
MAC000312,2013-08-15,5.697,19.2,0.0,seasonal
MAC000312,2013-08-16,4.738,17.9,0.0,seasonal
MAC000312,2013-08-17,6.044,16.6,0.0,seasonal
MAC000312,2013-08-18,6.113,18.8,0.0,seasonal
MAC000312,2013-08-19,4.986,17.0,0.0,seasonal
MAC000312,2013-08-20,5.227,17.6,0.0,seasonal
MAC000312,2013-08-21,5.376,18.1,0.0,seasonal
MAC000312,2013-08-22,5.026,18.7,0.0,seasonal
MAC000312,2013-08-23,5.097,20.0,0.0,seasonal
MAC000312,2013-08-24,5.001,17.0,0.0,seasonal
MAC000312,2013-08-25,5.914,17.1,0.0,seasonal
MAC000312,2013-08-26,5.356,18.2,0.0,seasonal
MAC000312,2013-08-27,4.81,16.1,0.0,seasonal
MAC000312,2013-08-28,5.102,16.1,0.0,seasonal
MAC000312,2013-08-29,5.82,17.9,0.0,seasonal
MAC000312,2013-08-30,5.226,18.3,0.0,seasonal
MAC000312,2013-08-31,5.264,16.3,0.0,seasonal
MAC000312,2013-09-01,4.815,14.7,0.8,seasonal
MAC000312,2013-09-02,4.74,16.8,0.0,seasonal
MAC000312,2013-09-03,6.485,18.5,0.0,seasonal
MAC000312,2013-09-04,4.786,18.7,0.0,seasonal
MAC000312,2013-09-05,5.398,20.4,0.0,seasonal
MAC000312,2013-09-06,4.591,15.4,0.1,seasonal
MAC000312,2013-09-07,5.748,13.6,1.9,seasonal
MAC000312,2013-09-08,6.043,11.8,3.7,seasonal
MAC000312,2013-09-09,5.546,11.6,3.9,seasonal
MAC000312,2013-09-10,5.708,12.5,3.0,seasonal
MAC000312,2013-09-11,5.123,13.5,2.0,seasonal
MAC000312,2013-09-12,5.143,14.1,1.4,seasonal
MAC000312,2013-09-13,5.208,16.2,0.0,seasonal
MAC000312,2013-09-14,5.43,11.7,3.8,seasonal
MAC000312,2013-09-15,4.53,11.3,4.2,seasonal
MAC000312,2013-09-16,5.901,11.2,4.3,seasonal
MAC000312,2013-09-17,8.395,11.0,4.5,seasonal
MAC000312,2013-09-18,13.071,12.3,3.2,seasonal
MAC000312,2013-09-19,10.116,12.0,3.5,seasonal
MAC000312,2013-09-20,4.721,13.4,2.1,seasonal
MAC000312,2013-09-21,5.804,13.5,2.0,seasonal
MAC000312,2013-09-22,5.393,16.8,0.0,seasonal
MAC000312,2013-09-23,5.343,16.6,0.0,seasonal
MAC000312,2013-09-24,5.638,15.1,0.4,seasonal
MAC000312,2013-09-25,6.128,15.7,0.0,seasonal
MAC000312,2013-09-26,5.395,14.5,1.0,seasonal
MAC000312,2013-09-27,5.051,12.6,2.9,seasonal
MAC000312,2013-09-28,5.281,14.3,1.2,seasonal
MAC000312,2013-09-29,5.549,14.3,1.2,seasonal
MAC000312,2013-09-30,4.885,14.9,0.6,seasonal
MAC000312,2013-10-01,4.576,14.3,1.2,seasonal
MAC000312,2013-10-02,5.753,15.4,0.1,seasonal
MAC000312,2013-10-03,5.438,16.1,0.0,seasonal
MAC000312,2013-10-04,5.544,17.3,0.0,seasonal
MAC000312,2013-10-05,6.017,15.3,0.2,seasonal
MAC000312,2013-10-06,5.245,13.8,1.7,seasonal
MAC000312,2013-10-07,4.942,13.3,2.2,seasonal
MAC000312,2013-10-08,5.626,15.6,0.0,seasonal
MAC000312,2013-10-09,5.733,13.6,1.9,seasonal
MAC000312,2013-10-10,20.553,9.3,6.2,seasonal
MAC000312,2013-10-11,16.081,11.1,4.4,seasonal
MAC000312,2013-10-12,12.047,11.4,4.1,seasonal
MAC000312,2013-10-13,13.142,9.6,5.9,seasonal
MAC000312,2013-10-14,16.489,9.1,6.4,seasonal
MAC000312,2013-10-15,11.405,9.5,6.0,seasonal
MAC000312,2013-10-16,16.885,9.7,5.8,seasonal
MAC000312,2013-10-17,10.399,13.2,2.3,seasonal
MAC000312,2013-10-18,8.659,12.6,2.9,seasonal
MAC000312,2013-10-19,9.565,13.9,1.6,seasonal
MAC000312,2013-10-20,8.205,13.4,2.1,seasonal
MAC000312,2013-10-21,5.176,14.8,0.7,seasonal
MAC000312,2013-10-22,5.864,16.0,0.0,seasonal
MAC000312,2013-10-23,5.649,13.9,1.6,seasonal
MAC000312,2013-10-24,5.387,11.1,4.4,seasonal
MAC000312,2013-10-25,5.729,15.3,0.2,seasonal
MAC000312,2013-10-26,4.152,15.0,0.5,seasonal
MAC000312,2013-10-27,3.312,13.5,2.0,seasonal
MAC000312,2013-10-28,5.08,12.7,2.8,seasonal
MAC000312,2013-10-29,5.391,9.1,6.4,seasonal
MAC000312,2013-10-30,5.609,9.0,6.5,seasonal
MAC000312,2013-10-31,3.827,12.5,3.0,seasonal
MAC000312,2013-11-01,6.312,12.0,3.5,seasonal
MAC000312,2013-11-02,3.736,11.5,4.0,seasonal
MAC000312,2013-11-03,26.004,8.7,6.8,seasonal
MAC000312,2013-11-04,20.451,7.4,8.1,seasonal
MAC000312,2013-11-05,20.094,7.6,7.9,seasonal
MAC000312,2013-11-06,15.803,10.4,5.1,seasonal
MAC000312,2013-11-07,19.504,10.4,5.1,seasonal
MAC000312,2013-11-08,17.933,7.5,8.0,seasonal
MAC000312,2013-11-09,26.331,5.4,10.1,seasonal
MAC000312,2013-11-10,13.545,5.2,10.3,seasonal
MAC000312,2013-11-11,25.081,8.5,7.0,seasonal
MAC000312,2013-11-12,18.116,10.0,5.5,seasonal
MAC000312,2013-11-13,19.351,5.1,10.4,seasonal
MAC000312,2013-11-14,26.867,7.2,8.3,seasonal
MAC000312,2013-11-15,23.197,4.8,10.7,seasonal
MAC000312,2013-11-16,20.479,4.0,11.5,seasonal
MAC000312,2013-11-17,23.672,6.0,9.5,seasonal
MAC000312,2013-11-18,22.587,7.8,7.7,seasonal
MAC000312,2013-11-19,23.511,2.9,12.6,seasonal
MAC000312,2013-11-20,25.655001,2.3,13.2,seasonal
MAC000312,2013-11-21,26.656,4.5,11.0,seasonal
MAC000312,2013-11-22,27.334,4.8,10.7,seasonal
MAC000312,2013-11-23,26.265,4.6,10.9,seasonal
MAC000312,2013-11-24,25.718,4.6,10.9,seasonal
MAC000312,2013-11-25,25.252,4.0,11.5,seasonal
MAC000312,2013-11-26,20.463,2.5,13.0,seasonal
MAC000312,2013-11-27,20.071,6.4,9.1,seasonal
MAC000312,2013-11-28,19.355,7.2,8.3,seasonal
MAC000312,2013-11-29,20.627,7.3,8.2,seasonal
MAC000312,2013-11-30,20.273,5.3,10.2,seasonal
MAC000312,2013-12-01,21.858,3.7,11.8,seasonal
MAC000312,2013-12-02,24.26,5.5,10.0,seasonal
MAC000312,2013-12-03,22.944,3.2,12.3,seasonal
MAC000312,2013-12-04,26.149,4.4,11.1,seasonal
MAC000312,2013-12-05,25.785,4.4,11.1,seasonal
MAC000312,2013-12-06,27.335,4.3,11.2,seasonal
MAC000312,2013-12-07,24.864,5.9,9.6,seasonal
MAC000312,2013-12-08,26.114,7.3,8.2,seasonal
MAC000312,2013-12-09,24.651,6.7,8.8,seasonal
MAC000312,2013-12-10,27.868,3.9,11.6,seasonal
MAC000312,2013-12-11,27.617,2.8,12.7,seasonal
MAC000312,2013-12-12,24.527,5.2,10.3,seasonal
MAC000312,2013-12-13,24.934,8.7,6.8,seasonal
MAC000312,2013-12-14,25.857,7.3,8.2,seasonal
MAC000312,2013-12-15,23.92,10.7,4.8,seasonal
MAC000312,2013-12-16,11.397,11.4,4.1,seasonal
MAC000312,2013-12-17,21.899,6.3,9.2,seasonal
MAC000312,2013-12-18,28.964999,8.1,7.4,seasonal
MAC000312,2013-12-19,25.338,6.1,9.4,seasonal
MAC000312,2013-12-20,26.491,5.4,10.1,seasonal
MAC000312,2013-12-21,27.599,10.2,5.3,seasonal
MAC000312,2013-12-22,29.929001,7.1,8.4,seasonal
MAC000312,2013-12-23,26.465,8.1,7.4,seasonal
MAC000312,2013-12-24,26.623,8.5,7.0,seasonal
MAC000312,2013-12-25,26.26,4.7,10.8,seasonal
MAC000312,2013-12-26,26.964,4.1,11.4,seasonal
MAC000312,2013-12-27,26.847,9.0,6.5,seasonal
MAC000312,2013-12-28,27.587,4.8,10.7,seasonal
MAC000312,2013-12-29,27.958,2.3,13.2,seasonal
MAC000312,2013-12-30,27.97,7.8,7.7,seasonal
MAC000331,2013-01-01,19.581,5.8,9.7,seasonal
MAC000331,2013-01-02,24.984,6.2,9.3,seasonal
MAC000331,2013-01-03,20.509,10.2,5.3,seasonal
MAC000331,2013-01-04,19.67,8.8,6.7,seasonal
MAC000331,2013-01-05,18.184,8.6,6.9,seasonal
MAC000331,2013-01-06,20.68,7.0,8.5,seasonal
MAC000331,2013-01-07,21.474,7.6,7.9,seasonal
MAC000331,2013-01-08,18.391,8.9,6.6,seasonal
MAC000331,2013-01-09,21.012,6.8,8.7,seasonal
MAC000331,2013-01-10,24.073,1.8,13.7,seasonal
MAC000331,2013-01-11,25.26,2.7,12.8,seasonal
MAC000331,2013-01-12,27.423,2.7,12.8,seasonal
MAC000331,2013-01-13,25.584,1.1,14.4,seasonal
MAC000331,2013-01-14,24.666,0.2,15.3,seasonal
MAC000331,2013-01-15,25.989,0.6,14.9,seasonal
MAC000331,2013-01-16,27.338,-2.2,17.7,seasonal
MAC000331,2013-01-17,28.068,-2.2,17.7,seasonal
MAC000331,2013-01-18,27.043,-1.4,16.9,seasonal
MAC000331,2013-01-19,26.817,-0.2,15.7,seasonal
MAC000331,2013-01-20,27.039,-1.2,16.7,seasonal
MAC000331,2013-01-21,28.285,-1.5,17.0,seasonal
MAC000331,2013-01-22,26.285,-1.5,17.0,seasonal
MAC000331,2013-01-23,26.73,0.9,14.6,seasonal
MAC000331,2013-01-24,26.876,-0.3,15.8,seasonal
MAC000331,2013-01-25,25.481,-1.5,17.0,seasonal
MAC000331,2013-01-26,25.919,3.3,12.2,seasonal
MAC000331,2013-01-27,25.53,7.6,7.9,seasonal
MAC000331,2013-01-28,23.045,5.8,9.7,seasonal
MAC000331,2013-01-29,18.497,10.9,4.6,seasonal
MAC000331,2013-01-30,22.377,10.1,5.4,seasonal
MAC000331,2013-01-31,21.209,8.2,7.3,seasonal
MAC000331,2013-02-01,21.576,5.4,10.1,seasonal
MAC000331,2013-02-02,25.17,2.7,12.8,seasonal
MAC000331,2013-02-03,22.974,3.6,11.9,seasonal
MAC000331,2013-02-04,23.57,7.9,7.6,seasonal
MAC000331,2013-02-05,24.113,3.6,11.9,seasonal
MAC000331,2013-02-06,23.176,3.5,12.0,seasonal
MAC000331,2013-02-07,26.333,1.9,13.6,seasonal
MAC000331,2013-02-08,26.372,1.2,14.3,seasonal
MAC000331,2013-02-09,25.453,1.6,13.9,seasonal
MAC000331,2013-02-10,25.811,2.6,12.9,seasonal
MAC000331,2013-02-11,27.131,1.1,14.4,seasonal
MAC000331,2013-02-12,27.135,1.1,14.4,seasonal
MAC000331,2013-02-13,26.741,0.5,15.0,seasonal
MAC000331,2013-02-14,23.982,6.5,9.0,seasonal
MAC000331,2013-02-15,23.834,4.4,11.1,seasonal
MAC000331,2013-02-16,24.798,5.0,10.5,seasonal
MAC000331,2013-02-17,25.668,3.5,12.0,seasonal
MAC000331,2013-02-18,24.482,3.3,12.2,seasonal
MAC000331,2013-02-19,24.999,0.8,14.7,seasonal
MAC000331,2013-02-20,23.714,2.0,13.5,seasonal
MAC000331,2013-02-21,26.8,0.7,14.8,seasonal
MAC000331,2013-02-22,25.66,0.3,15.2,seasonal
MAC000331,2013-02-23,27.254999,0.3,15.2,seasonal
MAC000331,2013-02-24,27.151,0.4,15.1,seasonal
MAC000331,2013-02-25,24.761,2.5,13.0,seasonal
MAC000331,2013-02-26,25.246,3.5,12.0,seasonal
MAC000331,2013-02-27,24.498,3.0,12.5,seasonal
MAC000331,2013-02-28,23.046,3.5,12.0,seasonal
MAC000331,2013-03-01,25.84,3.9,11.6,seasonal
MAC000331,2013-03-02,26.587,2.3,13.2,seasonal
MAC000331,2013-03-03,24.057,2.6,12.9,seasonal
MAC000331,2013-03-04,23.58,3.6,11.9,seasonal
MAC000331,2013-03-05,23.128,5.8,9.7,seasonal
MAC000331,2013-03-06,20.035,7.4,8.1,seasonal
MAC000331,2013-03-07,24.796,8.0,7.5,seasonal
MAC000331,2013-03-08,21.541,8.5,7.0,seasonal
MAC000331,2013-03-09,24.329,6.0,9.5,seasonal
MAC000331,2013-03-10,25.081,2.1,13.4,seasonal
MAC000331,2013-03-11,29.011,-0.2,15.7,seasonal
MAC000331,2013-03-12,27.059,0.1,15.4,seasonal
MAC000331,2013-03-13,26.713,1.9,13.6,seasonal
MAC000331,2013-03-14,24.969,1.0,14.5,seasonal
MAC000331,2013-03-15,24.067999,4.3,11.2,seasonal
MAC000331,2013-03-16,25.166,6.1,9.4,seasonal
MAC000331,2013-03-17,25.512,4.7,10.8,seasonal
MAC000331,2013-03-18,24.42,3.2,12.3,seasonal
MAC000331,2013-03-19,24.581,3.3,12.2,seasonal
MAC000331,2013-03-20,23.758,3.2,12.3,seasonal
MAC000331,2013-03-21,25.043,3.1,12.4,seasonal
MAC000331,2013-03-22,28.118,3.2,12.3,seasonal
MAC000331,2013-03-23,27.123,1.6,13.9,seasonal
MAC000331,2013-03-24,28.88,0.1,15.4,seasonal
MAC000331,2013-03-25,27.308,0.4,15.1,seasonal
MAC000331,2013-03-26,27.98,0.3,15.2,seasonal
MAC000331,2013-03-27,26.785,0.8,14.7,seasonal
MAC000331,2013-03-28,26.61,1.0,14.5,seasonal
MAC000331,2013-03-29,26.715,0.2,15.3,seasonal
MAC000331,2013-03-30,26.981,1.2,14.3,seasonal
MAC000331,2013-03-31,27.682,0.5,15.0,seasonal
MAC000331,2013-04-01,27.36,1.8,13.7,seasonal
MAC000331,2013-04-02,26.616,2.6,12.9,seasonal
MAC000331,2013-04-03,25.485,1.7,13.8,seasonal
MAC000331,2013-04-04,25.127,1.9,13.6,seasonal
MAC000331,2013-04-05,27.613,3.3,12.2,seasonal
MAC000331,2013-04-06,23.145,3.5,12.0,seasonal
MAC000331,2013-04-07,17.821,3.2,12.3,seasonal
MAC000331,2013-04-08,22.614,4.9,10.6,seasonal
MAC000331,2013-04-09,16.594,4.8,10.7,seasonal
MAC000331,2013-04-10,16.309,6.1,9.4,seasonal
MAC000331,2013-04-11,16.766,7.1,8.4,seasonal
MAC000331,2013-04-12,18.198,8.4,7.1,seasonal
MAC000331,2013-04-13,15.577,8.2,7.3,seasonal
MAC000331,2013-04-14,14.179,13.4,2.1,seasonal
MAC000331,2013-04-15,15.068,11.5,4.0,seasonal
MAC000331,2013-04-16,13.751,11.3,4.2,seasonal
MAC000331,2013-04-17,15.089,11.8,3.7,seasonal
MAC000331,2013-04-18,7.852,10.1,5.4,seasonal
MAC000331,2013-04-19,15.335,8.4,7.1,seasonal
MAC000331,2013-04-20,16.539,5.9,9.6,seasonal
MAC000331,2013-04-21,6.911,7.0,8.5,seasonal
MAC000331,2013-04-22,7.579,9.3,6.2,seasonal
MAC000331,2013-04-23,7.689,13.1,2.4,seasonal
MAC000331,2013-04-24,6.207,12.5,3.0,seasonal
MAC000331,2013-04-25,6.535,14.2,1.3,seasonal
MAC000331,2013-04-26,14.763,8.9,6.6,seasonal
MAC000331,2013-04-27,17.106,6.0,9.5,seasonal
MAC000331,2013-04-28,13.847,6.2,9.3,seasonal
MAC000331,2013-04-29,7.569,9.2,6.3,seasonal
MAC000331,2013-04-30,7.247,7.9,7.6,seasonal
MAC000331,2013-05-01,8.714,8.4,7.1,seasonal
MAC000331,2013-05-02,6.411,9.1,6.4,seasonal
MAC000331,2013-05-03,7.374,11.1,4.4,seasonal
MAC000331,2013-05-04,5.949,10.9,4.6,seasonal
MAC000331,2013-05-05,6.643,11.4,4.1,seasonal
MAC000331,2013-05-06,7.264,13.2,2.3,seasonal
MAC000331,2013-05-07,6.486,13.8,1.7,seasonal
MAC000331,2013-05-08,7.068,12.9,2.6,seasonal
MAC000331,2013-05-09,7.374,10.5,5.0,seasonal
MAC000331,2013-05-10,14.499,12.4,3.1,seasonal
MAC000331,2013-05-11,13.729,10.4,5.1,seasonal
MAC000331,2013-05-12,11.946,9.6,5.9,seasonal
MAC000331,2013-05-13,16.431,11.0,4.5,seasonal
MAC000331,2013-05-14,14.313,8.6,6.9,seasonal
MAC000331,2013-05-15,8.025,9.1,6.4,seasonal
MAC000331,2013-05-16,12.77,9.5,6.0,seasonal
MAC000331,2013-05-17,7.361,9.1,6.4,seasonal
MAC000331,2013-05-18,7.715,10.9,4.6,seasonal
MAC000331,2013-05-19,6.425,12.7,2.8,seasonal
MAC000331,2013-05-20,6.58,13.4,2.1,seasonal
MAC000331,2013-05-21,18.308,12.9,2.6,seasonal
MAC000331,2013-05-22,6.339,11.4,4.1,seasonal
MAC000331,2013-05-23,17.54,8.1,7.4,seasonal
MAC000331,2013-05-24,16.072,7.1,8.4,seasonal
MAC000331,2013-05-25,14.406,9.5,6.0,seasonal
MAC000331,2013-05-26,12.587,11.5,4.0,seasonal
MAC000331,2013-05-27,13.131,11.0,4.5,seasonal
MAC000331,2013-05-28,13.404,10.8,4.7,seasonal
MAC000331,2013-05-29,7.088,10.7,4.8,seasonal
MAC000331,2013-05-30,7.08,12.4,3.1,seasonal
MAC000331,2013-05-31,7.134,14.5,1.0,seasonal
MAC000331,2013-06-01,6.675,12.9,2.6,seasonal
MAC000331,2013-06-02,6.703,12.8,2.7,seasonal
MAC000331,2013-06-03,6.243,11.9,3.6,seasonal
MAC000331,2013-06-04,6.657,12.1,3.4,seasonal
MAC000331,2013-06-05,6.87,12.6,2.9,seasonal
MAC000331,2013-06-06,6.927,13.3,2.2,seasonal
MAC000331,2013-06-07,6.651,14.1,1.4,seasonal
MAC000331,2013-06-08,5.87,12.4,3.1,seasonal
MAC000331,2013-06-09,5.726,12.5,3.0,seasonal
MAC000331,2013-06-10,8.523,12.4,3.1,seasonal
MAC000331,2013-06-11,5.106,13.3,2.2,seasonal
MAC000331,2013-06-12,6.408,15.2,0.3,seasonal
MAC000331,2013-06-13,7.913,14.6,0.9,seasonal
MAC000331,2013-06-14,5.168,13.5,2.0,seasonal
MAC000331,2013-06-15,7.169,13.9,1.6,seasonal
MAC000331,2013-06-16,6.627,13.5,2.0,seasonal
MAC000331,2013-06-17,6.535,14.9,0.6,seasonal
MAC000331,2013-06-18,7.233,17.2,0.0,seasonal
MAC000331,2013-06-19,7.186,19.0,0.0,seasonal
MAC000331,2013-06-20,4.92,17.3,0.0,seasonal
MAC000331,2013-06-21,5.507,16.6,0.0,seasonal
MAC000331,2013-06-22,6.956,14.3,1.2,seasonal
MAC000331,2013-06-23,7.545,14.8,0.7,seasonal
MAC000331,2013-06-24,6.548,12.8,2.7,seasonal
MAC000331,2013-06-25,5.804,14.1,1.4,seasonal
MAC000331,2013-06-26,6.305,16.0,0.0,seasonal
MAC000331,2013-06-27,5.272,14.5,1.0,seasonal
MAC000331,2013-06-28,6.409,15.4,0.1,seasonal
MAC000331,2013-06-29,6.679,15.8,0.0,seasonal
MAC000331,2013-06-30,6.888,18.5,0.0,seasonal
MAC000331,2013-07-01,6.732,16.3,0.0,seasonal
MAC000331,2013-07-02,6.087,14.5,1.0,seasonal
MAC000331,2013-07-03,5.543,16.4,0.0,seasonal
MAC000331,2013-07-04,6.637,17.1,0.0,seasonal
MAC000331,2013-07-05,5.627,18.3,0.0,seasonal
MAC000331,2013-07-06,5.25,18.9,0.0,seasonal
MAC000331,2013-07-07,6.457,20.5,0.0,seasonal
MAC000331,2013-07-08,5.725,18.9,0.0,seasonal
MAC000331,2013-07-09,5.568,18.1,0.0,seasonal
MAC000331,2013-07-10,6.499,17.2,0.0,seasonal
MAC000331,2013-07-11,4.944,15.2,0.3,seasonal
MAC000331,2013-07-12,5.979,17.0,0.0,seasonal
MAC000331,2013-07-13,4.406,21.6,0.0,seasonal
MAC000331,2013-07-14,4.914,22.1,0.0,seasonal
MAC000331,2013-07-15,4.979,21.8,0.0,seasonal
MAC000331,2013-07-16,4.711,22.8,0.0,seasonal
MAC000331,2013-07-17,4.221,22.9,0.0,seasonal
MAC000331,2013-07-18,4.878,21.2,0.0,seasonal
MAC000331,2013-07-19,4.651,20.3,0.0,seasonal
MAC000331,2013-07-20,4.816,18.8,0.0,seasonal
MAC000331,2013-07-21,5.027,20.2,0.0,seasonal
MAC000331,2013-07-22,4.284,23.8,0.0,seasonal
MAC000331,2013-07-23,4.274,23.1,0.0,seasonal
MAC000331,2013-07-24,5.328,20.5,0.0,seasonal
MAC000331,2013-07-25,4.909,19.8,0.0,seasonal
MAC000331,2013-07-26,5.081,19.6,0.0,seasonal
MAC000331,2013-07-27,4.849,20.0,0.0,seasonal
MAC000331,2013-07-28,5.728,18.7,0.0,seasonal
MAC000331,2013-07-29,5.852,17.9,0.0,seasonal
MAC000331,2013-07-30,4.818,16.8,0.0,seasonal
MAC000331,2013-07-31,5.118,18.6,0.0,seasonal
MAC000331,2013-08-01,6.366,22.8,0.0,seasonal
MAC000331,2013-08-02,4.666,19.6,0.0,seasonal
MAC000331,2013-08-03,5.823,18.1,0.0,seasonal
MAC000331,2013-08-04,5.168,17.9,0.0,seasonal
MAC000331,2013-08-05,6.022,18.3,0.0,seasonal
MAC000331,2013-08-06,2.667,16.8,0.0,seasonal
MAC000331,2013-08-07,4.804,17.3,0.0,seasonal
MAC000331,2013-08-08,4.956,16.6,0.0,seasonal
MAC000331,2013-08-09,5.58,18.3,0.0,seasonal
MAC000331,2013-08-10,5.303,16.9,0.0,seasonal
MAC000331,2013-08-11,4.154,18.2,0.0,seasonal
MAC000331,2013-08-12,5.908,16.3,0.0,seasonal
MAC000331,2013-08-13,6.57,15.3,0.2,seasonal
MAC000331,2013-08-14,5.617,16.4,0.0,seasonal
MAC000331,2013-08-15,4.51,19.2,0.0,seasonal
MAC000331,2013-08-16,5.45,17.9,0.0,seasonal
MAC000331,2013-08-17,5.836,16.6,0.0,seasonal
MAC000331,2013-08-18,5.799,18.8,0.0,seasonal
MAC000331,2013-08-19,6.136,17.0,0.0,seasonal
MAC000331,2013-08-20,5.293,17.6,0.0,seasonal
MAC000331,2013-08-21,5.08,18.1,0.0,seasonal
MAC000331,2013-08-22,5.516,18.7,0.0,seasonal
MAC000331,2013-08-23,5.338,20.0,0.0,seasonal
MAC000331,2013-08-24,5.247,17.0,0.0,seasonal
MAC000331,2013-08-25,4.705,17.1,0.0,seasonal
MAC000331,2013-08-26,6.409,18.2,0.0,seasonal
MAC000331,2013-08-27,5.525,16.1,0.0,seasonal
MAC000331,2013-08-28,5.15,16.1,0.0,seasonal
MAC000331,2013-08-29,4.589,17.9,0.0,seasonal
MAC000331,2013-08-30,5.258,18.3,0.0,seasonal
MAC000331,2013-08-31,5.552,16.3,0.0,seasonal
MAC000331,2013-09-01,4.61,14.7,0.8,seasonal
MAC000331,2013-09-02,5.601,16.8,0.0,seasonal
MAC000331,2013-09-03,4.472,18.5,0.0,seasonal
MAC000331,2013-09-04,5.663,18.7,0.0,seasonal
MAC000331,2013-09-05,5.092,20.4,0.0,seasonal
MAC000331,2013-09-06,4.747,15.4,0.1,seasonal
MAC000331,2013-09-07,6.217,13.6,1.9,seasonal
MAC000331,2013-09-08,5.44,11.8,3.7,seasonal
MAC000331,2013-09-09,6.055,11.6,3.9,seasonal
MAC000331,2013-09-10,4.55,12.5,3.0,seasonal
MAC000331,2013-09-11,6.567,13.5,2.0,seasonal
MAC000331,2013-09-12,5.935,14.1,1.4,seasonal
MAC000331,2013-09-13,6.873,16.2,0.0,seasonal
MAC000331,2013-09-14,5.024,11.7,3.8,seasonal
MAC000331,2013-09-15,5.063,11.3,4.2,seasonal
MAC000331,2013-09-16,7.028,11.2,4.3,seasonal
MAC000331,2013-09-17,4.886,11.0,4.5,seasonal
MAC000331,2013-09-18,7.037,12.3,3.2,seasonal
MAC000331,2013-09-19,6.127,12.0,3.5,seasonal
MAC000331,2013-09-20,6.747,13.4,2.1,seasonal
MAC000331,2013-09-21,6.232,13.5,2.0,seasonal
MAC000331,2013-09-22,5.349,16.8,0.0,seasonal
MAC000331,2013-09-23,5.427,16.6,0.0,seasonal
MAC000331,2013-09-24,5.976,15.1,0.4,seasonal
MAC000331,2013-09-25,4.453,15.7,0.0,seasonal
MAC000331,2013-09-26,6.938,14.5,1.0,seasonal
MAC000331,2013-09-27,4.734,12.6,2.9,seasonal
MAC000331,2013-09-28,5.206,14.3,1.2,seasonal
MAC000331,2013-09-29,5.908,14.3,1.2,seasonal
MAC000331,2013-09-30,5.612,14.9,0.6,seasonal
MAC000331,2013-10-01,6.086,14.3,1.2,seasonal
MAC000331,2013-10-02,5.91,15.4,0.1,seasonal
MAC000331,2013-10-03,5.413,16.1,0.0,seasonal
MAC000331,2013-10-04,5.592,17.3,0.0,seasonal
MAC000331,2013-10-05,6.151,15.3,0.2,seasonal
MAC000331,2013-10-06,6.246,13.8,1.7,seasonal
MAC000331,2013-10-07,5.808,13.3,2.2,seasonal
MAC000331,2013-10-08,5.778,15.6,0.0,seasonal
MAC000331,2013-10-09,13.124,13.6,1.9,seasonal
MAC000331,2013-10-10,15.032,9.3,6.2,seasonal
MAC000331,2013-10-11,12.783,11.1,4.4,seasonal
MAC000331,2013-10-12,12.541,11.4,4.1,seasonal
MAC000331,2013-10-13,13.782,9.6,5.9,seasonal
MAC000331,2013-10-14,15.703,9.1,6.4,seasonal
MAC000331,2013-10-15,14.32,9.5,6.0,seasonal
MAC000331,2013-10-16,14.844,9.7,5.8,seasonal
MAC000331,2013-10-17,12.871,13.2,2.3,seasonal
MAC000331,2013-10-18,12.087,12.6,2.9,seasonal
MAC000331,2013-10-19,12.119,13.9,1.6,seasonal
MAC000331,2013-10-20,12.745,13.4,2.1,seasonal
MAC000331,2013-10-21,11.26,14.8,0.7,seasonal
MAC000331,2013-10-22,10.264,16.0,0.0,seasonal
MAC000331,2013-10-23,12.024,13.9,1.6,seasonal
MAC000331,2013-10-24,12.092,11.1,4.4,seasonal
MAC000331,2013-10-25,11.373,15.3,0.2,seasonal
MAC000331,2013-10-26,11.606,15.0,0.5,seasonal
MAC000331,2013-10-27,12.116,13.5,2.0,seasonal
MAC000331,2013-10-28,11.679,12.7,2.8,seasonal
MAC000331,2013-10-29,13.06,9.1,6.4,seasonal
MAC000331,2013-10-30,14.523,9.0,6.5,seasonal
MAC000331,2013-10-31,11.963,12.5,3.0,seasonal
MAC000331,2013-11-01,12.568,12.0,3.5,seasonal
MAC000331,2013-11-02,13.05,11.5,4.0,seasonal
MAC000331,2013-11-03,12.985,8.7,6.8,seasonal
MAC000331,2013-11-04,13.378,7.4,8.1,seasonal
MAC000331,2013-11-05,16.06,7.6,7.9,seasonal
MAC000331,2013-11-06,14.117,10.4,5.1,seasonal
MAC000331,2013-11-07,16.722,10.4,5.1,seasonal
MAC000331,2013-11-08,13.23,7.5,8.0,seasonal
MAC000331,2013-11-09,14.517,5.4,10.1,seasonal
MAC000331,2013-11-10,14.74,5.2,10.3,seasonal
MAC000331,2013-11-11,15.073,8.5,7.0,seasonal
MAC000331,2013-11-12,13.656,10.0,5.5,seasonal
MAC000331,2013-11-13,15.687,5.1,10.4,seasonal
MAC000331,2013-11-14,15.985,7.2,8.3,seasonal
MAC000331,2013-11-15,15.777,4.8,10.7,seasonal
MAC000331,2013-11-16,22.489,4.0,11.5,seasonal
MAC000331,2013-11-17,20.417,6.0,9.5,seasonal
MAC000331,2013-11-18,21.075,7.8,7.7,seasonal
MAC000331,2013-11-19,21.936,2.9,12.6,seasonal
MAC000331,2013-11-20,22.063,2.3,13.2,seasonal
MAC000331,2013-11-21,23.064,4.5,11.0,seasonal
MAC000331,2013-11-22,21.946,4.8,10.7,seasonal
MAC000331,2013-11-23,21.525,4.6,10.9,seasonal
MAC000331,2013-11-24,22.682,4.6,10.9,seasonal
MAC000331,2013-11-25,23.682,4.0,11.5,seasonal
MAC000331,2013-11-26,22.772,2.5,13.0,seasonal
MAC000331,2013-11-27,22.46,6.4,9.1,seasonal
MAC000331,2013-11-28,15.59,7.2,8.3,seasonal
MAC000331,2013-11-29,21.026,7.3,8.2,seasonal
MAC000331,2013-11-30,20.762,5.3,10.2,seasonal
MAC000331,2013-12-01,21.78,3.7,11.8,seasonal
MAC000331,2013-12-02,21.858,5.5,10.0,seasonal
MAC000331,2013-12-03,22.019,3.2,12.3,seasonal
MAC000331,2013-12-04,21.975,4.4,11.1,seasonal
MAC000331,2013-12-05,26.082,4.4,11.1,seasonal
MAC000331,2013-12-06,22.637,4.3,11.2,seasonal
MAC000331,2013-12-07,22.948,5.9,9.6,seasonal
MAC000331,2013-12-08,23.043,7.3,8.2,seasonal
MAC000331,2013-12-09,22.747,6.7,8.8,seasonal
MAC000331,2013-12-10,21.119,3.9,11.6,seasonal
MAC000331,2013-12-11,23.939,2.8,12.7,seasonal
MAC000331,2013-12-12,22.672,5.2,10.3,seasonal
MAC000331,2013-12-13,21.401,8.7,6.8,seasonal
MAC000331,2013-12-14,20.993,7.3,8.2,seasonal
MAC000331,2013-12-15,21.613,10.7,4.8,seasonal
MAC000331,2013-12-16,19.27,11.4,4.1,seasonal
MAC000331,2013-12-17,20.415,6.3,9.2,seasonal
MAC000331,2013-12-18,20.957,8.1,7.4,seasonal
MAC000331,2013-12-19,21.984,6.1,9.4,seasonal
MAC000331,2013-12-20,21.851,5.4,10.1,seasonal
MAC000331,2013-12-21,21.57,10.2,5.3,seasonal
MAC000331,2013-12-22,21.534,7.1,8.4,seasonal
MAC000331,2013-12-23,21.954,8.1,7.4,seasonal
MAC000331,2013-12-24,21.423,8.5,7.0,seasonal
MAC000331,2013-12-25,21.129,4.7,10.8,seasonal
MAC000331,2013-12-26,23.657,4.1,11.4,seasonal
MAC000331,2013-12-27,20.8,9.0,6.5,seasonal
MAC000331,2013-12-28,22.966,4.8,10.7,seasonal
MAC000331,2013-12-29,22.351,2.3,13.2,seasonal
MAC000331,2013-12-30,20.307,7.8,7.7,seasonal
MAC000415,2013-01-01,17.792,5.8,9.7,seasonal
MAC000415,2013-01-02,17.625,6.2,9.3,seasonal
MAC000415,2013-01-03,16.398,10.2,5.3,seasonal
MAC000415,2013-01-04,16.313,8.8,6.7,seasonal
MAC000415,2013-01-05,15.677,8.6,6.9,seasonal
MAC000415,2013-01-06,21.323,7.0,8.5,seasonal
MAC000415,2013-01-07,16.736,7.6,7.9,seasonal
MAC000415,2013-01-08,15.887,8.9,6.6,seasonal
MAC000415,2013-01-09,17.016,6.8,8.7,seasonal
MAC000415,2013-01-10,23.809,1.8,13.7,seasonal
MAC000415,2013-01-11,22.634,2.7,12.8,seasonal
MAC000415,2013-01-12,22.556,2.7,12.8,seasonal
MAC000415,2013-01-13,23.152,1.1,14.4,seasonal
MAC000415,2013-01-14,25.947,0.2,15.3,seasonal
MAC000415,2013-01-15,24.629,0.6,14.9,seasonal
MAC000415,2013-01-16,24.063,-2.2,17.7,seasonal
MAC000415,2013-01-17,23.922,-2.2,17.7,seasonal
MAC000415,2013-01-18,25.089,-1.4,16.9,seasonal
MAC000415,2013-01-19,26.767,-0.2,15.7,seasonal
MAC000415,2013-01-20,24.634,-1.2,16.7,seasonal
MAC000415,2013-01-21,24.226,-1.5,17.0,seasonal
MAC000415,2013-01-22,23.406,-1.5,17.0,seasonal
MAC000415,2013-01-23,24.464,0.9,14.6,seasonal
MAC000415,2013-01-24,24.266,-0.3,15.8,seasonal
MAC000415,2013-01-25,24.782,-1.5,17.0,seasonal
MAC000415,2013-01-26,23.519,3.3,12.2,seasonal
MAC000415,2013-01-27,27.052,7.6,7.9,seasonal
MAC000415,2013-01-28,23.012,5.8,9.7,seasonal
MAC000415,2013-01-29,16.051,10.9,4.6,seasonal
MAC000415,2013-01-30,17.09,10.1,5.4,seasonal
MAC000415,2013-01-31,21.927,8.2,7.3,seasonal
MAC000415,2013-02-01,21.422,5.4,10.1,seasonal
MAC000415,2013-02-02,25.438,2.7,12.8,seasonal
MAC000415,2013-02-03,23.119,3.6,11.9,seasonal
MAC000415,2013-02-04,23.906,7.9,7.6,seasonal
MAC000415,2013-02-05,28.439,3.6,11.9,seasonal
MAC000415,2013-02-06,23.916,3.5,12.0,seasonal
MAC000415,2013-02-07,24.036,1.9,13.6,seasonal
MAC000415,2013-02-08,25.798,1.2,14.3,seasonal
MAC000415,2013-02-09,23.581,1.6,13.9,seasonal
MAC000415,2013-02-10,27.381,2.6,12.9,seasonal
MAC000415,2013-02-11,23.624,1.1,14.4,seasonal
MAC000415,2013-02-12,24.535,1.1,14.4,seasonal
MAC000415,2013-02-13,24.273,0.5,15.0,seasonal
MAC000415,2013-02-14,23.602,6.5,9.0,seasonal
MAC000415,2013-02-15,22.395,4.4,11.1,seasonal
MAC000415,2013-02-16,16.631,5.0,10.5,seasonal
MAC000415,2013-02-17,19.638,3.5,12.0,seasonal
MAC000415,2013-02-18,19.922,3.3,12.2,seasonal
MAC000415,2013-02-19,24.616,0.8,14.7,seasonal
MAC000415,2013-02-20,24.808,2.0,13.5,seasonal
MAC000415,2013-02-21,24.555,0.7,14.8,seasonal
MAC000415,2013-02-22,25.078,0.3,15.2,seasonal
MAC000415,2013-02-23,23.989999,0.3,15.2,seasonal
MAC000415,2013-02-24,28.216,0.4,15.1,seasonal
MAC000415,2013-02-25,24.158,2.5,13.0,seasonal
MAC000415,2013-02-26,26.225,3.5,12.0,seasonal
MAC000415,2013-02-27,23.882,3.0,12.5,seasonal
MAC000415,2013-02-28,24.45,3.5,12.0,seasonal
MAC000415,2013-03-01,24.38,3.9,11.6,seasonal
MAC000415,2013-03-02,23.299,2.3,13.2,seasonal
MAC000415,2013-03-03,24.052,2.6,12.9,seasonal
MAC000415,2013-03-04,16.612,3.6,11.9,seasonal
MAC000415,2013-03-05,16.88,5.8,9.7,seasonal
MAC000415,2013-03-06,15.554,7.4,8.1,seasonal
MAC000415,2013-03-07,16.378,8.0,7.5,seasonal
MAC000415,2013-03-08,15.037,8.5,7.0,seasonal
MAC000415,2013-03-09,21.88,6.0,9.5,seasonal
MAC000415,2013-03-10,21.268,2.1,13.4,seasonal
MAC000415,2013-03-11,27.59,-0.2,15.7,seasonal
MAC000415,2013-03-12,24.083,0.1,15.4,seasonal
MAC000415,2013-03-13,23.822,1.9,13.6,seasonal
MAC000415,2013-03-14,24.258,1.0,14.5,seasonal
MAC000415,2013-03-15,24.172,4.3,11.2,seasonal
MAC000415,2013-03-16,23.182,6.1,9.4,seasonal
MAC000415,2013-03-17,22.827,4.7,10.8,seasonal
MAC000415,2013-03-18,22.111,3.2,12.3,seasonal
MAC000415,2013-03-19,23.44,3.3,12.2,seasonal
MAC000415,2013-03-20,23.415,3.2,12.3,seasonal
MAC000415,2013-03-21,23.977,3.1,12.4,seasonal
MAC000415,2013-03-22,23.601,3.2,12.3,seasonal
MAC000415,2013-03-23,23.864,1.6,13.9,seasonal
MAC000415,2013-03-24,26.421,0.1,15.4,seasonal
MAC000415,2013-03-25,24.825,0.4,15.1,seasonal
MAC000415,2013-03-26,24.596,0.3,15.2,seasonal
MAC000415,2013-03-27,26.029,0.8,14.7,seasonal
MAC000415,2013-03-28,23.865,1.0,14.5,seasonal
MAC000415,2013-03-29,24.04,0.2,15.3,seasonal
MAC000415,2013-03-30,23.706,1.2,14.3,seasonal
MAC000415,2013-03-31,27.129,0.5,15.0,seasonal
MAC000415,2013-04-01,23.025,1.8,13.7,seasonal
MAC000415,2013-04-02,23.941,2.6,12.9,seasonal
MAC000415,2013-04-03,23.148,1.7,13.8,seasonal
MAC000415,2013-04-04,24.616,1.9,13.6,seasonal
MAC000415,2013-04-05,23.335,3.3,12.2,seasonal
MAC000415,2013-04-06,20.332,3.5,12.0,seasonal
MAC000415,2013-04-07,16.179,3.2,12.3,seasonal
MAC000415,2013-04-08,16.294,4.9,10.6,seasonal
MAC000415,2013-04-09,16.66,4.8,10.7,seasonal
MAC000415,2013-04-10,13.013,6.1,9.4,seasonal
MAC000415,2013-04-11,14.094,7.1,8.4,seasonal
MAC000415,2013-04-12,13.391,8.4,7.1,seasonal
MAC000415,2013-04-13,16.618,8.2,7.3,seasonal
MAC000415,2013-04-14,6.867,13.4,2.1,seasonal
MAC000415,2013-04-15,4.702,11.5,4.0,seasonal
MAC000415,2013-04-16,5.387,11.3,4.2,seasonal
MAC000415,2013-04-17,4.886,11.8,3.7,seasonal
MAC000415,2013-04-18,5.108,10.1,5.4,seasonal
MAC000415,2013-04-19,5.069,8.4,7.1,seasonal
MAC000415,2013-04-20,4.874,5.9,9.6,seasonal
MAC000415,2013-04-21,5.457,7.0,8.5,seasonal
MAC000415,2013-04-22,8.089,9.3,6.2,seasonal
MAC000415,2013-04-23,6.401,13.1,2.4,seasonal
MAC000415,2013-04-24,4.443,12.5,3.0,seasonal
MAC000415,2013-04-25,4.662,14.2,1.3,seasonal
MAC000415,2013-04-26,4.803,8.9,6.6,seasonal
MAC000415,2013-04-27,5.602,6.0,9.5,seasonal
MAC000415,2013-04-28,7.105,6.2,9.3,seasonal
MAC000415,2013-04-29,5.714,9.2,6.3,seasonal
MAC000415,2013-04-30,5.471,7.9,7.6,seasonal
MAC000415,2013-05-01,4.664,8.4,7.1,seasonal
MAC000415,2013-05-02,5.425,9.1,6.4,seasonal
MAC000415,2013-05-03,5.107,11.1,4.4,seasonal
MAC000415,2013-05-04,7.78,10.9,4.6,seasonal
MAC000415,2013-05-05,5.261,11.4,4.1,seasonal
MAC000415,2013-05-06,5.081,13.2,2.3,seasonal
MAC000415,2013-05-07,6.069,13.8,1.7,seasonal
MAC000415,2013-05-08,4.546,12.9,2.6,seasonal
MAC000415,2013-05-09,7.914,10.5,5.0,seasonal
MAC000415,2013-05-10,5.339,12.4,3.1,seasonal
MAC000415,2013-05-11,4.923,10.4,5.1,seasonal
MAC000415,2013-05-12,5.208,9.6,5.9,seasonal
MAC000415,2013-05-13,5.055,11.0,4.5,seasonal
MAC000415,2013-05-14,8.013,8.6,6.9,seasonal
MAC000415,2013-05-15,5.179,9.1,6.4,seasonal
MAC000415,2013-05-16,5.309,9.5,6.0,seasonal
MAC000415,2013-05-17,4.889,9.1,6.4,seasonal
MAC000415,2013-05-18,4.878,10.9,4.6,seasonal
MAC000415,2013-05-19,6.423,12.7,2.8,seasonal
MAC000415,2013-05-20,4.462,13.4,2.1,seasonal
MAC000415,2013-05-21,6.325,12.9,2.6,seasonal
MAC000415,2013-05-22,15.019,11.4,4.1,seasonal
MAC000415,2013-05-23,14.783,8.1,7.4,seasonal
MAC000415,2013-05-24,14.017,7.1,8.4,seasonal
MAC000415,2013-05-25,13.991,9.5,6.0,seasonal
MAC000415,2013-05-26,5.394,11.5,4.0,seasonal
MAC000415,2013-05-27,5.038,11.0,4.5,seasonal
MAC000415,2013-05-28,8.128,10.8,4.7,seasonal
MAC000415,2013-05-29,5.067,10.7,4.8,seasonal
MAC000415,2013-05-30,4.831,12.4,3.1,seasonal
MAC000415,2013-05-31,4.789,14.5,1.0,seasonal
MAC000415,2013-06-01,4.847,12.9,2.6,seasonal
MAC000415,2013-06-02,4.742,12.8,2.7,seasonal
MAC000415,2013-06-03,7.482,11.9,3.6,seasonal
MAC000415,2013-06-04,5.5,12.1,3.4,seasonal
MAC000415,2013-06-05,4.378,12.6,2.9,seasonal
MAC000415,2013-06-06,5.168,13.3,2.2,seasonal
MAC000415,2013-06-07,4.989,14.1,1.4,seasonal
MAC000415,2013-06-08,4.34,12.4,3.1,seasonal
MAC000415,2013-06-09,6.437,12.5,3.0,seasonal
MAC000415,2013-06-10,7.599,12.4,3.1,seasonal
MAC000415,2013-06-11,4.845,13.3,2.2,seasonal
MAC000415,2013-06-12,4.762,15.2,0.3,seasonal
MAC000415,2013-06-13,5.351,14.6,0.9,seasonal
MAC000415,2013-06-14,4.514,13.5,2.0,seasonal
MAC000415,2013-06-15,4.54,13.9,1.6,seasonal
MAC000415,2013-06-16,5.869,13.5,2.0,seasonal
MAC000415,2013-06-17,6.659,14.9,0.6,seasonal
MAC000415,2013-06-18,4.901,17.2,0.0,seasonal
MAC000415,2013-06-19,4.198,19.0,0.0,seasonal
MAC000415,2013-06-20,4.581,17.3,0.0,seasonal
MAC000415,2013-06-21,4.91,16.6,0.0,seasonal
MAC000415,2013-06-22,4.403,14.3,1.2,seasonal
MAC000415,2013-06-23,7.355,14.8,0.7,seasonal
MAC000415,2013-06-24,4.896,12.8,2.7,seasonal
MAC000415,2013-06-25,6.148,14.1,1.4,seasonal
MAC000415,2013-06-26,4.442,16.0,0.0,seasonal
MAC000415,2013-06-27,5.65,14.5,1.0,seasonal
MAC000415,2013-06-28,4.668,15.4,0.1,seasonal
MAC000415,2013-06-29,4.72,15.8,0.0,seasonal
MAC000415,2013-06-30,6.386,18.5,0.0,seasonal
MAC000415,2013-07-01,4.949,16.3,0.0,seasonal
MAC000415,2013-07-02,4.349,14.5,1.0,seasonal
MAC000415,2013-07-03,4.757,16.4,0.0,seasonal
MAC000415,2013-07-04,4.636,17.1,0.0,seasonal
MAC000415,2013-07-05,4.541,18.3,0.0,seasonal
MAC000415,2013-07-06,4.748,18.9,0.0,seasonal
MAC000415,2013-07-07,4.921,20.5,0.0,seasonal
MAC000415,2013-07-08,5.396,18.9,0.0,seasonal
MAC000415,2013-07-09,4.705,18.1,0.0,seasonal
MAC000415,2013-07-10,3.61,17.2,0.0,seasonal
MAC000415,2013-07-11,5.885,15.2,0.3,seasonal
MAC000415,2013-07-12,3.498,17.0,0.0,seasonal
MAC000415,2013-07-13,4.501,21.6,0.0,seasonal
MAC000415,2013-07-14,4.052,22.1,0.0,seasonal
MAC000415,2013-07-15,4.79,21.8,0.0,seasonal
MAC000415,2013-07-16,4.613,22.8,0.0,seasonal
MAC000415,2013-07-17,3.984,22.9,0.0,seasonal
MAC000415,2013-07-18,5.296,21.2,0.0,seasonal
MAC000415,2013-07-19,3.878,20.3,0.0,seasonal
MAC000415,2013-07-20,4.142,18.8,0.0,seasonal
MAC000415,2013-07-21,6.264,20.2,0.0,seasonal
MAC000415,2013-07-22,3.97,23.8,0.0,seasonal
MAC000415,2013-07-23,4.168,23.1,0.0,seasonal
MAC000415,2013-07-24,4.595,20.5,0.0,seasonal
MAC000415,2013-07-25,4.502,19.8,0.0,seasonal
MAC000415,2013-07-26,4.081,19.6,0.0,seasonal
MAC000415,2013-07-27,4.25,20.0,0.0,seasonal
MAC000415,2013-07-28,6.585,18.7,0.0,seasonal
MAC000415,2013-07-29,4.102,17.9,0.0,seasonal
MAC000415,2013-07-30,4.746,16.8,0.0,seasonal
MAC000415,2013-07-31,4.077,18.6,0.0,seasonal
MAC000415,2013-08-01,4.501,22.8,0.0,seasonal
MAC000415,2013-08-02,4.4,19.6,0.0,seasonal
MAC000415,2013-08-03,4.777,18.1,0.0,seasonal
MAC000415,2013-08-04,4.089,17.9,0.0,seasonal
MAC000415,2013-08-05,4.441,18.3,0.0,seasonal
MAC000415,2013-08-06,4.286,16.8,0.0,seasonal
MAC000415,2013-08-07,4.474,17.3,0.0,seasonal
MAC000415,2013-08-08,4.844,16.6,0.0,seasonal
MAC000415,2013-08-09,4.692,18.3,0.0,seasonal
MAC000415,2013-08-10,5.073,16.9,0.0,seasonal
MAC000415,2013-08-11,4.827,18.2,0.0,seasonal
MAC000415,2013-08-12,4.292,16.3,0.0,seasonal
MAC000415,2013-08-13,4.777,15.3,0.2,seasonal
MAC000415,2013-08-14,4.853,16.4,0.0,seasonal
MAC000415,2013-08-15,5.464,19.2,0.0,seasonal
MAC000415,2013-08-16,3.955,17.9,0.0,seasonal
MAC000415,2013-08-17,4.387,16.6,0.0,seasonal
MAC000415,2013-08-18,5.732,18.8,0.0,seasonal
MAC000415,2013-08-19,4.431,17.0,0.0,seasonal
MAC000415,2013-08-20,5.454,17.6,0.0,seasonal
MAC000415,2013-08-21,5.168,18.1,0.0,seasonal
MAC000415,2013-08-22,4.277,18.7,0.0,seasonal
MAC000415,2013-08-23,4.876,20.0,0.0,seasonal
MAC000415,2013-08-24,3.721,17.0,0.0,seasonal
MAC000415,2013-08-25,5.829,17.1,0.0,seasonal
MAC000415,2013-08-26,4.802,18.2,0.0,seasonal
MAC000415,2013-08-27,4.887,16.1,0.0,seasonal
MAC000415,2013-08-28,4.231,16.1,0.0,seasonal
MAC000415,2013-08-29,4.636,17.9,0.0,seasonal
MAC000415,2013-08-30,3.709,18.3,0.0,seasonal
MAC000415,2013-08-31,4.783,16.3,0.0,seasonal
MAC000415,2013-09-01,4.85,14.7,0.8,seasonal
MAC000415,2013-09-02,4.825,16.8,0.0,seasonal
MAC000415,2013-09-03,4.54,18.5,0.0,seasonal
MAC000415,2013-09-04,4.681,18.7,0.0,seasonal
MAC000415,2013-09-05,4.277,20.4,0.0,seasonal
MAC000415,2013-09-06,4.539,15.4,0.1,seasonal
MAC000415,2013-09-07,5.012,13.6,1.9,seasonal
MAC000415,2013-09-08,5.782,11.8,3.7,seasonal
MAC000415,2013-09-09,4.63,11.6,3.9,seasonal
MAC000415,2013-09-10,4.816,12.5,3.0,seasonal
MAC000415,2013-09-11,4.378,13.5,2.0,seasonal
MAC000415,2013-09-12,5.602,14.1,1.4,seasonal
MAC000415,2013-09-13,4.39,16.2,0.0,seasonal
MAC000415,2013-09-14,5.982,11.7,3.8,seasonal
MAC000415,2013-09-15,4.607,11.3,4.2,seasonal
MAC000415,2013-09-16,5.388,11.2,4.3,seasonal
MAC000415,2013-09-17,6.144,11.0,4.5,seasonal
MAC000415,2013-09-18,4.723,12.3,3.2,seasonal
MAC000415,2013-09-19,5.434,12.0,3.5,seasonal
MAC000415,2013-09-20,4.274,13.4,2.1,seasonal
MAC000415,2013-09-21,4.75,13.5,2.0,seasonal
MAC000415,2013-09-22,4.898,16.8,0.0,seasonal
MAC000415,2013-09-23,5.394,16.6,0.0,seasonal
MAC000415,2013-09-24,4.713,15.1,0.4,seasonal
MAC000415,2013-09-25,5.004,15.7,0.0,seasonal
MAC000415,2013-09-26,4.727,14.5,1.0,seasonal
MAC000415,2013-09-27,4.267,12.6,2.9,seasonal
MAC000415,2013-09-28,4.8,14.3,1.2,seasonal
MAC000415,2013-09-29,5.552,14.3,1.2,seasonal
MAC000415,2013-09-30,4.401,14.9,0.6,seasonal
MAC000415,2013-10-01,7.02,14.3,1.2,seasonal
MAC000415,2013-10-02,4.607,15.4,0.1,seasonal
MAC000415,2013-10-03,6.318,16.1,0.0,seasonal
MAC000415,2013-10-04,4.814,17.3,0.0,seasonal
MAC000415,2013-10-05,5.119,15.3,0.2,seasonal
MAC000415,2013-10-06,5.043,13.8,1.7,seasonal
MAC000415,2013-10-07,5.026,13.3,2.2,seasonal
MAC000415,2013-10-08,4.374,15.6,0.0,seasonal
MAC000415,2013-10-09,5.997,13.6,1.9,seasonal
MAC000415,2013-10-10,18.855,9.3,6.2,seasonal
MAC000415,2013-10-11,14.067,11.1,4.4,seasonal
MAC000415,2013-10-12,13.56,11.4,4.1,seasonal
MAC000415,2013-10-13,14.925,9.6,5.9,seasonal
MAC000415,2013-10-14,15.066,9.1,6.4,seasonal
MAC000415,2013-10-15,14.764,9.5,6.0,seasonal
MAC000415,2013-10-16,13.459,9.7,5.8,seasonal
MAC000415,2013-10-17,10.846,13.2,2.3,seasonal
MAC000415,2013-10-18,11.134,12.6,2.9,seasonal
MAC000415,2013-10-19,5.012,13.9,1.6,seasonal
MAC000415,2013-10-20,5.818,13.4,2.1,seasonal
MAC000415,2013-10-21,4.683,14.8,0.7,seasonal
MAC000415,2013-10-22,6.729,16.0,0.0,seasonal
MAC000415,2013-10-23,5.088,13.9,1.6,seasonal
MAC000415,2013-10-24,5.963,11.1,4.4,seasonal
MAC000415,2013-10-25,4.452,15.3,0.2,seasonal
MAC000415,2013-10-26,4.923,15.0,0.5,seasonal
MAC000415,2013-10-27,4.461,13.5,2.0,seasonal
MAC000415,2013-10-28,15.805,12.7,2.8,seasonal
MAC000415,2013-10-29,13.928,9.1,6.4,seasonal
MAC000415,2013-10-30,13.628,9.0,6.5,seasonal
MAC000415,2013-10-31,13.172,12.5,3.0,seasonal
MAC000415,2013-11-01,13.213,12.0,3.5,seasonal
MAC000415,2013-11-02,12.632,11.5,4.0,seasonal
MAC000415,2013-11-03,12.977,8.7,6.8,seasonal
MAC000415,2013-11-04,12.991,7.4,8.1,seasonal
MAC000415,2013-11-05,8.977,7.6,7.9,seasonal
MAC000415,2013-11-06,17.768,10.4,5.1,seasonal
MAC000415,2013-11-07,12.867,10.4,5.1,seasonal
MAC000415,2013-11-08,13.808,7.5,8.0,seasonal
MAC000415,2013-11-09,13.767,5.4,10.1,seasonal
MAC000415,2013-11-10,15.955,5.2,10.3,seasonal
MAC000415,2013-11-11,12.821,8.5,7.0,seasonal
MAC000415,2013-11-12,13.372,10.0,5.5,seasonal
MAC000415,2013-11-13,13.607,5.1,10.4,seasonal
MAC000415,2013-11-14,13.372,7.2,8.3,seasonal
MAC000415,2013-11-15,16.09,4.8,10.7,seasonal
MAC000415,2013-11-16,22.209,4.0,11.5,seasonal
MAC000415,2013-11-17,23.302,6.0,9.5,seasonal
MAC000415,2013-11-18,19.949,7.8,7.7,seasonal
MAC000415,2013-11-19,21.374,2.9,12.6,seasonal
MAC000415,2013-11-20,21.183999,2.3,13.2,seasonal
MAC000415,2013-11-21,21.513,4.5,11.0,seasonal
MAC000415,2013-11-22,21.14,4.8,10.7,seasonal
MAC000415,2013-11-23,22.029,4.6,10.9,seasonal
MAC000415,2013-11-24,23.234,4.6,10.9,seasonal
MAC000415,2013-11-25,22.343,4.0,11.5,seasonal
MAC000415,2013-11-26,32.312,2.5,13.0,seasonal
MAC000415,2013-11-27,17.054,6.4,9.1,seasonal
MAC000415,2013-11-28,20.225,7.2,8.3,seasonal
MAC000415,2013-11-29,19.388,7.3,8.2,seasonal
MAC000415,2013-11-30,17.449,5.3,10.2,seasonal
MAC000415,2013-12-01,20.076,3.7,11.8,seasonal
MAC000415,2013-12-02,20.593,5.5,10.0,seasonal
MAC000415,2013-12-03,19.745,3.2,12.3,seasonal
MAC000415,2013-12-04,24.592,4.4,11.1,seasonal
MAC000415,2013-12-05,22.556,4.4,11.1,seasonal
MAC000415,2013-12-06,21.813,4.3,11.2,seasonal
MAC000415,2013-12-07,21.116,5.9,9.6,seasonal
MAC000415,2013-12-08,19.929,7.3,8.2,seasonal
MAC000415,2013-12-09,19.945,6.7,8.8,seasonal
MAC000415,2013-12-10,20.435,3.9,11.6,seasonal
MAC000415,2013-12-11,20.283,2.8,12.7,seasonal
MAC000415,2013-12-12,19.757,5.2,10.3,seasonal
MAC000415,2013-12-13,21.023,8.7,6.8,seasonal
MAC000415,2013-12-14,19.667,7.3,8.2,seasonal
MAC000415,2013-12-15,17.587,10.7,4.8,seasonal
MAC000415,2013-12-16,18.29,11.4,4.1,seasonal
MAC000415,2013-12-17,18.404,6.3,9.2,seasonal
MAC000415,2013-12-18,19.437,8.1,7.4,seasonal
MAC000415,2013-12-19,20.229,6.1,9.4,seasonal
MAC000415,2013-12-20,18.954,5.4,10.1,seasonal
MAC000415,2013-12-21,18.373,10.2,5.3,seasonal
MAC000415,2013-12-22,18.698,7.1,8.4,seasonal
MAC000415,2013-12-23,19.338,8.1,7.4,seasonal
MAC000415,2013-12-24,19.955,8.5,7.0,seasonal
MAC000415,2013-12-25,19.142,4.7,10.8,seasonal
MAC000415,2013-12-26,18.797,4.1,11.4,seasonal
MAC000415,2013-12-27,18.924,9.0,6.5,seasonal
MAC000415,2013-12-28,19.349,4.8,10.7,seasonal
MAC000415,2013-12-29,19.421,2.3,13.2,seasonal
MAC000415,2013-12-30,19.703,7.8,7.7,seasonal
MAC004428,2013-01-01,28.392,5.8,9.7,seasonal
MAC004428,2013-01-02,21.173,6.2,9.3,seasonal
MAC004428,2013-01-03,21.735,10.2,5.3,seasonal
MAC004428,2013-01-04,22.746,8.8,6.7,seasonal
MAC004428,2013-01-05,26.053,8.6,6.9,seasonal
MAC004428,2013-01-06,25.934,7.0,8.5,seasonal
MAC004428,2013-01-07,22.624,7.6,7.9,seasonal
MAC004428,2013-01-08,23.428,8.9,6.6,seasonal
MAC004428,2013-01-09,26.373999,6.8,8.7,seasonal
MAC004428,2013-01-10,28.678,1.8,13.7,seasonal
MAC004428,2013-01-11,26.956,2.7,12.8,seasonal
MAC004428,2013-01-12,32.592,2.7,12.8,seasonal
MAC004428,2013-01-13,23.536,1.1,14.4,seasonal
MAC004428,2013-01-14,1.279,0.2,15.3,seasonal
MAC004428,2013-01-15,22.671,0.6,14.9,seasonal
MAC004428,2013-01-16,41.767,-2.2,17.7,seasonal
MAC004428,2013-01-17,35.143,-2.2,17.7,seasonal
MAC004428,2013-01-18,33.739999,-1.4,16.9,seasonal
MAC004428,2013-01-19,38.923,-0.2,15.7,seasonal
MAC004428,2013-01-20,32.285,-1.2,16.7,seasonal
MAC004428,2013-01-21,37.023,-1.5,17.0,seasonal
MAC004428,2013-01-22,35.149,-1.5,17.0,seasonal
MAC004428,2013-01-23,21.393,0.9,14.6,seasonal
MAC004428,2013-01-24,22.575,-0.3,15.8,seasonal
MAC004428,2013-01-25,23.623,-1.5,17.0,seasonal
MAC004428,2013-01-26,31.387,3.3,12.2,seasonal
MAC004428,2013-01-27,28.103,7.6,7.9,seasonal
MAC004428,2013-01-28,23.626,5.8,9.7,seasonal
MAC004428,2013-01-29,23.919,10.9,4.6,seasonal
MAC004428,2013-01-30,23.666,10.1,5.4,seasonal
MAC004428,2013-01-31,26.645,8.2,7.3,seasonal
MAC004428,2013-02-01,30.796,5.4,10.1,seasonal
MAC004428,2013-02-02,28.436,2.7,12.8,seasonal
MAC004428,2013-02-03,25.534001,3.6,11.9,seasonal
MAC004428,2013-02-04,15.072,7.9,7.6,seasonal
MAC004428,2013-02-05,16.58,3.6,11.9,seasonal
MAC004428,2013-02-06,21.049,3.5,12.0,seasonal
MAC004428,2013-02-07,33.441,1.9,13.6,seasonal
MAC004428,2013-02-08,30.211,1.2,14.3,seasonal
MAC004428,2013-02-09,27.374,1.6,13.9,seasonal
MAC004428,2013-02-10,29.069,2.6,12.9,seasonal
MAC004428,2013-02-11,31.065001,1.1,14.4,seasonal
MAC004428,2013-02-12,30.615,1.1,14.4,seasonal
MAC004428,2013-02-13,27.672999,0.5,15.0,seasonal
MAC004428,2013-02-14,30.03,6.5,9.0,seasonal
MAC004428,2013-02-15,29.721,4.4,11.1,seasonal
MAC004428,2013-02-16,28.759,5.0,10.5,seasonal
MAC004428,2013-02-17,26.571,3.5,12.0,seasonal
MAC004428,2013-02-18,28.77,3.3,12.2,seasonal
MAC004428,2013-02-19,28.225,0.8,14.7,seasonal
MAC004428,2013-02-20,19.572,2.0,13.5,seasonal
MAC004428,2013-02-21,22.689,0.7,14.8,seasonal
MAC004428,2013-02-22,24.635,0.3,15.2,seasonal
MAC004428,2013-02-23,37.660999,0.3,15.2,seasonal
MAC004428,2013-02-24,33.015999,0.4,15.1,seasonal
MAC004428,2013-02-25,37.618,2.5,13.0,seasonal
MAC004428,2013-02-26,31.641,3.5,12.0,seasonal
MAC004428,2013-02-27,30.976,3.0,12.5,seasonal
MAC004428,2013-02-28,30.304,3.5,12.0,seasonal
MAC004428,2013-03-01,30.112,3.9,11.6,seasonal
MAC004428,2013-03-02,32.899,2.3,13.2,seasonal
MAC004428,2013-03-03,28.052,2.6,12.9,seasonal
MAC004428,2013-03-04,28.502,3.6,11.9,seasonal
MAC004428,2013-03-05,24.268,5.8,9.7,seasonal
MAC004428,2013-03-06,26.083,7.4,8.1,seasonal
MAC004428,2013-03-07,21.556,8.0,7.5,seasonal
MAC004428,2013-03-08,26.235,8.5,7.0,seasonal
MAC004428,2013-03-09,30.401,6.0,9.5,seasonal
MAC004428,2013-03-10,29.563,2.1,13.4,seasonal
MAC004428,2013-03-11,34.533,-0.2,15.7,seasonal
MAC004428,2013-03-12,33.072,0.1,15.4,seasonal
MAC004428,2013-03-13,29.758,1.9,13.6,seasonal
MAC004428,2013-03-14,28.276,1.0,14.5,seasonal
MAC004428,2013-03-15,27.413,4.3,11.2,seasonal
MAC004428,2013-03-16,29.828,6.1,9.4,seasonal
MAC004428,2013-03-17,30.227,4.7,10.8,seasonal
MAC004428,2013-03-18,28.733,3.2,12.3,seasonal
MAC004428,2013-03-19,28.779,3.3,12.2,seasonal
MAC004428,2013-03-20,13.006,3.2,12.3,seasonal
MAC004428,2013-03-21,20.322,3.1,12.4,seasonal
MAC004428,2013-03-22,22.975,3.2,12.3,seasonal
MAC004428,2013-03-23,36.443,1.6,13.9,seasonal
MAC004428,2013-03-24,32.582,0.1,15.4,seasonal
MAC004428,2013-03-25,33.324,0.4,15.1,seasonal
MAC004428,2013-03-26,32.519,0.3,15.2,seasonal
MAC004428,2013-03-27,31.722,0.8,14.7,seasonal
MAC004428,2013-03-28,31.76,1.0,14.5,seasonal
MAC004428,2013-03-29,29.166,0.2,15.3,seasonal
MAC004428,2013-03-30,18.397,1.2,14.3,seasonal
MAC004428,2013-03-31,21.173,0.5,15.0,seasonal
MAC004428,2013-04-01,22.984,1.8,13.7,seasonal
MAC004428,2013-04-02,33.327,2.6,12.9,seasonal
MAC004428,2013-04-03,33.689999,1.7,13.8,seasonal
MAC004428,2013-04-04,31.267,1.9,13.6,seasonal
MAC004428,2013-04-05,34.65,3.3,12.2,seasonal
MAC004428,2013-04-06,30.429,3.5,12.0,seasonal
MAC004428,2013-04-07,27.143,3.2,12.3,seasonal
MAC004428,2013-04-08,26.753,4.9,10.6,seasonal
MAC004428,2013-04-09,23.458,4.8,10.7,seasonal
MAC004428,2013-04-10,21.623,6.1,9.4,seasonal
MAC004428,2013-04-11,19.436,7.1,8.4,seasonal
MAC004428,2013-04-12,14.122,8.4,7.1,seasonal
MAC004428,2013-04-13,14.187,8.2,7.3,seasonal
MAC004428,2013-04-14,1.222,13.4,2.1,seasonal
MAC004428,2013-04-15,0.906,11.5,4.0,seasonal
MAC004428,2013-04-16,0.86,11.3,4.2,seasonal
MAC004428,2013-04-17,1.768,11.8,3.7,seasonal
MAC004428,2013-04-18,0.871,10.1,5.4,seasonal
MAC004428,2013-04-19,0.789,8.4,7.1,seasonal
MAC004428,2013-04-20,2.194,5.9,9.6,seasonal
MAC004428,2013-04-21,0.862,7.0,8.5,seasonal
MAC004428,2013-04-22,0.923,9.3,6.2,seasonal
MAC004428,2013-04-23,0.835,13.1,2.4,seasonal
MAC004428,2013-04-24,0.695,12.5,3.0,seasonal
MAC004428,2013-04-25,0.669,14.2,1.3,seasonal
MAC004428,2013-04-26,0.654,8.9,6.6,seasonal
MAC004428,2013-04-27,0.826,6.0,9.5,seasonal
MAC004428,2013-04-28,1.037,6.2,9.3,seasonal
MAC004428,2013-04-29,1.112,9.2,6.3,seasonal
MAC004428,2013-04-30,0.843,7.9,7.6,seasonal
MAC004428,2013-05-01,0.901,8.4,7.1,seasonal
MAC004428,2013-05-02,0.856,9.1,6.4,seasonal
MAC004428,2013-05-03,0.907,11.1,4.4,seasonal
MAC004428,2013-05-04,0.915,10.9,4.6,seasonal
MAC004428,2013-05-05,0.94,11.4,4.1,seasonal
MAC004428,2013-05-06,0.993,13.2,2.3,seasonal
MAC004428,2013-05-07,0.844,13.8,1.7,seasonal
MAC004428,2013-05-08,0.915,12.9,2.6,seasonal
MAC004428,2013-05-09,0.909,10.5,5.0,seasonal
MAC004428,2013-05-10,0.796,12.4,3.1,seasonal
MAC004428,2013-05-11,0.753,10.4,5.1,seasonal
MAC004428,2013-05-12,0.863,9.6,5.9,seasonal
MAC004428,2013-05-13,0.877,11.0,4.5,seasonal
MAC004428,2013-05-14,0.83,8.6,6.9,seasonal
MAC004428,2013-05-15,0.844,9.1,6.4,seasonal
MAC004428,2013-05-16,0.686,9.5,6.0,seasonal
MAC004428,2013-05-17,0.668,9.1,6.4,seasonal
MAC004428,2013-05-18,0.685,10.9,4.6,seasonal
MAC004428,2013-05-19,0.679,12.7,2.8,seasonal
MAC004428,2013-05-20,0.684,13.4,2.1,seasonal
MAC004428,2013-05-21,0.677,12.9,2.6,seasonal
MAC004428,2013-05-22,0.663,11.4,4.1,seasonal
MAC004428,2013-05-23,0.93,8.1,7.4,seasonal
MAC004428,2013-05-24,0.744,7.1,8.4,seasonal
MAC004428,2013-05-25,0.895,9.5,6.0,seasonal
MAC004428,2013-05-26,0.912,11.5,4.0,seasonal
MAC004428,2013-05-27,0.872,11.0,4.5,seasonal
MAC004428,2013-05-28,1.664,10.8,4.7,seasonal
MAC004428,2013-05-29,0.796,10.7,4.8,seasonal
MAC004428,2013-05-30,1.418,12.4,3.1,seasonal
MAC004428,2013-05-31,1.709,14.5,1.0,seasonal
MAC004428,2013-06-01,0.85,12.9,2.6,seasonal
MAC004428,2013-06-02,0.865,12.8,2.7,seasonal
MAC004428,2013-06-03,0.806,11.9,3.6,seasonal
MAC004428,2013-06-04,0.926,12.1,3.4,seasonal
MAC004428,2013-06-05,0.923,12.6,2.9,seasonal
MAC004428,2013-06-06,1.469,13.3,2.2,seasonal
MAC004428,2013-06-07,1.105,14.1,1.4,seasonal
MAC004428,2013-06-08,0.953,12.4,3.1,seasonal
MAC004428,2013-06-09,0.861,12.5,3.0,seasonal
MAC004428,2013-06-10,1.648,12.4,3.1,seasonal
MAC004428,2013-06-11,0.846,13.3,2.2,seasonal
MAC004428,2013-06-12,1.024,15.2,0.3,seasonal
MAC004428,2013-06-13,1.056,14.6,0.9,seasonal
MAC004428,2013-06-14,0.742,13.5,2.0,seasonal
MAC004428,2013-06-15,0.744,13.9,1.6,seasonal
MAC004428,2013-06-16,0.739,13.5,2.0,seasonal
MAC004428,2013-06-17,0.735,14.9,0.6,seasonal
MAC004428,2013-06-18,0.732,17.2,0.0,seasonal
MAC004428,2013-06-19,0.759,19.0,0.0,seasonal
MAC004428,2013-06-20,0.765,17.3,0.0,seasonal
MAC004428,2013-06-21,0.766,16.6,0.0,seasonal
MAC004428,2013-06-22,1.111,14.3,1.2,seasonal
MAC004428,2013-06-23,1.064,14.8,0.7,seasonal
MAC004428,2013-06-24,0.987,12.8,2.7,seasonal
MAC004428,2013-06-25,1.028,14.1,1.4,seasonal
MAC004428,2013-06-26,0.825,16.0,0.0,seasonal
MAC004428,2013-06-27,0.883,14.5,1.0,seasonal
MAC004428,2013-06-28,0.839,15.4,0.1,seasonal
MAC004428,2013-06-29,1.016,15.8,0.0,seasonal
MAC004428,2013-06-30,0.875,18.5,0.0,seasonal
MAC004428,2013-07-01,0.958,16.3,0.0,seasonal
MAC004428,2013-07-02,0.884,14.5,1.0,seasonal
MAC004428,2013-07-03,1.24,16.4,0.0,seasonal
MAC004428,2013-07-04,0.974,17.1,0.0,seasonal
MAC004428,2013-07-05,0.843,18.3,0.0,seasonal
MAC004428,2013-07-06,0.988,18.9,0.0,seasonal
MAC004428,2013-07-07,0.937,20.5,0.0,seasonal
MAC004428,2013-07-08,0.905,18.9,0.0,seasonal
MAC004428,2013-07-09,0.968,18.1,0.0,seasonal
MAC004428,2013-07-10,0.913,17.2,0.0,seasonal
MAC004428,2013-07-11,0.87,15.2,0.3,seasonal
MAC004428,2013-07-12,1.505,17.0,0.0,seasonal
MAC004428,2013-07-13,1.04,21.6,0.0,seasonal
MAC004428,2013-07-14,0.908,22.1,0.0,seasonal
MAC004428,2013-07-15,1.169,21.8,0.0,seasonal
MAC004428,2013-07-16,0.922,22.8,0.0,seasonal
MAC004428,2013-07-17,1.029,22.9,0.0,seasonal
MAC004428,2013-07-18,1.12,21.2,0.0,seasonal
MAC004428,2013-07-19,1.062,20.3,0.0,seasonal
MAC004428,2013-07-20,1.624,18.8,0.0,seasonal
MAC004428,2013-07-21,1.051,20.2,0.0,seasonal
MAC004428,2013-07-22,1.588,23.8,0.0,seasonal
MAC004428,2013-07-23,1.033,23.1,0.0,seasonal
MAC004428,2013-07-24,0.878,20.5,0.0,seasonal
MAC004428,2013-07-25,1.05,19.8,0.0,seasonal
MAC004428,2013-07-26,0.851,19.6,0.0,seasonal
MAC004428,2013-07-27,0.865,20.0,0.0,seasonal
MAC004428,2013-07-28,0.847,18.7,0.0,seasonal
MAC004428,2013-07-29,0.841,17.9,0.0,seasonal
MAC004428,2013-07-30,0.929,16.8,0.0,seasonal
MAC004428,2013-07-31,1.457,18.6,0.0,seasonal
MAC004428,2013-08-01,0.956,22.8,0.0,seasonal
MAC004428,2013-08-02,1.02,19.6,0.0,seasonal
MAC004428,2013-08-03,1.538,18.1,0.0,seasonal
MAC004428,2013-08-04,0.918,17.9,0.0,seasonal
MAC004428,2013-08-05,1.102,18.3,0.0,seasonal
MAC004428,2013-08-06,1.109,16.8,0.0,seasonal
MAC004428,2013-08-07,1.152,17.3,0.0,seasonal
MAC004428,2013-08-08,0.966,16.6,0.0,seasonal
MAC004428,2013-08-09,0.951,18.3,0.0,seasonal
MAC004428,2013-08-10,0.998,16.9,0.0,seasonal
MAC004428,2013-08-11,0.964,18.2,0.0,seasonal
MAC004428,2013-08-12,1.021,16.3,0.0,seasonal
MAC004428,2013-08-13,0.965,15.3,0.2,seasonal
MAC004428,2013-08-14,0.924,16.4,0.0,seasonal
MAC004428,2013-08-15,0.919,19.2,0.0,seasonal
MAC004428,2013-08-16,1.025,17.9,0.0,seasonal
MAC004428,2013-08-17,0.805,16.6,0.0,seasonal
MAC004428,2013-08-18,1.009,18.8,0.0,seasonal
MAC004428,2013-08-19,0.882,17.0,0.0,seasonal
MAC004428,2013-08-20,0.882,17.6,0.0,seasonal
MAC004428,2013-08-21,1.003,18.1,0.0,seasonal
MAC004428,2013-08-22,1.574,18.7,0.0,seasonal
MAC004428,2013-08-23,1.108,20.0,0.0,seasonal
MAC004428,2013-08-24,1.025,17.0,0.0,seasonal
MAC004428,2013-08-25,0.9,17.1,0.0,seasonal
MAC004428,2013-08-26,1.11,18.2,0.0,seasonal
MAC004428,2013-08-27,0.902,16.1,0.0,seasonal
MAC004428,2013-08-28,1.691,16.1,0.0,seasonal
MAC004428,2013-08-29,1.244,17.9,0.0,seasonal
MAC004428,2013-08-30,1.155,18.3,0.0,seasonal
MAC004428,2013-08-31,0.909,16.3,0.0,seasonal
MAC004428,2013-09-01,1.18,14.7,0.8,seasonal
MAC004428,2013-09-02,0.771,16.8,0.0,seasonal
MAC004428,2013-09-03,0.76,18.5,0.0,seasonal
MAC004428,2013-09-04,0.773,18.7,0.0,seasonal
MAC004428,2013-09-05,0.776,20.4,0.0,seasonal
MAC004428,2013-09-06,0.774,15.4,0.1,seasonal
MAC004428,2013-09-07,0.755,13.6,1.9,seasonal
MAC004428,2013-09-08,0.743,11.8,3.7,seasonal
MAC004428,2013-09-09,0.714,11.6,3.9,seasonal
MAC004428,2013-09-10,0.704,12.5,3.0,seasonal
MAC004428,2013-09-11,0.721,13.5,2.0,seasonal
MAC004428,2013-09-12,0.723,14.1,1.4,seasonal
MAC004428,2013-09-13,0.725,16.2,0.0,seasonal
MAC004428,2013-09-14,1.423,11.7,3.8,seasonal
MAC004428,2013-09-15,0.932,11.3,4.2,seasonal
MAC004428,2013-09-16,1.285,11.2,4.3,seasonal
MAC004428,2013-09-17,0.877,11.0,4.5,seasonal
MAC004428,2013-09-18,0.712,12.3,3.2,seasonal
MAC004428,2013-09-19,0.71,12.0,3.5,seasonal
MAC004428,2013-09-20,1.33,13.4,2.1,seasonal
MAC004428,2013-09-21,0.831,13.5,2.0,seasonal
MAC004428,2013-09-22,0.959,16.8,0.0,seasonal
MAC004428,2013-09-23,0.91,16.6,0.0,seasonal
MAC004428,2013-09-24,0.91,15.1,0.4,seasonal
MAC004428,2013-09-25,0.967,15.7,0.0,seasonal
MAC004428,2013-09-26,0.948,14.5,1.0,seasonal
MAC004428,2013-09-27,0.984,12.6,2.9,seasonal
MAC004428,2013-09-28,0.899,14.3,1.2,seasonal
MAC004428,2013-09-29,0.852,14.3,1.2,seasonal
MAC004428,2013-09-30,0.861,14.9,0.6,seasonal
MAC004428,2013-10-01,1.182,14.3,1.2,seasonal
MAC004428,2013-10-02,0.979,15.4,0.1,seasonal
MAC004428,2013-10-03,1.025,16.1,0.0,seasonal
MAC004428,2013-10-04,0.941,17.3,0.0,seasonal
MAC004428,2013-10-05,1.346,15.3,0.2,seasonal
MAC004428,2013-10-06,1.162,13.8,1.7,seasonal
MAC004428,2013-10-07,1.227,13.3,2.2,seasonal
MAC004428,2013-10-08,1.128,15.6,0.0,seasonal
MAC004428,2013-10-09,0.995,13.6,1.9,seasonal
MAC004428,2013-10-10,0.697,9.3,6.2,seasonal
MAC004428,2013-10-11,0.699,11.1,4.4,seasonal
MAC004428,2013-10-12,0.7,11.4,4.1,seasonal
MAC004428,2013-10-13,16.083,9.6,5.9,seasonal
MAC004428,2013-10-14,16.621,9.1,6.4,seasonal
MAC004428,2013-10-15,14.401,9.5,6.0,seasonal
MAC004428,2013-10-16,12.566,9.7,5.8,seasonal
MAC004428,2013-10-17,13.324,13.2,2.3,seasonal
MAC004428,2013-10-18,10.813,12.6,2.9,seasonal
MAC004428,2013-10-19,10.112,13.9,1.6,seasonal
MAC004428,2013-10-20,9.597,13.4,2.1,seasonal
MAC004428,2013-10-21,9.34,14.8,0.7,seasonal
MAC004428,2013-10-22,8.711,16.0,0.0,seasonal
MAC004428,2013-10-23,13.843,13.9,1.6,seasonal
MAC004428,2013-10-24,9.762,11.1,4.4,seasonal
MAC004428,2013-10-25,9.609,15.3,0.2,seasonal
MAC004428,2013-10-26,9.239,15.0,0.5,seasonal
MAC004428,2013-10-27,10.015,13.5,2.0,seasonal
MAC004428,2013-10-28,12.59,12.7,2.8,seasonal
MAC004428,2013-10-29,1.288,9.1,6.4,seasonal
MAC004428,2013-10-30,0.71,9.0,6.5,seasonal
MAC004428,2013-10-31,0.693,12.5,3.0,seasonal
MAC004428,2013-11-01,0.692,12.0,3.5,seasonal
MAC004428,2013-11-02,0.672,11.5,4.0,seasonal
MAC004428,2013-11-03,22.246,8.7,6.8,seasonal
MAC004428,2013-11-04,19.436,7.4,8.1,seasonal
MAC004428,2013-11-05,12.627,7.6,7.9,seasonal
MAC004428,2013-11-06,15.439,10.4,5.1,seasonal
MAC004428,2013-11-07,17.051,10.4,5.1,seasonal
MAC004428,2013-11-08,0.861,7.5,8.0,seasonal
MAC004428,2013-11-09,0.736,5.4,10.1,seasonal
MAC004428,2013-11-10,0.696,5.2,10.3,seasonal
MAC004428,2013-11-11,0.723,8.5,7.0,seasonal
MAC004428,2013-11-12,0.703,10.0,5.5,seasonal
MAC004428,2013-11-13,0.707,5.1,10.4,seasonal
MAC004428,2013-11-14,0.685,7.2,8.3,seasonal
MAC004428,2013-11-15,0.694,4.8,10.7,seasonal
MAC004428,2013-11-16,28.018,4.0,11.5,seasonal
MAC004428,2013-11-17,16.509,6.0,9.5,seasonal
MAC004428,2013-11-18,20.287,7.8,7.7,seasonal
MAC004428,2013-11-19,21.133,2.9,12.6,seasonal
MAC004428,2013-11-20,22.337,2.3,13.2,seasonal
MAC004428,2013-11-21,22.92,4.5,11.0,seasonal
MAC004428,2013-11-22,24.145,4.8,10.7,seasonal
MAC004428,2013-11-23,21.2,4.6,10.9,seasonal
MAC004428,2013-11-24,20.339,4.6,10.9,seasonal
MAC004428,2013-11-25,21.075,4.0,11.5,seasonal
MAC004428,2013-11-26,18.799,2.5,13.0,seasonal
MAC004428,2013-11-27,14.966,6.4,9.1,seasonal
MAC004428,2013-11-28,16.954,7.2,8.3,seasonal
MAC004428,2013-11-29,13.004,7.3,8.2,seasonal
MAC004428,2013-11-30,20.064,5.3,10.2,seasonal
MAC004428,2013-12-01,14.308,3.7,11.8,seasonal
MAC004428,2013-12-02,16.754,5.5,10.0,seasonal
MAC004428,2013-12-03,17.494,3.2,12.3,seasonal
MAC004428,2013-12-04,19.974,4.4,11.1,seasonal
MAC004428,2013-12-05,20.625,4.4,11.1,seasonal
MAC004428,2013-12-06,15.068,4.3,11.2,seasonal
MAC004428,2013-12-07,14.089,5.9,9.6,seasonal
MAC004428,2013-12-08,16.961,7.3,8.2,seasonal
MAC004428,2013-12-09,18.802,6.7,8.8,seasonal
MAC004428,2013-12-10,20.081,3.9,11.6,seasonal
MAC004428,2013-12-11,20.848,2.8,12.7,seasonal
MAC004428,2013-12-12,17.223001,5.2,10.3,seasonal
MAC004428,2013-12-13,16.741,8.7,6.8,seasonal
MAC004428,2013-12-14,16.55,7.3,8.2,seasonal
MAC004428,2013-12-15,13.295,10.7,4.8,seasonal
MAC004428,2013-12-16,18.488,11.4,4.1,seasonal
MAC004428,2013-12-17,14.866,6.3,9.2,seasonal
MAC004428,2013-12-18,16.146,8.1,7.4,seasonal
MAC004428,2013-12-19,20.093,6.1,9.4,seasonal
MAC004428,2013-12-20,18.479,5.4,10.1,seasonal
MAC004428,2013-12-21,0.825,10.2,5.3,seasonal
MAC004428,2013-12-22,0.678,7.1,8.4,seasonal
MAC004428,2013-12-23,0.651,8.1,7.4,seasonal
MAC004428,2013-12-24,0.653,8.5,7.0,seasonal
MAC004428,2013-12-25,0.644,4.7,10.8,seasonal
MAC004428,2013-12-26,0.619,4.1,11.4,seasonal
MAC004428,2013-12-27,0.646,9.0,6.5,seasonal
MAC004428,2013-12-28,0.619,4.8,10.7,seasonal
MAC004428,2013-12-29,0.624,2.3,13.2,seasonal
MAC004428,2013-12-30,0.637,7.8,7.7,seasonal
MAC004515,2013-01-01,21.896,5.8,9.7,seasonal
MAC004515,2013-01-02,22.156,6.2,9.3,seasonal
MAC004515,2013-01-03,19.502,10.2,5.3,seasonal
MAC004515,2013-01-04,21.027,8.8,6.7,seasonal
MAC004515,2013-01-05,22.902,8.6,6.9,seasonal
MAC004515,2013-01-06,21.199,7.0,8.5,seasonal
MAC004515,2013-01-07,19.586,7.6,7.9,seasonal
MAC004515,2013-01-08,20.597,8.9,6.6,seasonal
MAC004515,2013-01-09,21.321,6.8,8.7,seasonal
MAC004515,2013-01-10,25.345,1.8,13.7,seasonal
MAC004515,2013-01-11,23.193,2.7,12.8,seasonal
MAC004515,2013-01-12,27.642,2.7,12.8,seasonal
MAC004515,2013-01-13,22.685,1.1,14.4,seasonal
MAC004515,2013-01-14,21.752,0.2,15.3,seasonal
MAC004515,2013-01-15,22.691,0.6,14.9,seasonal
MAC004515,2013-01-16,26.888,-2.2,17.7,seasonal
MAC004515,2013-01-17,24.868,-2.2,17.7,seasonal
MAC004515,2013-01-18,24.463,-1.4,16.9,seasonal
MAC004515,2013-01-19,20.808,-0.2,15.7,seasonal
MAC004515,2013-01-20,21.15,-1.2,16.7,seasonal
MAC004515,2013-01-21,23.94,-1.5,17.0,seasonal
MAC004515,2013-01-22,20.539,-1.5,17.0,seasonal
MAC004515,2013-01-23,20.684,0.9,14.6,seasonal
MAC004515,2013-01-24,24.498,-0.3,15.8,seasonal
MAC004515,2013-01-25,23.275,-1.5,17.0,seasonal
MAC004515,2013-01-26,25.194,3.3,12.2,seasonal
MAC004515,2013-01-27,21.112,7.6,7.9,seasonal
MAC004515,2013-01-28,19.07,5.8,9.7,seasonal
MAC004515,2013-01-29,23.064,10.9,4.6,seasonal
MAC004515,2013-01-30,19.788,10.1,5.4,seasonal
MAC004515,2013-01-31,22.06,8.2,7.3,seasonal
MAC004515,2013-02-01,15.837,5.4,10.1,seasonal
MAC004515,2013-02-02,25.726,2.7,12.8,seasonal
MAC004515,2013-02-03,22.963,3.6,11.9,seasonal
MAC004515,2013-02-04,22.01,7.9,7.6,seasonal
MAC004515,2013-02-05,24.105,3.6,11.9,seasonal
MAC004515,2013-02-06,26.728,3.5,12.0,seasonal
MAC004515,2013-02-07,21.663,1.9,13.6,seasonal
MAC004515,2013-02-08,22.109,1.2,14.3,seasonal
MAC004515,2013-02-09,20.839,1.6,13.9,seasonal
MAC004515,2013-02-10,23.31,2.6,12.9,seasonal
MAC004515,2013-02-11,24.697,1.1,14.4,seasonal
MAC004515,2013-02-12,20.923,1.1,14.4,seasonal
MAC004515,2013-02-13,21.693,0.5,15.0,seasonal
MAC004515,2013-02-14,22.019,6.5,9.0,seasonal
MAC004515,2013-02-15,20.774,4.4,11.1,seasonal
MAC004515,2013-02-16,21.662,5.0,10.5,seasonal
MAC004515,2013-02-17,22.548,3.5,12.0,seasonal
MAC004515,2013-02-18,12.429,3.3,12.2,seasonal
MAC004515,2013-02-19,20.772,0.8,14.7,seasonal
MAC004515,2013-02-20,20.94,2.0,13.5,seasonal
MAC004515,2013-02-21,24.011,0.7,14.8,seasonal
MAC004515,2013-02-22,22.824,0.3,15.2,seasonal
MAC004515,2013-02-23,23.252,0.3,15.2,seasonal
MAC004515,2013-02-24,25.601,0.4,15.1,seasonal
MAC004515,2013-02-25,25.374,2.5,13.0,seasonal
MAC004515,2013-02-26,22.624,3.5,12.0,seasonal
MAC004515,2013-02-27,22.291,3.0,12.5,seasonal
MAC004515,2013-02-28,21.496,3.5,12.0,seasonal
MAC004515,2013-03-01,22.893,3.9,11.6,seasonal
MAC004515,2013-03-02,23.076,2.3,13.2,seasonal
MAC004515,2013-03-03,23.036,2.6,12.9,seasonal
MAC004515,2013-03-04,19.794,3.6,11.9,seasonal
MAC004515,2013-03-05,23.008,5.8,9.7,seasonal
MAC004515,2013-03-06,19.632,7.4,8.1,seasonal
MAC004515,2013-03-07,12.398,8.0,7.5,seasonal
MAC004515,2013-03-08,20.282,8.5,7.0,seasonal
MAC004515,2013-03-09,18.603,6.0,9.5,seasonal
MAC004515,2013-03-10,22.49,2.1,13.4,seasonal
MAC004515,2013-03-11,32.006,-0.2,15.7,seasonal
MAC004515,2013-03-12,23.681,0.1,15.4,seasonal
MAC004515,2013-03-13,21.983,1.9,13.6,seasonal
MAC004515,2013-03-14,28.498,1.0,14.5,seasonal
MAC004515,2013-03-15,21.302,4.3,11.2,seasonal
MAC004515,2013-03-16,27.095,6.1,9.4,seasonal
MAC004515,2013-03-17,15.673,4.7,10.8,seasonal
MAC004515,2013-03-18,12.653,3.2,12.3,seasonal
MAC004515,2013-03-19,22.535,3.3,12.2,seasonal
MAC004515,2013-03-20,20.766,3.2,12.3,seasonal
MAC004515,2013-03-21,20.416,3.1,12.4,seasonal
MAC004515,2013-03-22,21.297,3.2,12.3,seasonal
MAC004515,2013-03-23,23.598,1.6,13.9,seasonal
MAC004515,2013-03-24,24.662,0.1,15.4,seasonal
MAC004515,2013-03-25,23.419,0.4,15.1,seasonal
MAC004515,2013-03-26,29.679,0.3,15.2,seasonal
MAC004515,2013-03-27,26.618,0.8,14.7,seasonal
MAC004515,2013-03-28,27.247,1.0,14.5,seasonal
MAC004515,2013-03-29,28.164,0.2,15.3,seasonal
MAC004515,2013-03-30,25.522,1.2,14.3,seasonal
MAC004515,2013-03-31,26.261,0.5,15.0,seasonal
MAC004515,2013-04-01,24.491,1.8,13.7,seasonal
MAC004515,2013-04-02,24.121,2.6,12.9,seasonal
MAC004515,2013-04-03,24.898,1.7,13.8,seasonal
MAC004515,2013-04-04,26.187,1.9,13.6,seasonal
MAC004515,2013-04-05,27.6,3.3,12.2,seasonal
MAC004515,2013-04-06,13.395,3.5,12.0,seasonal
MAC004515,2013-04-07,12.269,3.2,12.3,seasonal
MAC004515,2013-04-08,11.716,4.9,10.6,seasonal
MAC004515,2013-04-09,12.256,4.8,10.7,seasonal
MAC004515,2013-04-10,17.9,6.1,9.4,seasonal
MAC004515,2013-04-11,11.857,7.1,8.4,seasonal
MAC004515,2013-04-12,12.323,8.4,7.1,seasonal
MAC004515,2013-04-13,14.616,8.2,7.3,seasonal
MAC004515,2013-04-14,12.387,13.4,2.1,seasonal
MAC004515,2013-04-15,11.545,11.5,4.0,seasonal
MAC004515,2013-04-16,11.721,11.3,4.2,seasonal
MAC004515,2013-04-17,11.56,11.8,3.7,seasonal
MAC004515,2013-04-18,12.21,10.1,5.4,seasonal
MAC004515,2013-04-19,12.886,8.4,7.1,seasonal
MAC004515,2013-04-20,2.982,5.9,9.6,seasonal
MAC004515,2013-04-21,1.394,7.0,8.5,seasonal
MAC004515,2013-04-22,5.87,9.3,6.2,seasonal
MAC004515,2013-04-23,1.515,13.1,2.4,seasonal
MAC004515,2013-04-24,1.669,12.5,3.0,seasonal
MAC004515,2013-04-25,1.55,14.2,1.3,seasonal
MAC004515,2013-04-26,2.172,8.9,6.6,seasonal
MAC004515,2013-04-27,4.004,6.0,9.5,seasonal
MAC004515,2013-04-28,4.405,6.2,9.3,seasonal
MAC004515,2013-04-29,1.711,9.2,6.3,seasonal
MAC004515,2013-04-30,1.735,7.9,7.6,seasonal
MAC004515,2013-05-01,1.536,8.4,7.1,seasonal
MAC004515,2013-05-02,1.98,9.1,6.4,seasonal
MAC004515,2013-05-03,1.377,11.1,4.4,seasonal
MAC004515,2013-05-04,2.604,10.9,4.6,seasonal
MAC004515,2013-05-05,7.012,11.4,4.1,seasonal
MAC004515,2013-05-06,1.625,13.2,2.3,seasonal
MAC004515,2013-05-07,1.622,13.8,1.7,seasonal
MAC004515,2013-05-08,1.622,12.9,2.6,seasonal
MAC004515,2013-05-09,1.689,10.5,5.0,seasonal
MAC004515,2013-05-10,2.139,12.4,3.1,seasonal
MAC004515,2013-05-11,4.768,10.4,5.1,seasonal
MAC004515,2013-05-12,2.629,9.6,5.9,seasonal
MAC004515,2013-05-13,2.593,11.0,4.5,seasonal
MAC004515,2013-05-14,1.753,8.6,6.9,seasonal
MAC004515,2013-05-15,1.708,9.1,6.4,seasonal
MAC004515,2013-05-16,1.678,9.5,6.0,seasonal
MAC004515,2013-05-17,6.822,9.1,6.4,seasonal
MAC004515,2013-05-18,2.149,10.9,4.6,seasonal
MAC004515,2013-05-19,1.893,12.7,2.8,seasonal
MAC004515,2013-05-20,2.672,13.4,2.1,seasonal
MAC004515,2013-05-21,1.366,12.9,2.6,seasonal
MAC004515,2013-05-22,1.706,11.4,4.1,seasonal
MAC004515,2013-05-23,2.796,8.1,7.4,seasonal
MAC004515,2013-05-24,3.371,7.1,8.4,seasonal
MAC004515,2013-05-25,1.667,9.5,6.0,seasonal
MAC004515,2013-05-26,3.029,11.5,4.0,seasonal
MAC004515,2013-05-27,4.057,11.0,4.5,seasonal
MAC004515,2013-05-28,4.278,10.8,4.7,seasonal
MAC004515,2013-05-29,2.083,10.7,4.8,seasonal
MAC004515,2013-05-30,3.822,12.4,3.1,seasonal
MAC004515,2013-05-31,2.532,14.5,1.0,seasonal
MAC004515,2013-06-01,2.192,12.9,2.6,seasonal
MAC004515,2013-06-02,3.053,12.8,2.7,seasonal
MAC004515,2013-06-03,1.58,11.9,3.6,seasonal
MAC004515,2013-06-04,1.555,12.1,3.4,seasonal
MAC004515,2013-06-05,1.55,12.6,2.9,seasonal
MAC004515,2013-06-06,1.77,13.3,2.2,seasonal
MAC004515,2013-06-07,4.477,14.1,1.4,seasonal
MAC004515,2013-06-08,1.857,12.4,3.1,seasonal
MAC004515,2013-06-09,4.236,12.5,3.0,seasonal
MAC004515,2013-06-10,1.884,12.4,3.1,seasonal
MAC004515,2013-06-11,1.591,13.3,2.2,seasonal
MAC004515,2013-06-12,1.569,15.2,0.3,seasonal
MAC004515,2013-06-13,2.424,14.6,0.9,seasonal
MAC004515,2013-06-14,2.046,13.5,2.0,seasonal
MAC004515,2013-06-15,2.813,13.9,1.6,seasonal
MAC004515,2013-06-16,3.845,13.5,2.0,seasonal
MAC004515,2013-06-17,1.668,14.9,0.6,seasonal
MAC004515,2013-06-18,1.604,17.2,0.0,seasonal
MAC004515,2013-06-19,1.525,19.0,0.0,seasonal
MAC004515,2013-06-20,2.496,17.3,0.0,seasonal
MAC004515,2013-06-21,2.505,16.6,0.0,seasonal
MAC004515,2013-06-22,2.115,14.3,1.2,seasonal
MAC004515,2013-06-23,2.595,14.8,0.7,seasonal
MAC004515,2013-06-24,1.536,12.8,2.7,seasonal
MAC004515,2013-06-25,1.625,14.1,1.4,seasonal
MAC004515,2013-06-26,1.647,16.0,0.0,seasonal
MAC004515,2013-06-27,2.251,14.5,1.0,seasonal
MAC004515,2013-06-28,3.345,15.4,0.1,seasonal
MAC004515,2013-06-29,2.423,15.8,0.0,seasonal
MAC004515,2013-06-30,2.134,18.5,0.0,seasonal
MAC004515,2013-07-01,1.558,16.3,0.0,seasonal
MAC004515,2013-07-02,1.516,14.5,1.0,seasonal
MAC004515,2013-07-03,1.59,16.4,0.0,seasonal
MAC004515,2013-07-04,1.564,17.1,0.0,seasonal
MAC004515,2013-07-05,2.374,18.3,0.0,seasonal
MAC004515,2013-07-06,2.213,18.9,0.0,seasonal
MAC004515,2013-07-07,2.528,20.5,0.0,seasonal
MAC004515,2013-07-08,2.399,18.9,0.0,seasonal
MAC004515,2013-07-09,2.917,18.1,0.0,seasonal
MAC004515,2013-07-10,2.551,17.2,0.0,seasonal
MAC004515,2013-07-11,3.456,15.2,0.3,seasonal
MAC004515,2013-07-12,3.099,17.0,0.0,seasonal
MAC004515,2013-07-13,2.609,21.6,0.0,seasonal
MAC004515,2013-07-14,2.656,22.1,0.0,seasonal
MAC004515,2013-07-15,3.294,21.8,0.0,seasonal
MAC004515,2013-07-16,1.296,22.8,0.0,seasonal
MAC004515,2013-07-17,2.891,22.9,0.0,seasonal
MAC004515,2013-07-18,2.769,21.2,0.0,seasonal
MAC004515,2013-07-19,1.995,20.3,0.0,seasonal
MAC004515,2013-07-20,2.292,18.8,0.0,seasonal
MAC004515,2013-07-21,2.787,20.2,0.0,seasonal
MAC004515,2013-07-22,2.844,23.8,0.0,seasonal
MAC004515,2013-07-23,3.091,23.1,0.0,seasonal
MAC004515,2013-07-24,2.982,20.5,0.0,seasonal
MAC004515,2013-07-25,3.288,19.8,0.0,seasonal
MAC004515,2013-07-26,3.656,19.6,0.0,seasonal
MAC004515,2013-07-27,4.066,20.0,0.0,seasonal
MAC004515,2013-07-28,2.736,18.7,0.0,seasonal
MAC004515,2013-07-29,2.79,17.9,0.0,seasonal
MAC004515,2013-07-30,2.423,16.8,0.0,seasonal
MAC004515,2013-07-31,2.828,18.6,0.0,seasonal
MAC004515,2013-08-01,2.422,22.8,0.0,seasonal
MAC004515,2013-08-02,2.147,19.6,0.0,seasonal
MAC004515,2013-08-03,3.753,18.1,0.0,seasonal
MAC004515,2013-08-04,3.926,17.9,0.0,seasonal
MAC004515,2013-08-05,3.516,18.3,0.0,seasonal
MAC004515,2013-08-06,2.82,16.8,0.0,seasonal
MAC004515,2013-08-07,3.257,17.3,0.0,seasonal
MAC004515,2013-08-08,2.334,16.6,0.0,seasonal
MAC004515,2013-08-09,2.09,18.3,0.0,seasonal
MAC004515,2013-08-10,1.876,16.9,0.0,seasonal
MAC004515,2013-08-11,3.498,18.2,0.0,seasonal
MAC004515,2013-08-12,5.577,16.3,0.0,seasonal
MAC004515,2013-08-13,2.163,15.3,0.2,seasonal
MAC004515,2013-08-14,3.878,16.4,0.0,seasonal
MAC004515,2013-08-15,2.556,19.2,0.0,seasonal
MAC004515,2013-08-16,2.621,17.9,0.0,seasonal
MAC004515,2013-08-17,2.777,16.6,0.0,seasonal
MAC004515,2013-08-18,2.271,18.8,0.0,seasonal
MAC004515,2013-08-19,1.299,17.0,0.0,seasonal
MAC004515,2013-08-20,1.529,17.6,0.0,seasonal
MAC004515,2013-08-21,0.631,18.1,0.0,seasonal
MAC004515,2013-08-22,3.812,18.7,0.0,seasonal
MAC004515,2013-08-23,2.521,20.0,0.0,seasonal
MAC004515,2013-08-24,2.979,17.0,0.0,seasonal
MAC004515,2013-08-25,1.596,17.1,0.0,seasonal
MAC004515,2013-08-26,1.589,18.2,0.0,seasonal
MAC004515,2013-08-27,1.607,16.1,0.0,seasonal
MAC004515,2013-08-28,1.496,16.1,0.0,seasonal
MAC004515,2013-08-29,1.593,17.9,0.0,seasonal
MAC004515,2013-08-30,1.771,18.3,0.0,seasonal
MAC004515,2013-08-31,1.616,16.3,0.0,seasonal
MAC004515,2013-09-01,2.503,14.7,0.8,seasonal
MAC004515,2013-09-02,1.968,16.8,0.0,seasonal
MAC004515,2013-09-03,2.055,18.5,0.0,seasonal
MAC004515,2013-09-04,2.442,18.7,0.0,seasonal
MAC004515,2013-09-05,2.767,20.4,0.0,seasonal
MAC004515,2013-09-06,2.94,15.4,0.1,seasonal
MAC004515,2013-09-07,2.322,13.6,1.9,seasonal
MAC004515,2013-09-08,1.781,11.8,3.7,seasonal
MAC004515,2013-09-09,1.691,11.6,3.9,seasonal
MAC004515,2013-09-10,1.682,12.5,3.0,seasonal
MAC004515,2013-09-11,1.716,13.5,2.0,seasonal
MAC004515,2013-09-12,1.646,14.1,1.4,seasonal
MAC004515,2013-09-13,2.25,16.2,0.0,seasonal
MAC004515,2013-09-14,5.116,11.7,3.8,seasonal
MAC004515,2013-09-15,7.905,11.3,4.2,seasonal
MAC004515,2013-09-16,4.412,11.2,4.3,seasonal
MAC004515,2013-09-17,4.578,11.0,4.5,seasonal
MAC004515,2013-09-18,2.372,12.3,3.2,seasonal
MAC004515,2013-09-19,5.382,12.0,3.5,seasonal
MAC004515,2013-09-20,2.841,13.4,2.1,seasonal
MAC004515,2013-09-21,3.176,13.5,2.0,seasonal
MAC004515,2013-09-22,2.689,16.8,0.0,seasonal
MAC004515,2013-09-23,2.291,16.6,0.0,seasonal
MAC004515,2013-09-24,2.411,15.1,0.4,seasonal
MAC004515,2013-09-25,5.885,15.7,0.0,seasonal
MAC004515,2013-09-26,2.208,14.5,1.0,seasonal
MAC004515,2013-09-27,2.156,12.6,2.9,seasonal
MAC004515,2013-09-28,3.592,14.3,1.2,seasonal
MAC004515,2013-09-29,2.367,14.3,1.2,seasonal
MAC004515,2013-09-30,3.057,14.9,0.6,seasonal
MAC004515,2013-10-01,1.487,14.3,1.2,seasonal
MAC004515,2013-10-02,1.616,15.4,0.1,seasonal
MAC004515,2013-10-03,3.325,16.1,0.0,seasonal
MAC004515,2013-10-04,1.495,17.3,0.0,seasonal
MAC004515,2013-10-05,2.485,15.3,0.2,seasonal
MAC004515,2013-10-06,5.215,13.8,1.7,seasonal
MAC004515,2013-10-07,1.604,13.3,2.2,seasonal
MAC004515,2013-10-08,1.705,15.6,0.0,seasonal
MAC004515,2013-10-09,1.705,13.6,1.9,seasonal
MAC004515,2013-10-10,13.255,9.3,6.2,seasonal
MAC004515,2013-10-11,12.939,11.1,4.4,seasonal
MAC004515,2013-10-12,12.791,11.4,4.1,seasonal
MAC004515,2013-10-13,12.517,9.6,5.9,seasonal
MAC004515,2013-10-14,10.828,9.1,6.4,seasonal
MAC004515,2013-10-15,13.478,9.5,6.0,seasonal
MAC004515,2013-10-16,11.904,9.7,5.8,seasonal
MAC004515,2013-10-17,12.685,13.2,2.3,seasonal
MAC004515,2013-10-18,2.344,12.6,2.9,seasonal
MAC004515,2013-10-19,3.853,13.9,1.6,seasonal
MAC004515,2013-10-20,1.631,13.4,2.1,seasonal
MAC004515,2013-10-21,1.611,14.8,0.7,seasonal
MAC004515,2013-10-22,1.613,16.0,0.0,seasonal
MAC004515,2013-10-23,1.684,13.9,1.6,seasonal
MAC004515,2013-10-24,13.024,11.1,4.4,seasonal
MAC004515,2013-10-25,12.801,15.3,0.2,seasonal
MAC004515,2013-10-26,3.005,15.0,0.5,seasonal
MAC004515,2013-10-27,2.132,13.5,2.0,seasonal
MAC004515,2013-10-28,2.82,12.7,2.8,seasonal
MAC004515,2013-10-29,1.699,9.1,6.4,seasonal
MAC004515,2013-10-30,1.686,9.0,6.5,seasonal
MAC004515,2013-10-31,2.306,12.5,3.0,seasonal
MAC004515,2013-11-01,14.309,12.0,3.5,seasonal
MAC004515,2013-11-02,2.491,11.5,4.0,seasonal
MAC004515,2013-11-03,6.273,8.7,6.8,seasonal
MAC004515,2013-11-04,1.739,7.4,8.1,seasonal
MAC004515,2013-11-05,1.709,7.6,7.9,seasonal
MAC004515,2013-11-06,1.695,10.4,5.1,seasonal
MAC004515,2013-11-07,17.115,10.4,5.1,seasonal
MAC004515,2013-11-08,16.953,7.5,8.0,seasonal
MAC004515,2013-11-09,12.728,5.4,10.1,seasonal
MAC004515,2013-11-10,16.615,5.2,10.3,seasonal
MAC004515,2013-11-11,13.124,8.5,7.0,seasonal
MAC004515,2013-11-12,13.369,10.0,5.5,seasonal
MAC004515,2013-11-13,14.183,5.1,10.4,seasonal
MAC004515,2013-11-14,16.277,7.2,8.3,seasonal
MAC004515,2013-11-15,18.123,4.8,10.7,seasonal
MAC004515,2013-11-16,12.104,4.0,11.5,seasonal
MAC004515,2013-11-17,13.996,6.0,9.5,seasonal
MAC004515,2013-11-18,1.728,7.8,7.7,seasonal
MAC004515,2013-11-19,1.677,2.9,12.6,seasonal
MAC004515,2013-11-20,1.692,2.3,13.2,seasonal
MAC004515,2013-11-21,18.599,4.5,11.0,seasonal
MAC004515,2013-11-22,15.406,4.8,10.7,seasonal
MAC004515,2013-11-23,15.392,4.6,10.9,seasonal
MAC004515,2013-11-24,6.304,4.6,10.9,seasonal
MAC004515,2013-11-25,1.749,4.0,11.5,seasonal
MAC004515,2013-11-26,1.836,2.5,13.0,seasonal
MAC004515,2013-11-27,24.431,6.4,9.1,seasonal
MAC004515,2013-11-28,20.798,7.2,8.3,seasonal
MAC004515,2013-11-29,24.634,7.3,8.2,seasonal
MAC004515,2013-11-30,20.998,5.3,10.2,seasonal
MAC004515,2013-12-01,26.081,3.7,11.8,seasonal
MAC004515,2013-12-02,19.955,5.5,10.0,seasonal
MAC004515,2013-12-03,20.091,3.2,12.3,seasonal
MAC004515,2013-12-04,20.32,4.4,11.1,seasonal
MAC004515,2013-12-05,23.709,4.4,11.1,seasonal
MAC004515,2013-12-06,20.443,4.3,11.2,seasonal
MAC004515,2013-12-07,20.923,5.9,9.6,seasonal
MAC004515,2013-12-08,20.659,7.3,8.2,seasonal
MAC004515,2013-12-09,8.797,6.7,8.8,seasonal
MAC004515,2013-12-10,1.744,3.9,11.6,seasonal
MAC004515,2013-12-11,1.797,2.8,12.7,seasonal
MAC004515,2013-12-12,27.107,5.2,10.3,seasonal
MAC004515,2013-12-13,20.946,8.7,6.8,seasonal
MAC004515,2013-12-14,22.399,7.3,8.2,seasonal
MAC004515,2013-12-15,9.961,10.7,4.8,seasonal
MAC004515,2013-12-16,1.558,11.4,4.1,seasonal
MAC004515,2013-12-17,1.681,6.3,9.2,seasonal
MAC004515,2013-12-18,27.632,8.1,7.4,seasonal
MAC004515,2013-12-19,19.91,6.1,9.4,seasonal
MAC004515,2013-12-20,20.352,5.4,10.1,seasonal
MAC004515,2013-12-21,21.202,10.2,5.3,seasonal
MAC004515,2013-12-22,24.383,7.1,8.4,seasonal
MAC004515,2013-12-23,21.265,8.1,7.4,seasonal
MAC004515,2013-12-24,24.051,8.5,7.0,seasonal
MAC004515,2013-12-25,25.355,4.7,10.8,seasonal
MAC004515,2013-12-26,25.929,4.1,11.4,seasonal
MAC004515,2013-12-27,20.286,9.0,6.5,seasonal
MAC004515,2013-12-28,20.877,4.8,10.7,seasonal
MAC004515,2013-12-29,21.81,2.3,13.2,seasonal
MAC004515,2013-12-30,22.041,7.8,7.7,seasonal
MAC004563,2013-01-01,21.346,5.8,9.7,seasonal
MAC004563,2013-01-02,21.024,6.2,9.3,seasonal
MAC004563,2013-01-03,19.61,10.2,5.3,seasonal
MAC004563,2013-01-04,20.511,8.8,6.7,seasonal
MAC004563,2013-01-05,19.493,8.6,6.9,seasonal
MAC004563,2013-01-06,19.739,7.0,8.5,seasonal
MAC004563,2013-01-07,19.735,7.6,7.9,seasonal
MAC004563,2013-01-08,20.504,8.9,6.6,seasonal
MAC004563,2013-01-09,20.545,6.8,8.7,seasonal
MAC004563,2013-01-10,19.989,1.8,13.7,seasonal
MAC004563,2013-01-11,20.132,2.7,12.8,seasonal
MAC004563,2013-01-12,20.035,2.7,12.8,seasonal
MAC004563,2013-01-13,19.754,1.1,14.4,seasonal
MAC004563,2013-01-14,20.079,0.2,15.3,seasonal
MAC004563,2013-01-15,23.462,0.6,14.9,seasonal
MAC004563,2013-01-16,19.879,-2.2,17.7,seasonal
MAC004563,2013-01-17,19.867,-2.2,17.7,seasonal
MAC004563,2013-01-18,20.292,-1.4,16.9,seasonal
MAC004563,2013-01-19,20.459,-0.2,15.7,seasonal
MAC004563,2013-01-20,20.879,-1.2,16.7,seasonal
MAC004563,2013-01-21,20.274,-1.5,17.0,seasonal
MAC004563,2013-01-22,20.86,-1.5,17.0,seasonal
MAC004563,2013-01-23,22.207,0.9,14.6,seasonal
MAC004563,2013-01-24,20.313,-0.3,15.8,seasonal
MAC004563,2013-01-25,20.472,-1.5,17.0,seasonal
MAC004563,2013-01-26,26.615,3.3,12.2,seasonal
MAC004563,2013-01-27,18.209,7.6,7.9,seasonal
MAC004563,2013-01-28,20.12,5.8,9.7,seasonal
MAC004563,2013-01-29,19.459,10.9,4.6,seasonal
MAC004563,2013-01-30,20.145,10.1,5.4,seasonal
MAC004563,2013-01-31,23.176,8.2,7.3,seasonal
MAC004563,2013-02-01,18.778,5.4,10.1,seasonal
MAC004563,2013-02-02,20.197,2.7,12.8,seasonal
MAC004563,2013-02-03,19.923,3.6,11.9,seasonal
MAC004563,2013-02-04,20.761,7.9,7.6,seasonal
MAC004563,2013-02-05,21.984,3.6,11.9,seasonal
MAC004563,2013-02-06,18.436,3.5,12.0,seasonal
MAC004563,2013-02-07,20.11,1.9,13.6,seasonal
MAC004563,2013-02-08,22.948,1.2,14.3,seasonal
MAC004563,2013-02-09,20.454,1.6,13.9,seasonal
MAC004563,2013-02-10,19.948,2.6,12.9,seasonal
MAC004563,2013-02-11,20.206,1.1,14.4,seasonal
MAC004563,2013-02-12,19.961,1.1,14.4,seasonal
MAC004563,2013-02-13,20.192,0.5,15.0,seasonal
MAC004563,2013-02-14,20.878,6.5,9.0,seasonal
MAC004563,2013-02-15,19.82,4.4,11.1,seasonal
MAC004563,2013-02-16,20.243,5.0,10.5,seasonal
MAC004563,2013-02-17,20.398,3.5,12.0,seasonal
MAC004563,2013-02-18,20.0,3.3,12.2,seasonal
MAC004563,2013-02-19,22.6,0.8,14.7,seasonal
MAC004563,2013-02-20,19.902,2.0,13.5,seasonal
MAC004563,2013-02-21,21.09,0.7,14.8,seasonal
MAC004563,2013-02-22,20.816,0.3,15.2,seasonal
MAC004563,2013-02-23,19.902,0.3,15.2,seasonal
MAC004563,2013-02-24,19.827,0.4,15.1,seasonal
MAC004563,2013-02-25,22.632,2.5,13.0,seasonal
MAC004563,2013-02-26,21.953,3.5,12.0,seasonal
MAC004563,2013-02-27,19.03,3.0,12.5,seasonal
MAC004563,2013-02-28,20.677,3.5,12.0,seasonal
MAC004563,2013-03-01,22.834,3.9,11.6,seasonal
MAC004563,2013-03-02,21.351,2.3,13.2,seasonal
MAC004563,2013-03-03,19.05,2.6,12.9,seasonal
MAC004563,2013-03-04,20.306,3.6,11.9,seasonal
MAC004563,2013-03-05,19.568,5.8,9.7,seasonal
MAC004563,2013-03-06,20.743,7.4,8.1,seasonal
MAC004563,2013-03-07,19.658,8.0,7.5,seasonal
MAC004563,2013-03-08,20.762,8.5,7.0,seasonal
MAC004563,2013-03-09,20.299,6.0,9.5,seasonal
MAC004563,2013-03-10,21.011,2.1,13.4,seasonal
MAC004563,2013-03-11,19.853,-0.2,15.7,seasonal
MAC004563,2013-03-12,19.932,0.1,15.4,seasonal
MAC004563,2013-03-13,19.372,1.9,13.6,seasonal
MAC004563,2013-03-14,0.512,1.0,14.5,seasonal
MAC004563,2013-03-15,0.5,4.3,11.2,seasonal
MAC004563,2013-03-16,0.507,6.1,9.4,seasonal
MAC004563,2013-03-17,0.495,4.7,10.8,seasonal
MAC004563,2013-03-18,0.5,3.2,12.3,seasonal
MAC004563,2013-03-19,0.5,3.3,12.2,seasonal
MAC004563,2013-03-20,24.486,3.2,12.3,seasonal
MAC004563,2013-03-21,19.316,3.1,12.4,seasonal
MAC004563,2013-03-22,18.663,3.2,12.3,seasonal
MAC004563,2013-03-23,0.574,1.6,13.9,seasonal
MAC004563,2013-03-24,0.485,0.1,15.4,seasonal
MAC004563,2013-03-25,0.484,0.4,15.1,seasonal
MAC004563,2013-03-26,0.527,0.3,15.2,seasonal
MAC004563,2013-03-27,23.096,0.8,14.7,seasonal
MAC004563,2013-03-28,33.305001,1.0,14.5,seasonal
MAC004563,2013-03-29,19.758,0.2,15.3,seasonal
MAC004563,2013-03-30,21.082,1.2,14.3,seasonal
MAC004563,2013-03-31,19.678,0.5,15.0,seasonal
MAC004563,2013-04-01,20.572,1.8,13.7,seasonal
MAC004563,2013-04-02,20.129,2.6,12.9,seasonal
MAC004563,2013-04-03,20.676,1.7,13.8,seasonal
MAC004563,2013-04-04,19.379,1.9,13.6,seasonal
MAC004563,2013-04-05,20.808,3.3,12.2,seasonal
MAC004563,2013-04-06,19.605,3.5,12.0,seasonal
MAC004563,2013-04-07,20.284,3.2,12.3,seasonal
MAC004563,2013-04-08,21.138,4.9,10.6,seasonal
MAC004563,2013-04-09,19.191,4.8,10.7,seasonal
MAC004563,2013-04-10,19.837,6.1,9.4,seasonal
MAC004563,2013-04-11,19.433,7.1,8.4,seasonal
MAC004563,2013-04-12,19.862,8.4,7.1,seasonal
MAC004563,2013-04-13,19.419,8.2,7.3,seasonal
MAC004563,2013-04-14,22.129,13.4,2.1,seasonal
MAC004563,2013-04-15,19.463,11.5,4.0,seasonal
MAC004563,2013-04-16,19.663,11.3,4.2,seasonal
MAC004563,2013-04-17,20.391,11.8,3.7,seasonal
MAC004563,2013-04-18,19.911,10.1,5.4,seasonal
MAC004563,2013-04-19,20.398,8.4,7.1,seasonal
MAC004563,2013-04-20,21.862999,5.9,9.6,seasonal
MAC004563,2013-04-21,19.208,7.0,8.5,seasonal
MAC004563,2013-04-22,20.711,9.3,6.2,seasonal
MAC004563,2013-04-23,2.715,13.1,2.4,seasonal
MAC004563,2013-04-24,20.022,12.5,3.0,seasonal
MAC004563,2013-04-25,3.358,14.2,1.3,seasonal
MAC004563,2013-04-26,19.611,8.9,6.6,seasonal
MAC004563,2013-04-27,20.304,6.0,9.5,seasonal
MAC004563,2013-04-28,4.367,6.2,9.3,seasonal
MAC004563,2013-04-29,19.395,9.2,6.3,seasonal
MAC004563,2013-04-30,3.191,7.9,7.6,seasonal
MAC004563,2013-05-01,3.62,8.4,7.1,seasonal
MAC004563,2013-05-02,2.408,9.1,6.4,seasonal
MAC004563,2013-05-03,3.909,11.1,4.4,seasonal
MAC004563,2013-05-04,3.056,10.9,4.6,seasonal
MAC004563,2013-05-05,5.052,11.4,4.1,seasonal
MAC004563,2013-05-06,2.831,13.2,2.3,seasonal
MAC004563,2013-05-07,3.067,13.8,1.7,seasonal
MAC004563,2013-05-08,3.054,12.9,2.6,seasonal
MAC004563,2013-05-09,2.524,10.5,5.0,seasonal
MAC004563,2013-05-10,4.406,12.4,3.1,seasonal
MAC004563,2013-05-11,4.138,10.4,5.1,seasonal
MAC004563,2013-05-12,3.255,9.6,5.9,seasonal
MAC004563,2013-05-13,3.157,11.0,4.5,seasonal
MAC004563,2013-05-14,2.866,8.6,6.9,seasonal
MAC004563,2013-05-15,3.394,9.1,6.4,seasonal
MAC004563,2013-05-16,2.953,9.5,6.0,seasonal
MAC004563,2013-05-17,3.175,9.1,6.4,seasonal
MAC004563,2013-05-18,2.853,10.9,4.6,seasonal
MAC004563,2013-05-19,5.357,12.7,2.8,seasonal
MAC004563,2013-05-20,1.817,13.4,2.1,seasonal
MAC004563,2013-05-21,2.53,12.9,2.6,seasonal
MAC004563,2013-05-22,5.898,11.4,4.1,seasonal
MAC004563,2013-05-23,1.494,8.1,7.4,seasonal
MAC004563,2013-05-24,3.421,7.1,8.4,seasonal
MAC004563,2013-05-25,6.895,9.5,6.0,seasonal
MAC004563,2013-05-26,1.331,11.5,4.0,seasonal
MAC004563,2013-05-27,0.919,11.0,4.5,seasonal
MAC004563,2013-05-28,0.745,10.8,4.7,seasonal
MAC004563,2013-05-29,0.688,10.7,4.8,seasonal
MAC004563,2013-05-30,0.686,12.4,3.1,seasonal
MAC004563,2013-05-31,0.781,14.5,1.0,seasonal
MAC004563,2013-06-01,0.711,12.9,2.6,seasonal
MAC004563,2013-06-02,0.729,12.8,2.7,seasonal
MAC004563,2013-06-03,0.776,11.9,3.6,seasonal
MAC004563,2013-06-04,8.229,12.1,3.4,seasonal
MAC004563,2013-06-05,4.97,12.6,2.9,seasonal
MAC004563,2013-06-06,1.978,13.3,2.2,seasonal
MAC004563,2013-06-07,5.151,14.1,1.4,seasonal
MAC004563,2013-06-08,3.354,12.4,3.1,seasonal
MAC004563,2013-06-09,2.241,12.5,3.0,seasonal
MAC004563,2013-06-10,3.424,12.4,3.1,seasonal
MAC004563,2013-06-11,2.459,13.3,2.2,seasonal
MAC004563,2013-06-12,3.104,15.2,0.3,seasonal
MAC004563,2013-06-13,4.07,14.6,0.9,seasonal
MAC004563,2013-06-14,2.946,13.5,2.0,seasonal
MAC004563,2013-06-15,2.617,13.9,1.6,seasonal
MAC004563,2013-06-16,0.695,13.5,2.0,seasonal
MAC004563,2013-06-17,0.693,14.9,0.6,seasonal
MAC004563,2013-06-18,0.681,17.2,0.0,seasonal
MAC004563,2013-06-19,0.707,19.0,0.0,seasonal
MAC004563,2013-06-20,0.715,17.3,0.0,seasonal
MAC004563,2013-06-21,0.7,16.6,0.0,seasonal
MAC004563,2013-06-22,0.71,14.3,1.2,seasonal
MAC004563,2013-06-23,0.696,14.8,0.7,seasonal
MAC004563,2013-06-24,0.691,12.8,2.7,seasonal
MAC004563,2013-06-25,0.763,14.1,1.4,seasonal
MAC004563,2013-06-26,0.697,16.0,0.0,seasonal
MAC004563,2013-06-27,0.685,14.5,1.0,seasonal
MAC004563,2013-06-28,0.775,15.4,0.1,seasonal
MAC004563,2013-06-29,0.714,15.8,0.0,seasonal
MAC004563,2013-06-30,0.719,18.5,0.0,seasonal
MAC004563,2013-07-01,0.775,16.3,0.0,seasonal
MAC004563,2013-07-02,0.703,14.5,1.0,seasonal
MAC004563,2013-07-03,0.703,16.4,0.0,seasonal
MAC004563,2013-07-04,8.309,17.1,0.0,seasonal
MAC004563,2013-07-05,4.953,18.3,0.0,seasonal
MAC004563,2013-07-06,2.43,18.9,0.0,seasonal
MAC004563,2013-07-07,2.431,20.5,0.0,seasonal
MAC004563,2013-07-08,3.302,18.9,0.0,seasonal
MAC004563,2013-07-09,3.412,18.1,0.0,seasonal
MAC004563,2013-07-10,2.492,17.2,0.0,seasonal
MAC004563,2013-07-11,2.936,15.2,0.3,seasonal
MAC004563,2013-07-12,2.821,17.0,0.0,seasonal
MAC004563,2013-07-13,2.79,21.6,0.0,seasonal
MAC004563,2013-07-14,2.478,22.1,0.0,seasonal
MAC004563,2013-07-15,5.272,21.8,0.0,seasonal
MAC004563,2013-07-16,2.268,22.8,0.0,seasonal
MAC004563,2013-07-17,3.18,22.9,0.0,seasonal
MAC004563,2013-07-18,1.756,21.2,0.0,seasonal
MAC004563,2013-07-19,2.731,20.3,0.0,seasonal
MAC004563,2013-07-20,2.705,18.8,0.0,seasonal
MAC004563,2013-07-21,2.38,20.2,0.0,seasonal
MAC004563,2013-07-22,2.762,23.8,0.0,seasonal
MAC004563,2013-07-23,2.61,23.1,0.0,seasonal
MAC004563,2013-07-24,2.669,20.5,0.0,seasonal
MAC004563,2013-07-25,3.184,19.8,0.0,seasonal
MAC004563,2013-07-26,3.948,19.6,0.0,seasonal
MAC004563,2013-07-27,2.154,20.0,0.0,seasonal
MAC004563,2013-07-28,2.513,18.7,0.0,seasonal
MAC004563,2013-07-29,2.455,17.9,0.0,seasonal
MAC004563,2013-07-30,6.1,16.8,0.0,seasonal
MAC004563,2013-07-31,2.553,18.6,0.0,seasonal
MAC004563,2013-08-01,2.365,22.8,0.0,seasonal
MAC004563,2013-08-02,3.061,19.6,0.0,seasonal
MAC004563,2013-08-03,2.183,18.1,0.0,seasonal
MAC004563,2013-08-04,2.813,17.9,0.0,seasonal
MAC004563,2013-08-05,2.554,18.3,0.0,seasonal
MAC004563,2013-08-06,3.032,16.8,0.0,seasonal
MAC004563,2013-08-07,4.189,17.3,0.0,seasonal
MAC004563,2013-08-08,5.714,16.6,0.0,seasonal
MAC004563,2013-08-09,6.522,18.3,0.0,seasonal
MAC004563,2013-08-10,0.845,16.9,0.0,seasonal
MAC004563,2013-08-11,2.52,18.2,0.0,seasonal
MAC004563,2013-08-12,0.712,16.3,0.0,seasonal
MAC004563,2013-08-13,0.714,15.3,0.2,seasonal
MAC004563,2013-08-14,0.697,16.4,0.0,seasonal
MAC004563,2013-08-15,4.953,19.2,0.0,seasonal
MAC004563,2013-08-16,2.999,17.9,0.0,seasonal
MAC004563,2013-08-17,2.957,16.6,0.0,seasonal
MAC004563,2013-08-18,3.16,18.8,0.0,seasonal
MAC004563,2013-08-19,6.029,17.0,0.0,seasonal
MAC004563,2013-08-20,1.169,17.6,0.0,seasonal
MAC004563,2013-08-21,2.208,18.1,0.0,seasonal
MAC004563,2013-08-22,5.608,18.7,0.0,seasonal
MAC004563,2013-08-23,1.801,20.0,0.0,seasonal
MAC004563,2013-08-24,2.119,17.0,0.0,seasonal
MAC004563,2013-08-25,3.014,17.1,0.0,seasonal
MAC004563,2013-08-26,5.048,18.2,0.0,seasonal
MAC004563,2013-08-27,1.228,16.1,0.0,seasonal
MAC004563,2013-08-28,5.004,16.1,0.0,seasonal
MAC004563,2013-08-29,1.593,17.9,0.0,seasonal
MAC004563,2013-08-30,3.026,18.3,0.0,seasonal
MAC004563,2013-08-31,2.563,16.3,0.0,seasonal
MAC004563,2013-09-01,2.749,14.7,0.8,seasonal
MAC004563,2013-09-02,2.408,16.8,0.0,seasonal
MAC004563,2013-09-03,2.786,18.5,0.0,seasonal
MAC004563,2013-09-04,2.924,18.7,0.0,seasonal
MAC004563,2013-09-05,6.113,20.4,0.0,seasonal
MAC004563,2013-09-06,1.246,15.4,0.1,seasonal
MAC004563,2013-09-07,1.913,13.6,1.9,seasonal
MAC004563,2013-09-08,2.917,11.8,3.7,seasonal
MAC004563,2013-09-09,2.677,11.6,3.9,seasonal
MAC004563,2013-09-10,3.303,12.5,3.0,seasonal
MAC004563,2013-09-11,0.72,13.5,2.0,seasonal
MAC004563,2013-09-12,0.7,14.1,1.4,seasonal
MAC004563,2013-09-13,0.687,16.2,0.0,seasonal
MAC004563,2013-09-14,0.744,11.7,3.8,seasonal
MAC004563,2013-09-15,0.688,11.3,4.2,seasonal
MAC004563,2013-09-16,0.679,11.2,4.3,seasonal
MAC004563,2013-09-17,0.755,11.0,4.5,seasonal
MAC004563,2013-09-18,11.056,12.3,3.2,seasonal
MAC004563,2013-09-19,3.923,12.0,3.5,seasonal
MAC004563,2013-09-20,2.437,13.4,2.1,seasonal
MAC004563,2013-09-21,3.071,13.5,2.0,seasonal
MAC004563,2013-09-22,2.864,16.8,0.0,seasonal
MAC004563,2013-09-23,3.873,16.6,0.0,seasonal
MAC004563,2013-09-24,2.568,15.1,0.4,seasonal
MAC004563,2013-09-25,3.574,15.7,0.0,seasonal
MAC004563,2013-09-26,2.77,14.5,1.0,seasonal
MAC004563,2013-09-27,2.704,12.6,2.9,seasonal
MAC004563,2013-09-28,3.066,14.3,1.2,seasonal
MAC004563,2013-09-29,2.444,14.3,1.2,seasonal
MAC004563,2013-09-30,3.238,14.9,0.6,seasonal
MAC004563,2013-10-01,2.368,14.3,1.2,seasonal
MAC004563,2013-10-02,3.278,15.4,0.1,seasonal
MAC004563,2013-10-03,0.711,16.1,0.0,seasonal
MAC004563,2013-10-04,0.693,17.3,0.0,seasonal
MAC004563,2013-10-05,0.687,15.3,0.2,seasonal
MAC004563,2013-10-06,0.717,13.8,1.7,seasonal
MAC004563,2013-10-07,6.837,13.3,2.2,seasonal
MAC004563,2013-10-08,2.843,15.6,0.0,seasonal
MAC004563,2013-10-09,2.908,13.6,1.9,seasonal
MAC004563,2013-10-10,2.629,9.3,6.2,seasonal
MAC004563,2013-10-11,0.67,11.1,4.4,seasonal
MAC004563,2013-10-12,0.686,11.4,4.1,seasonal
MAC004563,2013-10-13,4.721,9.6,5.9,seasonal
MAC004563,2013-10-14,20.287,9.1,6.4,seasonal
MAC004563,2013-10-15,3.105,9.5,6.0,seasonal
MAC004563,2013-10-16,6.004,9.7,5.8,seasonal
MAC004563,2013-10-17,19.491,13.2,2.3,seasonal
MAC004563,2013-10-18,3.077,12.6,2.9,seasonal
MAC004563,2013-10-19,6.253,13.9,1.6,seasonal
MAC004563,2013-10-20,2.775,13.4,2.1,seasonal
MAC004563,2013-10-21,4.709,14.8,0.7,seasonal
MAC004563,2013-10-22,1.194,16.0,0.0,seasonal
MAC004563,2013-10-23,2.975,13.9,1.6,seasonal
MAC004563,2013-10-24,3.715,11.1,4.4,seasonal
MAC004563,2013-10-25,5.547,15.3,0.2,seasonal
MAC004563,2013-10-26,2.624,15.0,0.5,seasonal
MAC004563,2013-10-27,3.692,13.5,2.0,seasonal
MAC004563,2013-10-28,2.426,12.7,2.8,seasonal
MAC004563,2013-10-29,3.099,9.1,6.4,seasonal
MAC004563,2013-10-30,2.916,9.0,6.5,seasonal
MAC004563,2013-10-31,3.238,12.5,3.0,seasonal
MAC004563,2013-11-01,3.281,12.0,3.5,seasonal
MAC004563,2013-11-02,3.024,11.5,4.0,seasonal
MAC004563,2013-11-03,19.907,8.7,6.8,seasonal
MAC004563,2013-11-04,3.862,7.4,8.1,seasonal
MAC004563,2013-11-05,2.872,7.6,7.9,seasonal
MAC004563,2013-11-06,3.467,10.4,5.1,seasonal
MAC004563,2013-11-07,3.024,10.4,5.1,seasonal
MAC004563,2013-11-08,3.662,7.5,8.0,seasonal
MAC004563,2013-11-09,20.646,5.4,10.1,seasonal
MAC004563,2013-11-10,20.313,5.2,10.3,seasonal
MAC004563,2013-11-11,20.631,8.5,7.0,seasonal
MAC004563,2013-11-12,20.085,10.0,5.5,seasonal
MAC004563,2013-11-13,21.177,5.1,10.4,seasonal
MAC004563,2013-11-14,20.247,7.2,8.3,seasonal
MAC004563,2013-11-15,20.713,4.8,10.7,seasonal
MAC004563,2013-11-16,20.572,4.0,11.5,seasonal
MAC004563,2013-11-17,20.668,6.0,9.5,seasonal
MAC004563,2013-11-18,22.915,7.8,7.7,seasonal
MAC004563,2013-11-19,23.579,2.9,12.6,seasonal
MAC004563,2013-11-20,18.479,2.3,13.2,seasonal
MAC004563,2013-11-21,19.727,4.5,11.0,seasonal
MAC004563,2013-11-22,20.308,4.8,10.7,seasonal
MAC004563,2013-11-23,21.102,4.6,10.9,seasonal
MAC004563,2013-11-24,20.342,4.6,10.9,seasonal
MAC004563,2013-11-25,20.511,4.0,11.5,seasonal
MAC004563,2013-11-26,20.756,2.5,13.0,seasonal
MAC004563,2013-11-27,20.195,6.4,9.1,seasonal
MAC004563,2013-11-28,23.707,7.2,8.3,seasonal
MAC004563,2013-11-29,17.977,7.3,8.2,seasonal
MAC004563,2013-11-30,17.982,5.3,10.2,seasonal
MAC004563,2013-12-01,18.032,3.7,11.8,seasonal
MAC004563,2013-12-02,21.221,5.5,10.0,seasonal
MAC004563,2013-12-03,20.607,3.2,12.3,seasonal
MAC004563,2013-12-04,20.256,4.4,11.1,seasonal
MAC004563,2013-12-05,20.27,4.4,11.1,seasonal
MAC004563,2013-12-06,21.584,4.3,11.2,seasonal
MAC004563,2013-12-07,19.898,5.9,9.6,seasonal
MAC004563,2013-12-08,20.557,7.3,8.2,seasonal
MAC004563,2013-12-09,19.9,6.7,8.8,seasonal
MAC004563,2013-12-10,20.747,3.9,11.6,seasonal
MAC004563,2013-12-11,20.737,2.8,12.7,seasonal
MAC004563,2013-12-12,19.764,5.2,10.3,seasonal
MAC004563,2013-12-13,23.763,8.7,6.8,seasonal
MAC004563,2013-12-14,20.368,7.3,8.2,seasonal
MAC004563,2013-12-15,24.173,10.7,4.8,seasonal
MAC004563,2013-12-16,18.477,11.4,4.1,seasonal
MAC004563,2013-12-17,20.179,6.3,9.2,seasonal
MAC004563,2013-12-18,19.584,8.1,7.4,seasonal
MAC004563,2013-12-19,20.7,6.1,9.4,seasonal
MAC004563,2013-12-20,20.37,5.4,10.1,seasonal
MAC004563,2013-12-21,20.424,10.2,5.3,seasonal
MAC004563,2013-12-22,21.846,7.1,8.4,seasonal
MAC004563,2013-12-23,17.96,8.1,7.4,seasonal
MAC004563,2013-12-24,17.863,8.5,7.0,seasonal
MAC004563,2013-12-25,17.939,4.7,10.8,seasonal
MAC004563,2013-12-26,17.879,4.1,11.4,seasonal
MAC004563,2013-12-27,23.094,9.0,6.5,seasonal
MAC004563,2013-12-28,20.54,4.8,10.7,seasonal
MAC004563,2013-12-29,23.353,2.3,13.2,seasonal
MAC004563,2013-12-30,18.36,7.8,7.7,seasonal
MAC004582,2013-01-01,4.759,5.8,9.7,seasonal
MAC004582,2013-01-02,3.99,6.2,9.3,seasonal
MAC004582,2013-01-03,31.235,10.2,5.3,seasonal
MAC004582,2013-01-04,27.533,8.8,6.7,seasonal
MAC004582,2013-01-05,23.764,8.6,6.9,seasonal
MAC004582,2013-01-06,17.51,7.0,8.5,seasonal
MAC004582,2013-01-07,15.637,7.6,7.9,seasonal
MAC004582,2013-01-08,18.88,8.9,6.6,seasonal
MAC004582,2013-01-09,14.909,6.8,8.7,seasonal
MAC004582,2013-01-10,13.389,1.8,13.7,seasonal
MAC004582,2013-01-11,26.103,2.7,12.8,seasonal
MAC004582,2013-01-12,27.141,2.7,12.8,seasonal
MAC004582,2013-01-13,34.176999,1.1,14.4,seasonal
MAC004582,2013-01-14,31.155,0.2,15.3,seasonal
MAC004582,2013-01-15,29.039,0.6,14.9,seasonal
MAC004582,2013-01-16,32.431,-2.2,17.7,seasonal
MAC004582,2013-01-17,30.032,-2.2,17.7,seasonal
MAC004582,2013-01-18,27.185,-1.4,16.9,seasonal
MAC004582,2013-01-19,41.121,-0.2,15.7,seasonal
MAC004582,2013-01-20,36.356001,-1.2,16.7,seasonal
MAC004582,2013-01-21,33.087,-1.5,17.0,seasonal
MAC004582,2013-01-22,29.305,-1.5,17.0,seasonal
MAC004582,2013-01-23,38.612,0.9,14.6,seasonal
MAC004582,2013-01-24,37.708,-0.3,15.8,seasonal
MAC004582,2013-01-25,37.052,-1.5,17.0,seasonal
MAC004582,2013-01-26,35.75,3.3,12.2,seasonal
MAC004582,2013-01-27,35.307999,7.6,7.9,seasonal
MAC004582,2013-01-28,35.725,5.8,9.7,seasonal
MAC004582,2013-01-29,23.24,10.9,4.6,seasonal
MAC004582,2013-01-30,27.647999,10.1,5.4,seasonal
MAC004582,2013-01-31,24.775,8.2,7.3,seasonal
MAC004582,2013-02-01,27.193,5.4,10.1,seasonal
MAC004582,2013-02-02,28.979,2.7,12.8,seasonal
MAC004582,2013-02-03,26.791,3.6,11.9,seasonal
MAC004582,2013-02-04,28.31,7.9,7.6,seasonal
MAC004582,2013-02-05,27.243,3.6,11.9,seasonal
MAC004582,2013-02-06,30.668,3.5,12.0,seasonal
MAC004582,2013-02-07,24.123,1.9,13.6,seasonal
MAC004582,2013-02-08,31.071,1.2,14.3,seasonal
MAC004582,2013-02-09,30.279,1.6,13.9,seasonal
MAC004582,2013-02-10,31.829,2.6,12.9,seasonal
MAC004582,2013-02-11,31.019,1.1,14.4,seasonal
MAC004582,2013-02-12,38.678,1.1,14.4,seasonal
MAC004582,2013-02-13,35.235,0.5,15.0,seasonal
MAC004582,2013-02-14,38.776,6.5,9.0,seasonal
MAC004582,2013-02-15,31.058,4.4,11.1,seasonal
MAC004582,2013-02-16,34.994999,5.0,10.5,seasonal
MAC004582,2013-02-17,28.808,3.5,12.0,seasonal
MAC004582,2013-02-18,27.132999,3.3,12.2,seasonal
MAC004582,2013-02-19,29.571,0.8,14.7,seasonal
MAC004582,2013-02-20,28.897,2.0,13.5,seasonal
MAC004582,2013-02-21,32.198,0.7,14.8,seasonal
MAC004582,2013-02-22,35.63,0.3,15.2,seasonal
MAC004582,2013-02-23,35.026,0.3,15.2,seasonal
MAC004582,2013-02-24,33.563,0.4,15.1,seasonal
MAC004582,2013-02-25,34.210001,2.5,13.0,seasonal
MAC004582,2013-02-26,35.81,3.5,12.0,seasonal
MAC004582,2013-02-27,26.655,3.0,12.5,seasonal
MAC004582,2013-02-28,35.093,3.5,12.0,seasonal
MAC004582,2013-03-01,32.826,3.9,11.6,seasonal
MAC004582,2013-03-02,33.078999,2.3,13.2,seasonal
MAC004582,2013-03-03,24.36,2.6,12.9,seasonal
MAC004582,2013-03-04,23.519,3.6,11.9,seasonal
MAC004582,2013-03-05,21.038,5.8,9.7,seasonal
MAC004582,2013-03-06,16.393,7.4,8.1,seasonal
MAC004582,2013-03-07,15.505,8.0,7.5,seasonal
MAC004582,2013-03-08,16.93,8.5,7.0,seasonal
MAC004582,2013-03-09,20.707,6.0,9.5,seasonal
MAC004582,2013-03-10,38.916999,2.1,13.4,seasonal
MAC004582,2013-03-11,41.551,-0.2,15.7,seasonal
MAC004582,2013-03-12,40.475999,0.1,15.4,seasonal
MAC004582,2013-03-13,35.5,1.9,13.6,seasonal
MAC004582,2013-03-14,26.172,1.0,14.5,seasonal
MAC004582,2013-03-15,23.817,4.3,11.2,seasonal
MAC004582,2013-03-16,25.015,6.1,9.4,seasonal
MAC004582,2013-03-17,26.432,4.7,10.8,seasonal
MAC004582,2013-03-18,20.198,3.2,12.3,seasonal
MAC004582,2013-03-19,18.727,3.3,12.2,seasonal
MAC004582,2013-03-20,27.974,3.2,12.3,seasonal
MAC004582,2013-03-21,22.952,3.1,12.4,seasonal
MAC004582,2013-03-22,32.563,3.2,12.3,seasonal
MAC004582,2013-03-23,33.13,1.6,13.9,seasonal
MAC004582,2013-03-24,35.807,0.1,15.4,seasonal
MAC004582,2013-03-25,35.474,0.4,15.1,seasonal
MAC004582,2013-03-26,35.074,0.3,15.2,seasonal
MAC004582,2013-03-27,34.403,0.8,14.7,seasonal
MAC004582,2013-03-28,40.465,1.0,14.5,seasonal
MAC004582,2013-03-29,34.314,0.2,15.3,seasonal
MAC004582,2013-03-30,40.933,1.2,14.3,seasonal
MAC004582,2013-03-31,30.534,0.5,15.0,seasonal
MAC004582,2013-04-01,32.824,1.8,13.7,seasonal
MAC004582,2013-04-02,31.321,2.6,12.9,seasonal
MAC004582,2013-04-03,28.916,1.7,13.8,seasonal
MAC004582,2013-04-04,39.135,1.9,13.6,seasonal
MAC004582,2013-04-05,34.334,3.3,12.2,seasonal
MAC004582,2013-04-06,35.266,3.5,12.0,seasonal
MAC004582,2013-04-07,26.693,3.2,12.3,seasonal
MAC004582,2013-04-08,17.752,4.9,10.6,seasonal
MAC004582,2013-04-09,20.864,4.8,10.7,seasonal
MAC004582,2013-04-10,21.751,6.1,9.4,seasonal
MAC004582,2013-04-11,22.515,7.1,8.4,seasonal
MAC004582,2013-04-12,13.647,8.4,7.1,seasonal
MAC004582,2013-04-13,14.691,8.2,7.3,seasonal
MAC004582,2013-04-14,19.419,13.4,2.1,seasonal
MAC004582,2013-04-15,16.052,11.5,4.0,seasonal
MAC004582,2013-04-16,10.2,11.3,4.2,seasonal
MAC004582,2013-04-17,8.061,11.8,3.7,seasonal
MAC004582,2013-04-18,17.798,10.1,5.4,seasonal
MAC004582,2013-04-19,14.409,8.4,7.1,seasonal
MAC004582,2013-04-20,15.012,5.9,9.6,seasonal
MAC004582,2013-04-21,18.921,7.0,8.5,seasonal
MAC004582,2013-04-22,14.361,9.3,6.2,seasonal
MAC004582,2013-04-23,12.638,13.1,2.4,seasonal
MAC004582,2013-04-24,9.807,12.5,3.0,seasonal
MAC004582,2013-04-25,4.303,14.2,1.3,seasonal
MAC004582,2013-04-26,4.533,8.9,6.6,seasonal
MAC004582,2013-04-27,5.559,6.0,9.5,seasonal
MAC004582,2013-04-28,12.433,6.2,9.3,seasonal
MAC004582,2013-04-29,8.699,9.2,6.3,seasonal
MAC004582,2013-04-30,9.187,7.9,7.6,seasonal
MAC004582,2013-05-01,7.864,8.4,7.1,seasonal
MAC004582,2013-05-02,3.007,9.1,6.4,seasonal
MAC004582,2013-05-03,5.752,11.1,4.4,seasonal
MAC004582,2013-05-04,7.344,10.9,4.6,seasonal
MAC004582,2013-05-05,7.599,11.4,4.1,seasonal
MAC004582,2013-05-06,8.923,13.2,2.3,seasonal
MAC004582,2013-05-07,5.869,13.8,1.7,seasonal
MAC004582,2013-05-08,0.754,12.9,2.6,seasonal
MAC004582,2013-05-09,0.812,10.5,5.0,seasonal
MAC004582,2013-05-10,5.3,12.4,3.1,seasonal
MAC004582,2013-05-11,5.317,10.4,5.1,seasonal
MAC004582,2013-05-12,9.97,9.6,5.9,seasonal
MAC004582,2013-05-13,8.39,11.0,4.5,seasonal
MAC004582,2013-05-14,10.274,8.6,6.9,seasonal
MAC004582,2013-05-15,9.394,9.1,6.4,seasonal
MAC004582,2013-05-16,7.6,9.5,6.0,seasonal
MAC004582,2013-05-17,3.914,9.1,6.4,seasonal
MAC004582,2013-05-18,5.092,10.9,4.6,seasonal
MAC004582,2013-05-19,10.805,12.7,2.8,seasonal
MAC004582,2013-05-20,8.294,13.4,2.1,seasonal
MAC004582,2013-05-21,6.008,12.9,2.6,seasonal
MAC004582,2013-05-22,10.07,11.4,4.1,seasonal
MAC004582,2013-05-23,8.936,8.1,7.4,seasonal
MAC004582,2013-05-24,3.857,7.1,8.4,seasonal
MAC004582,2013-05-25,7.556,9.5,6.0,seasonal
MAC004582,2013-05-26,7.424,11.5,4.0,seasonal
MAC004582,2013-05-27,9.062,11.0,4.5,seasonal
MAC004582,2013-05-28,7.157,10.8,4.7,seasonal
MAC004582,2013-05-29,6.533,10.7,4.8,seasonal
MAC004582,2013-05-30,6.429,12.4,3.1,seasonal
MAC004582,2013-05-31,4.9,14.5,1.0,seasonal
MAC004582,2013-06-01,5.682,12.9,2.6,seasonal
MAC004582,2013-06-02,9.268,12.8,2.7,seasonal
MAC004582,2013-06-03,5.583,11.9,3.6,seasonal
MAC004582,2013-06-04,5.865,12.1,3.4,seasonal
MAC004582,2013-06-05,8.08,12.6,2.9,seasonal
MAC004582,2013-06-06,4.613,13.3,2.2,seasonal
MAC004582,2013-06-07,4.837,14.1,1.4,seasonal
MAC004582,2013-06-08,4.428,12.4,3.1,seasonal
MAC004582,2013-06-09,8.07,12.5,3.0,seasonal
MAC004582,2013-06-10,6.997,12.4,3.1,seasonal
MAC004582,2013-06-11,5.978,13.3,2.2,seasonal
MAC004582,2013-06-12,6.579,15.2,0.3,seasonal
MAC004582,2013-06-13,6.968,14.6,0.9,seasonal
MAC004582,2013-06-14,5.205,13.5,2.0,seasonal
MAC004582,2013-06-15,5.749,13.9,1.6,seasonal
MAC004582,2013-06-16,6.625,13.5,2.0,seasonal
MAC004582,2013-06-17,9.401,14.9,0.6,seasonal
MAC004582,2013-06-18,6.842,17.2,0.0,seasonal
MAC004582,2013-06-19,7.143,19.0,0.0,seasonal
MAC004582,2013-06-20,6.699,17.3,0.0,seasonal
MAC004582,2013-06-21,3.346,16.6,0.0,seasonal
MAC004582,2013-06-22,5.316,14.3,1.2,seasonal
MAC004582,2013-06-23,7.532,14.8,0.7,seasonal
MAC004582,2013-06-24,6.544,12.8,2.7,seasonal
MAC004582,2013-06-25,6.443,14.1,1.4,seasonal
MAC004582,2013-06-26,5.199,16.0,0.0,seasonal
MAC004582,2013-06-27,6.024,14.5,1.0,seasonal
MAC004582,2013-06-28,3.787,15.4,0.1,seasonal
MAC004582,2013-06-29,7.142,15.8,0.0,seasonal
MAC004582,2013-06-30,7.785,18.5,0.0,seasonal
MAC004582,2013-07-01,7.108,16.3,0.0,seasonal
MAC004582,2013-07-02,4.72,14.5,1.0,seasonal
MAC004582,2013-07-03,7.117,16.4,0.0,seasonal
MAC004582,2013-07-04,6.661,17.1,0.0,seasonal
MAC004582,2013-07-05,4.447,18.3,0.0,seasonal
MAC004582,2013-07-06,5.572,18.9,0.0,seasonal
MAC004582,2013-07-07,7.186,20.5,0.0,seasonal
MAC004582,2013-07-08,6.571,18.9,0.0,seasonal
MAC004582,2013-07-09,5.15,18.1,0.0,seasonal
MAC004582,2013-07-10,5.789,17.2,0.0,seasonal
MAC004582,2013-07-11,7.348,15.2,0.3,seasonal
MAC004582,2013-07-12,4.493,17.0,0.0,seasonal
MAC004582,2013-07-13,7.054,21.6,0.0,seasonal
MAC004582,2013-07-14,7.144,22.1,0.0,seasonal
MAC004582,2013-07-15,4.921,21.8,0.0,seasonal
MAC004582,2013-07-16,3.856,22.8,0.0,seasonal
MAC004582,2013-07-17,4.826,22.9,0.0,seasonal
MAC004582,2013-07-18,4.161,21.2,0.0,seasonal
MAC004582,2013-07-19,4.635,20.3,0.0,seasonal
MAC004582,2013-07-20,5.071,18.8,0.0,seasonal
MAC004582,2013-07-21,5.464,20.2,0.0,seasonal
MAC004582,2013-07-22,4.043,23.8,0.0,seasonal
MAC004582,2013-07-23,3.53,23.1,0.0,seasonal
MAC004582,2013-07-24,2.668,20.5,0.0,seasonal
MAC004582,2013-07-25,4.226,19.8,0.0,seasonal
MAC004582,2013-07-26,2.423,19.6,0.0,seasonal
MAC004582,2013-07-27,2.254,20.0,0.0,seasonal
MAC004582,2013-07-28,2.485,18.7,0.0,seasonal
MAC004582,2013-07-29,4.691,17.9,0.0,seasonal
MAC004582,2013-07-30,5.63,16.8,0.0,seasonal
MAC004582,2013-07-31,6.021,18.6,0.0,seasonal
MAC004582,2013-08-01,6.02,22.8,0.0,seasonal
MAC004582,2013-08-02,4.187,19.6,0.0,seasonal
MAC004582,2013-08-03,6.229,18.1,0.0,seasonal
MAC004582,2013-08-04,7.306,17.9,0.0,seasonal
MAC004582,2013-08-05,8.059,18.3,0.0,seasonal
MAC004582,2013-08-06,6.333,16.8,0.0,seasonal
MAC004582,2013-08-07,6.832,17.3,0.0,seasonal
MAC004582,2013-08-08,6.792,16.6,0.0,seasonal
MAC004582,2013-08-09,5.38,18.3,0.0,seasonal
MAC004582,2013-08-10,5.903,16.9,0.0,seasonal
MAC004582,2013-08-11,6.328,18.2,0.0,seasonal
MAC004582,2013-08-12,10.007,16.3,0.0,seasonal
MAC004582,2013-08-13,6.69,15.3,0.2,seasonal
MAC004582,2013-08-14,5.553,16.4,0.0,seasonal
MAC004582,2013-08-15,5.651,19.2,0.0,seasonal
MAC004582,2013-08-16,6.462,17.9,0.0,seasonal
MAC004582,2013-08-17,6.8,16.6,0.0,seasonal
MAC004582,2013-08-18,6.535,18.8,0.0,seasonal
MAC004582,2013-08-19,3.967,17.0,0.0,seasonal
MAC004582,2013-08-20,8.327,17.6,0.0,seasonal
MAC004582,2013-08-21,4.488,18.1,0.0,seasonal
MAC004582,2013-08-22,5.219,18.7,0.0,seasonal
MAC004582,2013-08-23,2.828,20.0,0.0,seasonal
MAC004582,2013-08-24,5.985,17.0,0.0,seasonal
MAC004582,2013-08-25,6.629,17.1,0.0,seasonal
MAC004582,2013-08-26,7.362,18.2,0.0,seasonal
MAC004582,2013-08-27,7.466,16.1,0.0,seasonal
MAC004582,2013-08-28,8.071,16.1,0.0,seasonal
MAC004582,2013-08-29,4.354,17.9,0.0,seasonal
MAC004582,2013-08-30,5.119,18.3,0.0,seasonal
MAC004582,2013-08-31,7.705,16.3,0.0,seasonal
MAC004582,2013-09-01,7.968,14.7,0.8,seasonal
MAC004582,2013-09-02,5.137,16.8,0.0,seasonal
MAC004582,2013-09-03,4.524,18.5,0.0,seasonal
MAC004582,2013-09-04,5.779,18.7,0.0,seasonal
MAC004582,2013-09-05,6.019,20.4,0.0,seasonal
MAC004582,2013-09-06,3.103,15.4,0.1,seasonal
MAC004582,2013-09-07,6.541,13.6,1.9,seasonal
MAC004582,2013-09-08,7.973,11.8,3.7,seasonal
MAC004582,2013-09-09,6.763,11.6,3.9,seasonal
MAC004582,2013-09-10,5.362,12.5,3.0,seasonal
MAC004582,2013-09-11,5.722,13.5,2.0,seasonal
MAC004582,2013-09-12,4.404,14.1,1.4,seasonal
MAC004582,2013-09-13,4.53,16.2,0.0,seasonal
MAC004582,2013-09-14,5.228,11.7,3.8,seasonal
MAC004582,2013-09-15,8.574,11.3,4.2,seasonal
MAC004582,2013-09-16,5.836,11.2,4.3,seasonal
MAC004582,2013-09-17,6.911,11.0,4.5,seasonal
MAC004582,2013-09-18,5.811,12.3,3.2,seasonal
MAC004582,2013-09-19,5.051,12.0,3.5,seasonal
MAC004582,2013-09-20,6.248,13.4,2.1,seasonal
MAC004582,2013-09-21,6.373,13.5,2.0,seasonal
MAC004582,2013-09-22,10.482,16.8,0.0,seasonal
MAC004582,2013-09-23,7.286,16.6,0.0,seasonal
MAC004582,2013-09-24,9.512,15.1,0.4,seasonal
MAC004582,2013-09-25,7.085,15.7,0.0,seasonal
MAC004582,2013-09-26,8.439,14.5,1.0,seasonal
MAC004582,2013-09-27,4.632,12.6,2.9,seasonal
MAC004582,2013-09-28,6.068,14.3,1.2,seasonal
MAC004582,2013-09-29,9.533,14.3,1.2,seasonal
MAC004582,2013-09-30,9.87,14.9,0.6,seasonal
MAC004582,2013-10-01,8.063,14.3,1.2,seasonal
MAC004582,2013-10-02,7.256,15.4,0.1,seasonal
MAC004582,2013-10-03,7.662,16.1,0.0,seasonal
MAC004582,2013-10-04,4.914,17.3,0.0,seasonal
MAC004582,2013-10-05,6.6,15.3,0.2,seasonal
MAC004582,2013-10-06,10.217,13.8,1.7,seasonal
MAC004582,2013-10-07,6.164,13.3,2.2,seasonal
MAC004582,2013-10-08,6.142,15.6,0.0,seasonal
MAC004582,2013-10-09,4.71,13.6,1.9,seasonal
MAC004582,2013-10-10,6.067,9.3,6.2,seasonal
MAC004582,2013-10-11,4.362,11.1,4.4,seasonal
MAC004582,2013-10-12,8.72,11.4,4.1,seasonal
MAC004582,2013-10-13,9.476,9.6,5.9,seasonal
MAC004582,2013-10-14,21.866,9.1,6.4,seasonal
MAC004582,2013-10-15,19.791,9.5,6.0,seasonal
MAC004582,2013-10-16,22.825,9.7,5.8,seasonal
MAC004582,2013-10-17,18.505,13.2,2.3,seasonal
MAC004582,2013-10-18,9.592,12.6,2.9,seasonal
MAC004582,2013-10-19,11.727,13.9,1.6,seasonal
MAC004582,2013-10-20,16.228,13.4,2.1,seasonal
MAC004582,2013-10-21,14.417,14.8,0.7,seasonal
MAC004582,2013-10-22,10.807,16.0,0.0,seasonal
MAC004582,2013-10-23,10.304,13.9,1.6,seasonal
MAC004582,2013-10-24,6.678,11.1,4.4,seasonal
MAC004582,2013-10-25,7.44,15.3,0.2,seasonal
MAC004582,2013-10-26,6.347,15.0,0.5,seasonal
MAC004582,2013-10-27,6.41,13.5,2.0,seasonal
MAC004582,2013-10-28,7.289,12.7,2.8,seasonal
MAC004582,2013-10-29,6.764,9.1,6.4,seasonal
MAC004582,2013-10-30,14.435,9.0,6.5,seasonal
MAC004582,2013-10-31,12.627,12.5,3.0,seasonal
MAC004582,2013-11-01,12.043,12.0,3.5,seasonal
MAC004582,2013-11-02,11.385,11.5,4.0,seasonal
MAC004582,2013-11-03,14.46,8.7,6.8,seasonal
MAC004582,2013-11-04,17.827,7.4,8.1,seasonal
MAC004582,2013-11-05,14.699,7.6,7.9,seasonal
MAC004582,2013-11-06,13.078,10.4,5.1,seasonal
MAC004582,2013-11-07,10.669,10.4,5.1,seasonal
MAC004582,2013-11-08,10.757,7.5,8.0,seasonal
MAC004582,2013-11-09,6.852,5.4,10.1,seasonal
MAC004582,2013-11-10,18.777,5.2,10.3,seasonal
MAC004582,2013-11-11,18.217,8.5,7.0,seasonal
MAC004582,2013-11-12,19.105,10.0,5.5,seasonal
MAC004582,2013-11-13,18.733,5.1,10.4,seasonal
MAC004582,2013-11-14,24.382,7.2,8.3,seasonal
MAC004582,2013-11-15,23.968,4.8,10.7,seasonal
MAC004582,2013-11-16,22.737,4.0,11.5,seasonal
MAC004582,2013-11-17,16.791,6.0,9.5,seasonal
MAC004582,2013-11-18,20.418,7.8,7.7,seasonal
MAC004582,2013-11-19,23.551,2.9,12.6,seasonal
MAC004582,2013-11-20,22.86,2.3,13.2,seasonal
MAC004582,2013-11-21,26.538,4.5,11.0,seasonal
MAC004582,2013-11-22,31.425,4.8,10.7,seasonal
MAC004582,2013-11-23,29.829,4.6,10.9,seasonal
MAC004582,2013-11-24,31.673,4.6,10.9,seasonal
MAC004582,2013-11-25,28.834,4.0,11.5,seasonal
MAC004582,2013-11-26,24.688,2.5,13.0,seasonal
MAC004582,2013-11-27,24.733,6.4,9.1,seasonal
MAC004582,2013-11-28,25.527,7.2,8.3,seasonal
MAC004582,2013-11-29,24.137,7.3,8.2,seasonal
MAC004582,2013-11-30,23.921,5.3,10.2,seasonal
MAC004582,2013-12-01,25.967,3.7,11.8,seasonal
MAC004582,2013-12-02,4.743,5.5,10.0,seasonal
MAC004582,2013-12-03,0.449,3.2,12.3,seasonal
MAC004582,2013-12-04,0.45,4.4,11.1,seasonal
MAC004582,2013-12-05,0.45,4.4,11.1,seasonal
MAC004582,2013-12-06,37.247,4.3,11.2,seasonal
MAC004582,2013-12-07,20.54,5.9,9.6,seasonal
MAC004582,2013-12-08,21.112,7.3,8.2,seasonal
MAC004582,2013-12-09,37.452,6.7,8.8,seasonal
MAC004582,2013-12-10,21.838,3.9,11.6,seasonal
MAC004582,2013-12-11,24.613,2.8,12.7,seasonal
MAC004582,2013-12-12,21.377,5.2,10.3,seasonal
MAC004582,2013-12-13,22.527,8.7,6.8,seasonal
MAC004582,2013-12-14,22.495,7.3,8.2,seasonal
MAC004582,2013-12-15,21.557,10.7,4.8,seasonal
MAC004582,2013-12-16,23.189,11.4,4.1,seasonal
MAC004582,2013-12-17,23.634,6.3,9.2,seasonal
MAC004582,2013-12-18,45.272,8.1,7.4,seasonal
MAC004582,2013-12-19,45.198,6.1,9.4,seasonal
MAC004582,2013-12-20,30.626,5.4,10.1,seasonal
MAC004582,2013-12-21,27.958,10.2,5.3,seasonal
MAC004582,2013-12-22,29.523,7.1,8.4,seasonal
MAC004582,2013-12-23,26.896,8.1,7.4,seasonal
MAC004582,2013-12-24,9.401,8.5,7.0,seasonal
MAC004582,2013-12-25,4.503,4.7,10.8,seasonal
MAC004582,2013-12-26,4.625,4.1,11.4,seasonal
MAC004582,2013-12-27,46.546,9.0,6.5,seasonal
MAC004582,2013-12-28,45.761,4.8,10.7,seasonal
MAC004582,2013-12-29,26.519,2.3,13.2,seasonal
MAC004582,2013-12-30,32.552,7.8,7.7,seasonal
MAC004863,2013-01-01,41.92,5.8,9.7,year_round
MAC004863,2013-01-02,36.343,6.2,9.3,year_round
MAC004863,2013-01-03,20.45,10.2,5.3,year_round
MAC004863,2013-01-04,23.058,8.8,6.7,year_round
MAC004863,2013-01-05,29.011,8.6,6.9,year_round
MAC004863,2013-01-06,24.27,7.0,8.5,year_round
MAC004863,2013-01-07,39.551,7.6,7.9,year_round
MAC004863,2013-01-08,38.113,8.9,6.6,year_round
MAC004863,2013-01-09,43.191,6.8,8.7,year_round
MAC004863,2013-01-10,33.033,1.8,13.7,year_round
MAC004863,2013-01-11,33.680999,2.7,12.8,year_round
MAC004863,2013-01-12,31.311,2.7,12.8,year_round
MAC004863,2013-01-13,45.954,1.1,14.4,year_round
MAC004863,2013-01-14,40.198,0.2,15.3,year_round
MAC004863,2013-01-15,40.721,0.6,14.9,year_round
MAC004863,2013-01-16,40.995,-2.2,17.7,year_round
MAC004863,2013-01-17,40.916,-2.2,17.7,year_round
MAC004863,2013-01-18,42.242,-1.4,16.9,year_round
MAC004863,2013-01-19,43.206,-0.2,15.7,year_round
MAC004863,2013-01-20,41.218,-1.2,16.7,year_round
MAC004863,2013-01-21,42.322,-1.5,17.0,year_round
MAC004863,2013-01-22,40.464,-1.5,17.0,year_round
MAC004863,2013-01-23,41.81,0.9,14.6,year_round
MAC004863,2013-01-24,33.927,-0.3,15.8,year_round
MAC004863,2013-01-25,32.32,-1.5,17.0,year_round
MAC004863,2013-01-26,24.782,3.3,12.2,year_round
MAC004863,2013-01-27,28.188,7.6,7.9,year_round
MAC004863,2013-01-28,39.122,5.8,9.7,year_round
MAC004863,2013-01-29,39.984999,10.9,4.6,year_round
MAC004863,2013-01-30,41.382,10.1,5.4,year_round
MAC004863,2013-01-31,39.472,8.2,7.3,year_round
MAC004863,2013-02-01,36.905,5.4,10.1,year_round
MAC004863,2013-02-02,37.396,2.7,12.8,year_round
MAC004863,2013-02-03,37.358,3.6,11.9,year_round
MAC004863,2013-02-04,35.506,7.9,7.6,year_round
MAC004863,2013-02-05,39.138,3.6,11.9,year_round
MAC004863,2013-02-06,39.02,3.5,12.0,year_round
MAC004863,2013-02-07,40.905,1.9,13.6,year_round
MAC004863,2013-02-08,41.014,1.2,14.3,year_round
MAC004863,2013-02-09,35.492,1.6,13.9,year_round
MAC004863,2013-02-10,40.119999,2.6,12.9,year_round
MAC004863,2013-02-11,40.518,1.1,14.4,year_round
MAC004863,2013-02-12,40.134,1.1,14.4,year_round
MAC004863,2013-02-13,38.436,0.5,15.0,year_round
MAC004863,2013-02-14,37.487,6.5,9.0,year_round
MAC004863,2013-02-15,37.971,4.4,11.1,year_round
MAC004863,2013-02-16,35.868,5.0,10.5,year_round
MAC004863,2013-02-17,43.355,3.5,12.0,year_round
MAC004863,2013-02-18,40.333,3.3,12.2,year_round
MAC004863,2013-02-19,42.131,0.8,14.7,year_round
MAC004863,2013-02-20,42.251,2.0,13.5,year_round
MAC004863,2013-02-21,41.083001,0.7,14.8,year_round
MAC004863,2013-02-22,45.947,0.3,15.2,year_round
MAC004863,2013-02-23,42.16,0.3,15.2,year_round
MAC004863,2013-02-24,41.924,0.4,15.1,year_round
MAC004863,2013-02-25,39.428,2.5,13.0,year_round
MAC004863,2013-02-26,39.413,3.5,12.0,year_round
MAC004863,2013-02-27,40.139,3.0,12.5,year_round
MAC004863,2013-02-28,32.397,3.5,12.0,year_round
MAC004863,2013-03-01,31.499,3.9,11.6,year_round
MAC004863,2013-03-02,32.407,2.3,13.2,year_round
MAC004863,2013-03-03,42.898999,2.6,12.9,year_round
MAC004863,2013-03-04,38.836,3.6,11.9,year_round
MAC004863,2013-03-05,36.285,5.8,9.7,year_round
MAC004863,2013-03-06,37.517,7.4,8.1,year_round
MAC004863,2013-03-07,23.063,8.0,7.5,year_round
MAC004863,2013-03-08,23.144,8.5,7.0,year_round
MAC004863,2013-03-09,30.888,6.0,9.5,year_round
MAC004863,2013-03-10,35.768,2.1,13.4,year_round
MAC004863,2013-03-11,40.733,-0.2,15.7,year_round
MAC004863,2013-03-12,39.186,0.1,15.4,year_round
MAC004863,2013-03-13,40.800001,1.9,13.6,year_round
MAC004863,2013-03-14,31.227,1.0,14.5,year_round
MAC004863,2013-03-15,23.935,4.3,11.2,year_round
MAC004863,2013-03-16,27.475,6.1,9.4,year_round
MAC004863,2013-03-17,33.281,4.7,10.8,year_round
MAC004863,2013-03-18,40.776,3.2,12.3,year_round
MAC004863,2013-03-19,39.229,3.3,12.2,year_round
MAC004863,2013-03-20,40.932,3.2,12.3,year_round
MAC004863,2013-03-21,38.855,3.1,12.4,year_round
MAC004863,2013-03-22,40.809,3.2,12.3,year_round
MAC004863,2013-03-23,44.891999,1.6,13.9,year_round
MAC004863,2013-03-24,44.966,0.1,15.4,year_round
MAC004863,2013-03-25,42.697,0.4,15.1,year_round
MAC004863,2013-03-26,42.59,0.3,15.2,year_round
MAC004863,2013-03-27,42.077,0.8,14.7,year_round
MAC004863,2013-03-28,34.329,1.0,14.5,year_round
MAC004863,2013-03-29,34.243,0.2,15.3,year_round
MAC004863,2013-03-30,34.371,1.2,14.3,year_round
MAC004863,2013-03-31,34.465,0.5,15.0,year_round
MAC004863,2013-04-01,41.592,1.8,13.7,year_round
MAC004863,2013-04-02,39.326,2.6,12.9,year_round
MAC004863,2013-04-03,38.053,1.7,13.8,year_round
MAC004863,2013-04-04,33.742,1.9,13.6,year_round
MAC004863,2013-04-05,33.073,3.3,12.2,year_round
MAC004863,2013-04-06,31.234,3.5,12.0,year_round
MAC004863,2013-04-07,40.878,3.2,12.3,year_round
MAC004863,2013-04-08,37.125,4.9,10.6,year_round
MAC004863,2013-04-09,34.525,4.8,10.7,year_round
MAC004863,2013-04-10,37.600001,6.1,9.4,year_round
MAC004863,2013-04-11,39.934,7.1,8.4,year_round
MAC004863,2013-04-12,36.99,8.4,7.1,year_round
MAC004863,2013-04-13,35.629,8.2,7.3,year_round
MAC004863,2013-04-14,40.738,13.4,2.1,year_round
MAC004863,2013-04-15,40.051,11.5,4.0,year_round
MAC004863,2013-04-16,36.344,11.3,4.2,year_round
MAC004863,2013-04-17,35.454,11.8,3.7,year_round
MAC004863,2013-04-18,30.679,10.1,5.4,year_round
MAC004863,2013-04-19,25.711,8.4,7.1,year_round
MAC004863,2013-04-20,26.859,5.9,9.6,year_round
MAC004863,2013-04-21,41.109,7.0,8.5,year_round
MAC004863,2013-04-22,36.937,9.3,6.2,year_round
MAC004863,2013-04-23,37.483,13.1,2.4,year_round
MAC004863,2013-04-24,39.083,12.5,3.0,year_round
MAC004863,2013-04-25,32.092,14.2,1.3,year_round
MAC004863,2013-04-26,28.191,8.9,6.6,year_round
MAC004863,2013-04-27,27.045,6.0,9.5,year_round
MAC004863,2013-04-28,24.136001,6.2,9.3,year_round
MAC004863,2013-04-29,41.841,9.2,6.3,year_round
MAC004863,2013-04-30,39.199,7.9,7.6,year_round
MAC004863,2013-05-01,38.208,8.4,7.1,year_round
MAC004863,2013-05-02,22.102,9.1,6.4,year_round
MAC004863,2013-05-03,28.455,11.1,4.4,year_round
MAC004863,2013-05-04,25.67,10.9,4.6,year_round
MAC004863,2013-05-05,24.068,11.4,4.1,year_round
MAC004863,2013-05-06,39.707,13.2,2.3,year_round
MAC004863,2013-05-07,35.505,13.8,1.7,year_round
MAC004863,2013-05-08,36.119,12.9,2.6,year_round
MAC004863,2013-05-09,33.681,10.5,5.0,year_round
MAC004863,2013-05-10,41.478,12.4,3.1,year_round
MAC004863,2013-05-11,39.646,10.4,5.1,year_round
MAC004863,2013-05-12,36.873,9.6,5.9,year_round
MAC004863,2013-05-13,37.948,11.0,4.5,year_round
MAC004863,2013-05-14,38.636,8.6,6.9,year_round
MAC004863,2013-05-15,38.596,9.1,6.4,year_round
MAC004863,2013-05-16,38.303,9.5,6.0,year_round
MAC004863,2013-05-17,36.272,9.1,6.4,year_round
MAC004863,2013-05-18,38.335,10.9,4.6,year_round
MAC004863,2013-05-19,33.54,12.7,2.8,year_round
MAC004863,2013-05-20,35.122,13.4,2.1,year_round
MAC004863,2013-05-21,31.073999,12.9,2.6,year_round
MAC004863,2013-05-22,29.118,11.4,4.1,year_round
MAC004863,2013-05-23,31.384,8.1,7.4,year_round
MAC004863,2013-05-24,33.928,7.1,8.4,year_round
MAC004863,2013-05-25,32.159,9.5,6.0,year_round
MAC004863,2013-05-26,33.105,11.5,4.0,year_round
MAC004863,2013-05-27,34.865001,11.0,4.5,year_round
MAC004863,2013-05-28,35.412,10.8,4.7,year_round
MAC004863,2013-05-29,37.14,10.7,4.8,year_round
MAC004863,2013-05-30,37.936,12.4,3.1,year_round
MAC004863,2013-05-31,31.151,14.5,1.0,year_round
MAC004863,2013-06-01,30.275,12.9,2.6,year_round
MAC004863,2013-06-02,29.164,12.8,2.7,year_round
MAC004863,2013-06-03,32.236,11.9,3.6,year_round
MAC004863,2013-06-04,29.315,12.1,3.4,year_round
MAC004863,2013-06-05,32.169,12.6,2.9,year_round
MAC004863,2013-06-06,35.362,13.3,2.2,year_round
MAC004863,2013-06-07,34.881,14.1,1.4,year_round
MAC004863,2013-06-08,34.02,12.4,3.1,year_round
MAC004863,2013-06-09,32.166,12.5,3.0,year_round
MAC004863,2013-06-10,32.567,12.4,3.1,year_round
MAC004863,2013-06-11,36.642,13.3,2.2,year_round
MAC004863,2013-06-12,31.435,15.2,0.3,year_round
MAC004863,2013-06-13,34.76,14.6,0.9,year_round
MAC004863,2013-06-14,34.878,13.5,2.0,year_round
MAC004863,2013-06-15,35.527,13.9,1.6,year_round
MAC004863,2013-06-16,36.891,13.5,2.0,year_round
MAC004863,2013-06-17,37.316,14.9,0.6,year_round
MAC004863,2013-06-18,33.928,17.2,0.0,year_round
MAC004863,2013-06-19,0.78,19.0,0.0,year_round
MAC004863,2013-06-20,27.736,17.3,0.0,year_round
MAC004863,2013-06-21,1.351,16.6,0.0,year_round
MAC004863,2013-06-22,0.724,14.3,1.2,year_round
MAC004863,2013-06-23,2.806,14.8,0.7,year_round
MAC004863,2013-06-24,44.134,12.8,2.7,year_round
MAC004863,2013-06-25,39.507,14.1,1.4,year_round
MAC004863,2013-06-26,38.85,16.0,0.0,year_round
MAC004863,2013-06-27,35.113,14.5,1.0,year_round
MAC004863,2013-06-28,35.338999,15.4,0.1,year_round
MAC004863,2013-06-29,39.838,15.8,0.0,year_round
MAC004863,2013-06-30,37.547,18.5,0.0,year_round
MAC004863,2013-07-01,39.106,16.3,0.0,year_round
MAC004863,2013-07-02,32.69,14.5,1.0,year_round
MAC004863,2013-07-03,36.567,16.4,0.0,year_round
MAC004863,2013-07-04,26.592,17.1,0.0,year_round
MAC004863,2013-07-05,0.819,18.3,0.0,year_round
MAC004863,2013-07-06,0.793,18.9,0.0,year_round
MAC004863,2013-07-07,9.142,20.5,0.0,year_round
MAC004863,2013-07-08,37.949,18.9,0.0,year_round
MAC004863,2013-07-09,40.145,18.1,0.0,year_round
MAC004863,2013-07-10,40.357999,17.2,0.0,year_round
MAC004863,2013-07-11,38.968,15.2,0.3,year_round
MAC004863,2013-07-12,38.068,17.0,0.0,year_round
MAC004863,2013-07-13,39.08,21.6,0.0,year_round
MAC004863,2013-07-14,39.372999,22.1,0.0,year_round
MAC004863,2013-07-15,38.715,21.8,0.0,year_round
MAC004863,2013-07-16,39.405,22.8,0.0,year_round
MAC004863,2013-07-17,38.809,22.9,0.0,year_round
MAC004863,2013-07-18,39.438,21.2,0.0,year_round
MAC004863,2013-07-19,38.635,20.3,0.0,year_round
MAC004863,2013-07-20,40.762001,18.8,0.0,year_round
MAC004863,2013-07-21,40.137,20.2,0.0,year_round
MAC004863,2013-07-22,39.508,23.8,0.0,year_round
MAC004863,2013-07-23,39.696,23.1,0.0,year_round
MAC004863,2013-07-24,38.952,20.5,0.0,year_round
MAC004863,2013-07-25,38.214,19.8,0.0,year_round
MAC004863,2013-07-26,37.711,19.6,0.0,year_round
MAC004863,2013-07-27,37.839001,20.0,0.0,year_round
MAC004863,2013-07-28,38.556,18.7,0.0,year_round
MAC004863,2013-07-29,39.508,17.9,0.0,year_round
MAC004863,2013-07-30,39.822999,16.8,0.0,year_round
MAC004863,2013-07-31,38.963,18.6,0.0,year_round
MAC004863,2013-08-01,38.346,22.8,0.0,year_round
MAC004863,2013-08-02,38.135,19.6,0.0,year_round
MAC004863,2013-08-03,38.456,18.1,0.0,year_round
MAC004863,2013-08-04,39.578,17.9,0.0,year_round
MAC004863,2013-08-05,39.979,18.3,0.0,year_round
MAC004863,2013-08-06,39.295,16.8,0.0,year_round
MAC004863,2013-08-07,39.161,17.3,0.0,year_round
MAC004863,2013-08-08,40.076,16.6,0.0,year_round
MAC004863,2013-08-09,38.303,18.3,0.0,year_round
MAC004863,2013-08-10,39.01,16.9,0.0,year_round
MAC004863,2013-08-11,39.385,18.2,0.0,year_round
MAC004863,2013-08-12,39.489001,16.3,0.0,year_round
MAC004863,2013-08-13,40.187,15.3,0.2,year_round
MAC004863,2013-08-14,39.05,16.4,0.0,year_round
MAC004863,2013-08-15,40.04,19.2,0.0,year_round
MAC004863,2013-08-16,39.49,17.9,0.0,year_round
MAC004863,2013-08-17,40.016,16.6,0.0,year_round
MAC004863,2013-08-18,39.718999,18.8,0.0,year_round
MAC004863,2013-08-19,40.250001,17.0,0.0,year_round
MAC004863,2013-08-20,39.03,17.6,0.0,year_round
MAC004863,2013-08-21,39.694,18.1,0.0,year_round
MAC004863,2013-08-22,39.444,18.7,0.0,year_round
MAC004863,2013-08-23,39.845,20.0,0.0,year_round
MAC004863,2013-08-24,39.221,17.0,0.0,year_round
MAC004863,2013-08-25,37.995,17.1,0.0,year_round
MAC004863,2013-08-26,39.641,18.2,0.0,year_round
MAC004863,2013-08-27,39.927,16.1,0.0,year_round
MAC004863,2013-08-28,40.777,16.1,0.0,year_round
MAC004863,2013-08-29,34.915,17.9,0.0,year_round
MAC004863,2013-08-30,34.779,18.3,0.0,year_round
MAC004863,2013-08-31,9.725,16.3,0.0,year_round
MAC004863,2013-09-01,4.094,14.7,0.8,year_round
MAC004863,2013-09-02,40.847,16.8,0.0,year_round
MAC004863,2013-09-03,40.037,18.5,0.0,year_round
MAC004863,2013-09-04,40.265,18.7,0.0,year_round
MAC004863,2013-09-05,38.461,20.4,0.0,year_round
MAC004863,2013-09-06,38.944001,15.4,0.1,year_round
MAC004863,2013-09-07,38.875,13.6,1.9,year_round
MAC004863,2013-09-08,40.012,11.8,3.7,year_round
MAC004863,2013-09-09,42.138,11.6,3.9,year_round
MAC004863,2013-09-10,39.927,12.5,3.0,year_round
MAC004863,2013-09-11,41.478,13.5,2.0,year_round
MAC004863,2013-09-12,34.807,14.1,1.4,year_round
MAC004863,2013-09-13,35.004,16.2,0.0,year_round
MAC004863,2013-09-14,9.045,11.7,3.8,year_round
MAC004863,2013-09-15,41.744,11.3,4.2,year_round
MAC004863,2013-09-16,39.277,11.2,4.3,year_round
MAC004863,2013-09-17,39.192,11.0,4.5,year_round
MAC004863,2013-09-18,38.898,12.3,3.2,year_round
MAC004863,2013-09-19,39.04,12.0,3.5,year_round
MAC004863,2013-09-20,38.719001,13.4,2.1,year_round
MAC004863,2013-09-21,38.965,13.5,2.0,year_round
MAC004863,2013-09-22,37.785001,16.8,0.0,year_round
MAC004863,2013-09-23,38.379,16.6,0.0,year_round
MAC004863,2013-09-24,37.813,15.1,0.4,year_round
MAC004863,2013-09-25,40.081,15.7,0.0,year_round
MAC004863,2013-09-26,38.516,14.5,1.0,year_round
MAC004863,2013-09-27,40.444,12.6,2.9,year_round
MAC004863,2013-09-28,40.754999,14.3,1.2,year_round
MAC004863,2013-09-29,37.456,14.3,1.2,year_round
MAC004863,2013-09-30,42.813,14.9,0.6,year_round
MAC004863,2013-10-01,40.419,14.3,1.2,year_round
MAC004863,2013-10-02,40.25,15.4,0.1,year_round
MAC004863,2013-10-03,34.172,16.1,0.0,year_round
MAC004863,2013-10-04,33.794,17.3,0.0,year_round
MAC004863,2013-10-05,33.88,15.3,0.2,year_round
MAC004863,2013-10-06,43.409,13.8,1.7,year_round
MAC004863,2013-10-07,38.98,13.3,2.2,year_round
MAC004863,2013-10-08,40.085,15.6,0.0,year_round
MAC004863,2013-10-09,40.04,13.6,1.9,year_round
MAC004863,2013-10-10,39.69,9.3,6.2,year_round
MAC004863,2013-10-11,38.243,11.1,4.4,year_round
MAC004863,2013-10-12,39.803,11.4,4.1,year_round
MAC004863,2013-10-13,36.007,9.6,5.9,year_round
MAC004863,2013-10-14,37.095,9.1,6.4,year_round
MAC004863,2013-10-15,36.783,9.5,6.0,year_round
MAC004863,2013-10-16,35.663,9.7,5.8,year_round
MAC004863,2013-10-17,38.192,13.2,2.3,year_round
MAC004863,2013-10-18,38.647,12.6,2.9,year_round
MAC004863,2013-10-19,40.302,13.9,1.6,year_round
MAC004863,2013-10-20,40.457999,13.4,2.1,year_round
MAC004863,2013-10-21,41.079,14.8,0.7,year_round
MAC004863,2013-10-22,42.73,16.0,0.0,year_round
MAC004863,2013-10-23,40.922,13.9,1.6,year_round
MAC004863,2013-10-24,38.016,11.1,4.4,year_round
MAC004863,2013-10-25,39.895,15.3,0.2,year_round
MAC004863,2013-10-26,38.344,15.0,0.5,year_round
MAC004863,2013-10-27,39.622,13.5,2.0,year_round
MAC004863,2013-10-28,40.015001,12.7,2.8,year_round
MAC004863,2013-10-29,40.574,9.1,6.4,year_round
MAC004863,2013-10-30,38.399001,9.0,6.5,year_round
MAC004863,2013-10-31,39.649,12.5,3.0,year_round
MAC004863,2013-11-01,38.191,12.0,3.5,year_round
MAC004863,2013-11-02,38.397001,11.5,4.0,year_round
MAC004863,2013-11-03,39.023,8.7,6.8,year_round
MAC004863,2013-11-04,41.464,7.4,8.1,year_round
MAC004863,2013-11-05,39.357,7.6,7.9,year_round
MAC004863,2013-11-06,38.815,10.4,5.1,year_round
MAC004863,2013-11-07,41.181999,10.4,5.1,year_round
MAC004863,2013-11-08,38.89,7.5,8.0,year_round
MAC004863,2013-11-09,36.324,5.4,10.1,year_round
MAC004863,2013-11-10,37.693,5.2,10.3,year_round
MAC004863,2013-11-11,39.207,8.5,7.0,year_round
MAC004863,2013-11-12,38.064,10.0,5.5,year_round
MAC004863,2013-11-13,39.255,5.1,10.4,year_round
MAC004863,2013-11-14,39.833,7.2,8.3,year_round
MAC004863,2013-11-15,42.907001,4.8,10.7,year_round
MAC004863,2013-11-16,41.969,4.0,11.5,year_round
MAC004863,2013-11-17,36.2,6.0,9.5,year_round
MAC004863,2013-11-18,35.963,7.8,7.7,year_round
MAC004863,2013-11-19,37.698,2.9,12.6,year_round
MAC004863,2013-11-20,36.852,2.3,13.2,year_round
MAC004863,2013-11-21,34.319,4.5,11.0,year_round
MAC004863,2013-11-22,34.36,4.8,10.7,year_round
MAC004863,2013-11-23,33.238001,4.6,10.9,year_round
MAC004863,2013-11-24,34.597,4.6,10.9,year_round
MAC004863,2013-11-25,36.772,4.0,11.5,year_round
MAC004863,2013-11-26,36.277,2.5,13.0,year_round
MAC004863,2013-11-27,34.506,6.4,9.1,year_round
MAC004863,2013-11-28,33.332,7.2,8.3,year_round
MAC004863,2013-11-29,38.409,7.3,8.2,year_round
MAC004863,2013-11-30,34.695,5.3,10.2,year_round
MAC004863,2013-12-01,39.724,3.7,11.8,year_round
MAC004863,2013-12-02,38.189,5.5,10.0,year_round
MAC004863,2013-12-03,38.448,3.2,12.3,year_round
MAC004863,2013-12-04,37.38,4.4,11.1,year_round
MAC004863,2013-12-05,38.096,4.4,11.1,year_round
MAC004863,2013-12-06,38.924,4.3,11.2,year_round
MAC004863,2013-12-07,38.116,5.9,9.6,year_round
MAC004863,2013-12-08,39.856,7.3,8.2,year_round
MAC004863,2013-12-09,41.025001,6.7,8.8,year_round
MAC004863,2013-12-10,38.729,3.9,11.6,year_round
MAC004863,2013-12-11,39.838001,2.8,12.7,year_round
MAC004863,2013-12-12,4.654,5.2,10.3,year_round
MAC004863,2013-12-13,11.229,8.7,6.8,year_round
MAC004863,2013-12-14,6.079,7.3,8.2,year_round
MAC004863,2013-12-15,5.991,10.7,4.8,year_round
MAC004863,2013-12-16,7.861,11.4,4.1,year_round
MAC004863,2013-12-17,6.639,6.3,9.2,year_round
MAC004863,2013-12-18,6.215,8.1,7.4,year_round
MAC004863,2013-12-19,0.862,6.1,9.4,year_round
MAC004863,2013-12-20,0.894,5.4,10.1,year_round
MAC004863,2013-12-21,0.855,10.2,5.3,year_round
MAC004863,2013-12-22,2.149,7.1,8.4,year_round
MAC004863,2013-12-23,12.059,8.1,7.4,year_round
MAC004863,2013-12-24,0.594,8.5,7.0,year_round
MAC004863,2013-12-25,0.578,4.7,10.8,year_round
MAC004863,2013-12-26,0.596,4.1,11.4,year_round
MAC004863,2013-12-27,0.552,9.0,6.5,year_round
MAC004863,2013-12-28,0.529,4.8,10.7,year_round
MAC004863,2013-12-29,14.974,2.3,13.2,year_round
MAC004863,2013-12-30,6.055,7.8,7.7,year_round
MAC004866,2013-01-01,13.042,5.8,9.7,seasonal
MAC004866,2013-01-02,13.516,6.2,9.3,seasonal
MAC004866,2013-01-03,13.596,10.2,5.3,seasonal
MAC004866,2013-01-04,13.069,8.8,6.7,seasonal
MAC004866,2013-01-05,13.265,8.6,6.9,seasonal
MAC004866,2013-01-06,12.961,7.0,8.5,seasonal
MAC004866,2013-01-07,13.18,7.6,7.9,seasonal
MAC004866,2013-01-08,13.569,8.9,6.6,seasonal
MAC004866,2013-01-09,14.268,6.8,8.7,seasonal
MAC004866,2013-01-10,13.513,1.8,13.7,seasonal
MAC004866,2013-01-11,14.076,2.7,12.8,seasonal
MAC004866,2013-01-12,13.376,2.7,12.8,seasonal
MAC004866,2013-01-13,18.018,1.1,14.4,seasonal
MAC004866,2013-01-14,13.578,0.2,15.3,seasonal
MAC004866,2013-01-15,17.823,0.6,14.9,seasonal
MAC004866,2013-01-16,13.273,-2.2,17.7,seasonal
MAC004866,2013-01-17,14.887,-2.2,17.7,seasonal
MAC004866,2013-01-18,14.087,-1.4,16.9,seasonal
MAC004866,2013-01-19,14.046,-0.2,15.7,seasonal
MAC004866,2013-01-20,16.457,-1.2,16.7,seasonal
MAC004866,2013-01-21,13.894,-1.5,17.0,seasonal
MAC004866,2013-01-22,14.85,-1.5,17.0,seasonal
MAC004866,2013-01-23,14.382,0.9,14.6,seasonal
MAC004866,2013-01-24,14.642,-0.3,15.8,seasonal
MAC004866,2013-01-25,13.964,-1.5,17.0,seasonal
MAC004866,2013-01-26,13.504,3.3,12.2,seasonal
MAC004866,2013-01-27,13.903,7.6,7.9,seasonal
MAC004866,2013-01-28,13.882,5.8,9.7,seasonal
MAC004866,2013-01-29,12.328,10.9,4.6,seasonal
MAC004866,2013-01-30,14.554,10.1,5.4,seasonal
MAC004866,2013-01-31,12.362,8.2,7.3,seasonal
MAC004866,2013-02-01,14.25,5.4,10.1,seasonal
MAC004866,2013-02-02,13.6,2.7,12.8,seasonal
MAC004866,2013-02-03,13.994,3.6,11.9,seasonal
MAC004866,2013-02-04,15.198,7.9,7.6,seasonal
MAC004866,2013-02-05,13.409,3.6,11.9,seasonal
MAC004866,2013-02-06,13.392,3.5,12.0,seasonal
MAC004866,2013-02-07,14.979,1.9,13.6,seasonal
MAC004866,2013-02-08,13.323,1.2,14.3,seasonal
MAC004866,2013-02-09,13.488,1.6,13.9,seasonal
MAC004866,2013-02-10,14.342,2.6,12.9,seasonal
MAC004866,2013-02-11,14.397,1.1,14.4,seasonal
MAC004866,2013-02-12,14.502,1.1,14.4,seasonal
MAC004866,2013-02-13,14.3,0.5,15.0,seasonal
MAC004866,2013-02-14,14.198,6.5,9.0,seasonal
MAC004866,2013-02-15,15.082,4.4,11.1,seasonal
MAC004866,2013-02-16,14.796,5.0,10.5,seasonal
MAC004866,2013-02-17,14.664,3.5,12.0,seasonal
MAC004866,2013-02-18,14.386,3.3,12.2,seasonal
MAC004866,2013-02-19,13.38,0.8,14.7,seasonal
MAC004866,2013-02-20,15.833,2.0,13.5,seasonal
MAC004866,2013-02-21,15.321,0.7,14.8,seasonal
MAC004866,2013-02-22,14.397,0.3,15.2,seasonal
MAC004866,2013-02-23,14.761,0.3,15.2,seasonal
MAC004866,2013-02-24,14.829,0.4,15.1,seasonal
MAC004866,2013-02-25,14.635,2.5,13.0,seasonal
MAC004866,2013-02-26,14.836,3.5,12.0,seasonal
MAC004866,2013-02-27,14.883,3.0,12.5,seasonal
MAC004866,2013-02-28,14.689,3.5,12.0,seasonal
MAC004866,2013-03-01,13.543,3.9,11.6,seasonal
MAC004866,2013-03-02,15.095,2.3,13.2,seasonal
MAC004866,2013-03-03,14.713,2.6,12.9,seasonal
MAC004866,2013-03-04,14.081,3.6,11.9,seasonal
MAC004866,2013-03-05,14.96,5.8,9.7,seasonal
MAC004866,2013-03-06,13.611,7.4,8.1,seasonal
MAC004866,2013-03-07,13.379,8.0,7.5,seasonal
MAC004866,2013-03-08,13.845,8.5,7.0,seasonal
MAC004866,2013-03-09,14.724,6.0,9.5,seasonal
MAC004866,2013-03-10,14.045,2.1,13.4,seasonal
MAC004866,2013-03-11,14.82,-0.2,15.7,seasonal
MAC004866,2013-03-12,16.593,0.1,15.4,seasonal
MAC004866,2013-03-13,16.369,1.9,13.6,seasonal
MAC004866,2013-03-14,14.199,1.0,14.5,seasonal
MAC004866,2013-03-15,13.953,4.3,11.2,seasonal
MAC004866,2013-03-16,14.295,6.1,9.4,seasonal
MAC004866,2013-03-17,13.924,4.7,10.8,seasonal
MAC004866,2013-03-18,14.763,3.2,12.3,seasonal
MAC004866,2013-03-19,15.084,3.3,12.2,seasonal
MAC004866,2013-03-20,14.833,3.2,12.3,seasonal
MAC004866,2013-03-21,14.345,3.1,12.4,seasonal
MAC004866,2013-03-22,14.13,3.2,12.3,seasonal
MAC004866,2013-03-23,14.98,1.6,13.9,seasonal
MAC004866,2013-03-24,14.401,0.1,15.4,seasonal
MAC004866,2013-03-25,15.568,0.4,15.1,seasonal
MAC004866,2013-03-26,14.294,0.3,15.2,seasonal
MAC004866,2013-03-27,14.927,0.8,14.7,seasonal
MAC004866,2013-03-28,14.534,1.0,14.5,seasonal
MAC004866,2013-03-29,13.904,0.2,15.3,seasonal
MAC004866,2013-03-30,14.759,1.2,14.3,seasonal
MAC004866,2013-03-31,13.902,0.5,15.0,seasonal
MAC004866,2013-04-01,17.032,1.8,13.7,seasonal
MAC004866,2013-04-02,14.461,2.6,12.9,seasonal
MAC004866,2013-04-03,14.716,1.7,13.8,seasonal
MAC004866,2013-04-04,14.121,1.9,13.6,seasonal
MAC004866,2013-04-05,13.96,3.3,12.2,seasonal
MAC004866,2013-04-06,14.265,3.5,12.0,seasonal
MAC004866,2013-04-07,15.137,3.2,12.3,seasonal
MAC004866,2013-04-08,14.428,4.9,10.6,seasonal
MAC004866,2013-04-09,13.595,4.8,10.7,seasonal
MAC004866,2013-04-10,13.735,6.1,9.4,seasonal
MAC004866,2013-04-11,13.617,7.1,8.4,seasonal
MAC004866,2013-04-12,14.066,8.4,7.1,seasonal
MAC004866,2013-04-13,13.448,8.2,7.3,seasonal
MAC004866,2013-04-14,13.461,13.4,2.1,seasonal
MAC004866,2013-04-15,13.716,11.5,4.0,seasonal
MAC004866,2013-04-16,13.018,11.3,4.2,seasonal
MAC004866,2013-04-17,12.54,11.8,3.7,seasonal
MAC004866,2013-04-18,14.033,10.1,5.4,seasonal
MAC004866,2013-04-19,13.917,8.4,7.1,seasonal
MAC004866,2013-04-20,14.096,5.9,9.6,seasonal
MAC004866,2013-04-21,13.522,7.0,8.5,seasonal
MAC004866,2013-04-22,13.711,9.3,6.2,seasonal
MAC004866,2013-04-23,14.017,13.1,2.4,seasonal
MAC004866,2013-04-24,12.27,12.5,3.0,seasonal
MAC004866,2013-04-25,12.907,14.2,1.3,seasonal
MAC004866,2013-04-26,13.414,8.9,6.6,seasonal
MAC004866,2013-04-27,14.115,6.0,9.5,seasonal
MAC004866,2013-04-28,13.765,6.2,9.3,seasonal
MAC004866,2013-04-29,13.459,9.2,6.3,seasonal
MAC004866,2013-04-30,13.843,7.9,7.6,seasonal
MAC004866,2013-05-01,13.587,8.4,7.1,seasonal
MAC004866,2013-05-02,13.823,9.1,6.4,seasonal
MAC004866,2013-05-03,12.784,11.1,4.4,seasonal
MAC004866,2013-05-04,13.523,10.9,4.6,seasonal
MAC004866,2013-05-05,13.218,11.4,4.1,seasonal
MAC004866,2013-05-06,2.823,13.2,2.3,seasonal
MAC004866,2013-05-07,2.4,13.8,1.7,seasonal
MAC004866,2013-05-08,2.543,12.9,2.6,seasonal
MAC004866,2013-05-09,2.968,10.5,5.0,seasonal
MAC004866,2013-05-10,2.621,12.4,3.1,seasonal
MAC004866,2013-05-11,2.442,10.4,5.1,seasonal
MAC004866,2013-05-12,3.713,9.6,5.9,seasonal
MAC004866,2013-05-13,2.258,11.0,4.5,seasonal
MAC004866,2013-05-14,2.12,8.6,6.9,seasonal
MAC004866,2013-05-15,2.745,9.1,6.4,seasonal
MAC004866,2013-05-16,2.588,9.5,6.0,seasonal
MAC004866,2013-05-17,2.595,9.1,6.4,seasonal
MAC004866,2013-05-18,2.952,10.9,4.6,seasonal
MAC004866,2013-05-19,1.908,12.7,2.8,seasonal
MAC004866,2013-05-20,3.064,13.4,2.1,seasonal
MAC004866,2013-05-21,2.124,12.9,2.6,seasonal
MAC004866,2013-05-22,2.68,11.4,4.1,seasonal
MAC004866,2013-05-23,2.991,8.1,7.4,seasonal
MAC004866,2013-05-24,2.439,7.1,8.4,seasonal
MAC004866,2013-05-25,2.813,9.5,6.0,seasonal
MAC004866,2013-05-26,2.325,11.5,4.0,seasonal
MAC004866,2013-05-27,2.825,11.0,4.5,seasonal
MAC004866,2013-05-28,2.312,10.8,4.7,seasonal
MAC004866,2013-05-29,3.017,10.7,4.8,seasonal
MAC004866,2013-05-30,2.307,12.4,3.1,seasonal
MAC004866,2013-05-31,2.322,14.5,1.0,seasonal
MAC004866,2013-06-01,2.405,12.9,2.6,seasonal
MAC004866,2013-06-02,2.352,12.8,2.7,seasonal
MAC004866,2013-06-03,2.661,11.9,3.6,seasonal
MAC004866,2013-06-04,2.295,12.1,3.4,seasonal
MAC004866,2013-06-05,2.476,12.6,2.9,seasonal
MAC004866,2013-06-06,2.559,13.3,2.2,seasonal
MAC004866,2013-06-07,2.625,14.1,1.4,seasonal
MAC004866,2013-06-08,2.661,12.4,3.1,seasonal
MAC004866,2013-06-09,2.717,12.5,3.0,seasonal
MAC004866,2013-06-10,2.775,12.4,3.1,seasonal
MAC004866,2013-06-11,2.548,13.3,2.2,seasonal
MAC004866,2013-06-12,2.631,15.2,0.3,seasonal
MAC004866,2013-06-13,2.398,14.6,0.9,seasonal
MAC004866,2013-06-14,2.921,13.5,2.0,seasonal
MAC004866,2013-06-15,2.544,13.9,1.6,seasonal
MAC004866,2013-06-16,2.352,13.5,2.0,seasonal
MAC004866,2013-06-17,2.642,14.9,0.6,seasonal
MAC004866,2013-06-18,3.023,17.2,0.0,seasonal
MAC004866,2013-06-19,2.289,19.0,0.0,seasonal
MAC004866,2013-06-20,2.788,17.3,0.0,seasonal
MAC004866,2013-06-21,2.492,16.6,0.0,seasonal
MAC004866,2013-06-22,2.481,14.3,1.2,seasonal
MAC004866,2013-06-23,2.272,14.8,0.7,seasonal
MAC004866,2013-06-24,2.867,12.8,2.7,seasonal
MAC004866,2013-06-25,2.363,14.1,1.4,seasonal
MAC004866,2013-06-26,2.682,16.0,0.0,seasonal
MAC004866,2013-06-27,2.607,14.5,1.0,seasonal
MAC004866,2013-06-28,2.201,15.4,0.1,seasonal
MAC004866,2013-06-29,2.817,15.8,0.0,seasonal
MAC004866,2013-06-30,2.17,18.5,0.0,seasonal
MAC004866,2013-07-01,2.74,16.3,0.0,seasonal
MAC004866,2013-07-02,2.336,14.5,1.0,seasonal
MAC004866,2013-07-03,3.283,16.4,0.0,seasonal
MAC004866,2013-07-04,2.395,17.1,0.0,seasonal
MAC004866,2013-07-05,2.578,18.3,0.0,seasonal
MAC004866,2013-07-06,2.341,18.9,0.0,seasonal
MAC004866,2013-07-07,2.251,20.5,0.0,seasonal
MAC004866,2013-07-08,2.83,18.9,0.0,seasonal
MAC004866,2013-07-09,2.495,18.1,0.0,seasonal
MAC004866,2013-07-10,2.263,17.2,0.0,seasonal
MAC004866,2013-07-11,2.469,15.2,0.3,seasonal
MAC004866,2013-07-12,2.736,17.0,0.0,seasonal
MAC004866,2013-07-13,2.783,21.6,0.0,seasonal
MAC004866,2013-07-14,1.907,22.1,0.0,seasonal
MAC004866,2013-07-15,2.62,21.8,0.0,seasonal
MAC004866,2013-07-16,2.209,22.8,0.0,seasonal
MAC004866,2013-07-17,2.378,22.9,0.0,seasonal
MAC004866,2013-07-18,2.153,21.2,0.0,seasonal
MAC004866,2013-07-19,2.312,20.3,0.0,seasonal
MAC004866,2013-07-20,2.299,18.8,0.0,seasonal
MAC004866,2013-07-21,2.306,20.2,0.0,seasonal
MAC004866,2013-07-22,2.958,23.8,0.0,seasonal
MAC004866,2013-07-23,3.391,23.1,0.0,seasonal
MAC004866,2013-07-24,1.268,20.5,0.0,seasonal
MAC004866,2013-07-25,2.396,19.8,0.0,seasonal
MAC004866,2013-07-26,2.725,19.6,0.0,seasonal
MAC004866,2013-07-27,2.219,20.0,0.0,seasonal
MAC004866,2013-07-28,2.295,18.7,0.0,seasonal
MAC004866,2013-07-29,2.658,17.9,0.0,seasonal
MAC004866,2013-07-30,2.126,16.8,0.0,seasonal
MAC004866,2013-07-31,2.556,18.6,0.0,seasonal
MAC004866,2013-08-01,2.675,22.8,0.0,seasonal
MAC004866,2013-08-02,2.142,19.6,0.0,seasonal
MAC004866,2013-08-03,2.783,18.1,0.0,seasonal
MAC004866,2013-08-04,2.771,17.9,0.0,seasonal
MAC004866,2013-08-05,2.304,18.3,0.0,seasonal
MAC004866,2013-08-06,2.31,16.8,0.0,seasonal
MAC004866,2013-08-07,2.473,17.3,0.0,seasonal
MAC004866,2013-08-08,2.493,16.6,0.0,seasonal
MAC004866,2013-08-09,2.424,18.3,0.0,seasonal
MAC004866,2013-08-10,3.718,16.9,0.0,seasonal
MAC004866,2013-08-11,2.467,18.2,0.0,seasonal
MAC004866,2013-08-12,3.176,16.3,0.0,seasonal
MAC004866,2013-08-13,2.08,15.3,0.2,seasonal
MAC004866,2013-08-14,2.786,16.4,0.0,seasonal
MAC004866,2013-08-15,2.244,19.2,0.0,seasonal
MAC004866,2013-08-16,2.334,17.9,0.0,seasonal
MAC004866,2013-08-17,2.705,16.6,0.0,seasonal
MAC004866,2013-08-18,2.43,18.8,0.0,seasonal
MAC004866,2013-08-19,2.864,17.0,0.0,seasonal
MAC004866,2013-08-20,2.513,17.6,0.0,seasonal
MAC004866,2013-08-21,2.301,18.1,0.0,seasonal
MAC004866,2013-08-22,2.646,18.7,0.0,seasonal
MAC004866,2013-08-23,2.3,20.0,0.0,seasonal
MAC004866,2013-08-24,2.528,17.0,0.0,seasonal
MAC004866,2013-08-25,2.445,17.1,0.0,seasonal
MAC004866,2013-08-26,2.723,18.2,0.0,seasonal
MAC004866,2013-08-27,2.143,16.1,0.0,seasonal
MAC004866,2013-08-28,2.711,16.1,0.0,seasonal
MAC004866,2013-08-29,2.28,17.9,0.0,seasonal
MAC004866,2013-08-30,2.799,18.3,0.0,seasonal
MAC004866,2013-08-31,2.484,16.3,0.0,seasonal
MAC004866,2013-09-01,2.7,14.7,0.8,seasonal
MAC004866,2013-09-02,2.76,16.8,0.0,seasonal
MAC004866,2013-09-03,2.328,18.5,0.0,seasonal
MAC004866,2013-09-04,2.618,18.7,0.0,seasonal
MAC004866,2013-09-05,2.419,20.4,0.0,seasonal
MAC004866,2013-09-06,2.018,15.4,0.1,seasonal
MAC004866,2013-09-07,2.846,13.6,1.9,seasonal
MAC004866,2013-09-08,2.387,11.8,3.7,seasonal
MAC004866,2013-09-09,2.69,11.6,3.9,seasonal
MAC004866,2013-09-10,2.826,12.5,3.0,seasonal
MAC004866,2013-09-11,2.694,13.5,2.0,seasonal
MAC004866,2013-09-12,2.362,14.1,1.4,seasonal
MAC004866,2013-09-13,2.817,16.2,0.0,seasonal
MAC004866,2013-09-14,2.521,11.7,3.8,seasonal
MAC004866,2013-09-15,2.667,11.3,4.2,seasonal
MAC004866,2013-09-16,2.808,11.2,4.3,seasonal
MAC004866,2013-09-17,2.349,11.0,4.5,seasonal
MAC004866,2013-09-18,2.792,12.3,3.2,seasonal
MAC004866,2013-09-19,2.648,12.0,3.5,seasonal
MAC004866,2013-09-20,2.738,13.4,2.1,seasonal
MAC004866,2013-09-21,2.863,13.5,2.0,seasonal
MAC004866,2013-09-22,2.379,16.8,0.0,seasonal
MAC004866,2013-09-23,2.825,16.6,0.0,seasonal
MAC004866,2013-09-24,2.657,15.1,0.4,seasonal
MAC004866,2013-09-25,2.131,15.7,0.0,seasonal
MAC004866,2013-09-26,3.099,14.5,1.0,seasonal
MAC004866,2013-09-27,2.559,12.6,2.9,seasonal
MAC004866,2013-09-28,2.41,14.3,1.2,seasonal
MAC004866,2013-09-29,2.514,14.3,1.2,seasonal
MAC004866,2013-09-30,2.379,14.9,0.6,seasonal
MAC004866,2013-10-01,2.61,14.3,1.2,seasonal
MAC004866,2013-10-02,2.763,15.4,0.1,seasonal
MAC004866,2013-10-03,2.255,16.1,0.0,seasonal
MAC004866,2013-10-04,2.497,17.3,0.0,seasonal
MAC004866,2013-10-05,2.773,15.3,0.2,seasonal
MAC004866,2013-10-06,2.197,13.8,1.7,seasonal
MAC004866,2013-10-07,2.82,13.3,2.2,seasonal
MAC004866,2013-10-08,2.543,15.6,0.0,seasonal
MAC004866,2013-10-09,2.211,13.6,1.9,seasonal
MAC004866,2013-10-10,2.741,9.3,6.2,seasonal
MAC004866,2013-10-11,2.754,11.1,4.4,seasonal
MAC004866,2013-10-12,2.44,11.4,4.1,seasonal
MAC004866,2013-10-13,3.033,9.6,5.9,seasonal
MAC004866,2013-10-14,2.436,9.1,6.4,seasonal
MAC004866,2013-10-15,3.248,9.5,6.0,seasonal
MAC004866,2013-10-16,2.292,9.7,5.8,seasonal
MAC004866,2013-10-17,3.01,13.2,2.3,seasonal
MAC004866,2013-10-18,2.664,12.6,2.9,seasonal
MAC004866,2013-10-19,2.401,13.9,1.6,seasonal
MAC004866,2013-10-20,2.771,13.4,2.1,seasonal
MAC004866,2013-10-21,2.605,14.8,0.7,seasonal
MAC004866,2013-10-22,2.627,16.0,0.0,seasonal
MAC004866,2013-10-23,2.398,13.9,1.6,seasonal
MAC004866,2013-10-24,2.741,11.1,4.4,seasonal
MAC004866,2013-10-25,2.744,15.3,0.2,seasonal
MAC004866,2013-10-26,2.605,15.0,0.5,seasonal
MAC004866,2013-10-27,2.512,13.5,2.0,seasonal
MAC004866,2013-10-28,2.489,12.7,2.8,seasonal
MAC004866,2013-10-29,2.785,9.1,6.4,seasonal
MAC004866,2013-10-30,2.617,9.0,6.5,seasonal
MAC004866,2013-10-31,2.916,12.5,3.0,seasonal
MAC004866,2013-11-01,2.674,12.0,3.5,seasonal
MAC004866,2013-11-02,2.478,11.5,4.0,seasonal
MAC004866,2013-11-03,3.248,8.7,6.8,seasonal
MAC004866,2013-11-04,2.664,7.4,8.1,seasonal
MAC004866,2013-11-05,2.57,7.6,7.9,seasonal
MAC004866,2013-11-06,2.86,10.4,5.1,seasonal
MAC004866,2013-11-07,2.902,10.4,5.1,seasonal
MAC004866,2013-11-08,3.201,7.5,8.0,seasonal
MAC004866,2013-11-09,2.212,5.4,10.1,seasonal
MAC004866,2013-11-10,3.041,5.2,10.3,seasonal
MAC004866,2013-11-11,2.94,8.5,7.0,seasonal
MAC004866,2013-11-12,2.615,10.0,5.5,seasonal
MAC004866,2013-11-13,3.077,5.1,10.4,seasonal
MAC004866,2013-11-14,2.842,7.2,8.3,seasonal
MAC004866,2013-11-15,2.525,4.8,10.7,seasonal
MAC004866,2013-11-16,2.997,4.0,11.5,seasonal
MAC004866,2013-11-17,2.639,6.0,9.5,seasonal
MAC004866,2013-11-18,2.424,7.8,7.7,seasonal
MAC004866,2013-11-19,2.622,2.9,12.6,seasonal
MAC004866,2013-11-20,2.716,2.3,13.2,seasonal
MAC004866,2013-11-21,14.036,4.5,11.0,seasonal
MAC004866,2013-11-22,12.785,4.8,10.7,seasonal
MAC004866,2013-11-23,18.034,4.6,10.9,seasonal
MAC004866,2013-11-24,12.05,4.6,10.9,seasonal
MAC004866,2013-11-25,18.075,4.0,11.5,seasonal
MAC004866,2013-11-26,12.923,2.5,13.0,seasonal
MAC004866,2013-11-27,12.177,6.4,9.1,seasonal
MAC004866,2013-11-28,12.364,7.2,8.3,seasonal
MAC004866,2013-11-29,12.231,7.3,8.2,seasonal
MAC004866,2013-11-30,12.902,5.3,10.2,seasonal
MAC004866,2013-12-01,12.838,3.7,11.8,seasonal
MAC004866,2013-12-02,14.344,5.5,10.0,seasonal
MAC004866,2013-12-03,12.281,3.2,12.3,seasonal
MAC004866,2013-12-04,13.01,4.4,11.1,seasonal
MAC004866,2013-12-05,12.782,4.4,11.1,seasonal
MAC004866,2013-12-06,12.496,4.3,11.2,seasonal
MAC004866,2013-12-07,12.449,5.9,9.6,seasonal
MAC004866,2013-12-08,12.965,7.3,8.2,seasonal
MAC004866,2013-12-09,13.305,6.7,8.8,seasonal
MAC004866,2013-12-10,12.429,3.9,11.6,seasonal
MAC004866,2013-12-11,15.089,2.8,12.7,seasonal
MAC004866,2013-12-12,12.408,5.2,10.3,seasonal
MAC004866,2013-12-13,13.483,8.7,6.8,seasonal
MAC004866,2013-12-14,13.297,7.3,8.2,seasonal
MAC004866,2013-12-15,11.805,10.7,4.8,seasonal
MAC004866,2013-12-16,12.549,11.4,4.1,seasonal
MAC004866,2013-12-17,12.925,6.3,9.2,seasonal
MAC004866,2013-12-18,12.896,8.1,7.4,seasonal
MAC004866,2013-12-19,13.624,6.1,9.4,seasonal
MAC004866,2013-12-20,12.841,5.4,10.1,seasonal
MAC004866,2013-12-21,12.021,10.2,5.3,seasonal
MAC004866,2013-12-22,13.513,7.1,8.4,seasonal
MAC004866,2013-12-23,11.908,8.1,7.4,seasonal
MAC004866,2013-12-24,13.54,8.5,7.0,seasonal
MAC004866,2013-12-25,12.379,4.7,10.8,seasonal
MAC004866,2013-12-26,14.456,4.1,11.4,seasonal
MAC004866,2013-12-27,12.741,9.0,6.5,seasonal
MAC004866,2013-12-28,12.651,4.8,10.7,seasonal
MAC004866,2013-12-29,13.786,2.3,13.2,seasonal
MAC004866,2013-12-30,12.791,7.8,7.7,seasonal
MAC004884,2013-01-01,34.073,5.8,9.7,seasonal
MAC004884,2013-01-02,35.468,6.2,9.3,seasonal
MAC004884,2013-01-03,33.977,10.2,5.3,seasonal
MAC004884,2013-01-04,33.565,8.8,6.7,seasonal
MAC004884,2013-01-05,34.413,8.6,6.9,seasonal
MAC004884,2013-01-06,34.476,7.0,8.5,seasonal
MAC004884,2013-01-07,28.734,7.6,7.9,seasonal
MAC004884,2013-01-08,34.735,8.9,6.6,seasonal
MAC004884,2013-01-09,34.43,6.8,8.7,seasonal
MAC004884,2013-01-10,34.785,1.8,13.7,seasonal
MAC004884,2013-01-11,33.744,2.7,12.8,seasonal
MAC004884,2013-01-12,34.59,2.7,12.8,seasonal
MAC004884,2013-01-13,33.832,1.1,14.4,seasonal
MAC004884,2013-01-14,36.685,0.2,15.3,seasonal
MAC004884,2013-01-15,35.616,0.6,14.9,seasonal
MAC004884,2013-01-16,35.914,-2.2,17.7,seasonal
MAC004884,2013-01-17,35.493,-2.2,17.7,seasonal
MAC004884,2013-01-18,35.113,-1.4,16.9,seasonal
MAC004884,2013-01-19,36.739,-0.2,15.7,seasonal
MAC004884,2013-01-20,36.732001,-1.2,16.7,seasonal
MAC004884,2013-01-21,35.983,-1.5,17.0,seasonal
MAC004884,2013-01-22,36.639,-1.5,17.0,seasonal
MAC004884,2013-01-23,35.034001,0.9,14.6,seasonal
MAC004884,2013-01-24,35.236,-0.3,15.8,seasonal
MAC004884,2013-01-25,36.084,-1.5,17.0,seasonal
MAC004884,2013-01-26,34.887,3.3,12.2,seasonal
MAC004884,2013-01-27,35.347,7.6,7.9,seasonal
MAC004884,2013-01-28,33.832001,5.8,9.7,seasonal
MAC004884,2013-01-29,35.091,10.9,4.6,seasonal
MAC004884,2013-01-30,28.02,10.1,5.4,seasonal
MAC004884,2013-01-31,29.869,8.2,7.3,seasonal
MAC004884,2013-02-01,29.978,5.4,10.1,seasonal
MAC004884,2013-02-02,30.929,2.7,12.8,seasonal
MAC004884,2013-02-03,33.543,3.6,11.9,seasonal
MAC004884,2013-02-04,34.484,7.9,7.6,seasonal
MAC004884,2013-02-05,34.872999,3.6,11.9,seasonal
MAC004884,2013-02-06,34.133,3.5,12.0,seasonal
MAC004884,2013-02-07,35.869,1.9,13.6,seasonal
MAC004884,2013-02-08,33.95,1.2,14.3,seasonal
MAC004884,2013-02-09,34.592,1.6,13.9,seasonal
MAC004884,2013-02-10,35.382,2.6,12.9,seasonal
MAC004884,2013-02-11,35.366,1.1,14.4,seasonal
MAC004884,2013-02-12,35.455,1.1,14.4,seasonal
MAC004884,2013-02-13,35.211,0.5,15.0,seasonal
MAC004884,2013-02-14,34.563,6.5,9.0,seasonal
MAC004884,2013-02-15,34.346,4.4,11.1,seasonal
MAC004884,2013-02-16,32.6,5.0,10.5,seasonal
MAC004884,2013-02-17,35.118,3.5,12.0,seasonal
MAC004884,2013-02-18,35.003,3.3,12.2,seasonal
MAC004884,2013-02-19,35.082,0.8,14.7,seasonal
MAC004884,2013-02-20,35.174,2.0,13.5,seasonal
MAC004884,2013-02-21,35.011,0.7,14.8,seasonal
MAC004884,2013-02-22,35.389,0.3,15.2,seasonal
MAC004884,2013-02-23,35.954,0.3,15.2,seasonal
MAC004884,2013-02-24,38.102,0.4,15.1,seasonal
MAC004884,2013-02-25,35.507,2.5,13.0,seasonal
MAC004884,2013-02-26,35.222,3.5,12.0,seasonal
MAC004884,2013-02-27,35.173,3.0,12.5,seasonal
MAC004884,2013-02-28,35.628,3.5,12.0,seasonal
MAC004884,2013-03-01,35.772,3.9,11.6,seasonal
MAC004884,2013-03-02,35.556,2.3,13.2,seasonal
MAC004884,2013-03-03,37.298,2.6,12.9,seasonal
MAC004884,2013-03-04,35.171,3.6,11.9,seasonal
MAC004884,2013-03-05,34.936999,5.8,9.7,seasonal
MAC004884,2013-03-06,35.177,7.4,8.1,seasonal
MAC004884,2013-03-07,23.748,8.0,7.5,seasonal
MAC004884,2013-03-08,28.296,8.5,7.0,seasonal
MAC004884,2013-03-09,28.781,6.0,9.5,seasonal
MAC004884,2013-03-10,36.559001,2.1,13.4,seasonal
MAC004884,2013-03-11,36.946,-0.2,15.7,seasonal
MAC004884,2013-03-12,37.802,0.1,15.4,seasonal
MAC004884,2013-03-13,35.501,1.9,13.6,seasonal
MAC004884,2013-03-14,36.231,1.0,14.5,seasonal
MAC004884,2013-03-15,34.76,4.3,11.2,seasonal
MAC004884,2013-03-16,34.846,6.1,9.4,seasonal
MAC004884,2013-03-17,35.677,4.7,10.8,seasonal
MAC004884,2013-03-18,35.946,3.2,12.3,seasonal
MAC004884,2013-03-19,35.303999,3.3,12.2,seasonal
MAC004884,2013-03-20,35.711,3.2,12.3,seasonal
MAC004884,2013-03-21,35.362,3.1,12.4,seasonal
MAC004884,2013-03-22,35.75,3.2,12.3,seasonal
MAC004884,2013-03-23,35.406,1.6,13.9,seasonal
MAC004884,2013-03-24,35.996,0.1,15.4,seasonal
MAC004884,2013-03-25,36.033,0.4,15.1,seasonal
MAC004884,2013-03-26,34.971999,0.3,15.2,seasonal
MAC004884,2013-03-27,35.293,0.8,14.7,seasonal
MAC004884,2013-03-28,35.166,1.0,14.5,seasonal
MAC004884,2013-03-29,35.066,0.2,15.3,seasonal
MAC004884,2013-03-30,35.433,1.2,14.3,seasonal
MAC004884,2013-03-31,34.625,0.5,15.0,seasonal
MAC004884,2013-04-01,37.635,1.8,13.7,seasonal
MAC004884,2013-04-02,37.271,2.6,12.9,seasonal
MAC004884,2013-04-03,37.372,1.7,13.8,seasonal
MAC004884,2013-04-04,36.16,1.9,13.6,seasonal
MAC004884,2013-04-05,36.218,3.3,12.2,seasonal
MAC004884,2013-04-06,35.469,3.5,12.0,seasonal
MAC004884,2013-04-07,28.872,3.2,12.3,seasonal
MAC004884,2013-04-08,29.854,4.9,10.6,seasonal
MAC004884,2013-04-09,28.987,4.8,10.7,seasonal
MAC004884,2013-04-10,28.073,6.1,9.4,seasonal
MAC004884,2013-04-11,26.311,7.1,8.4,seasonal
MAC004884,2013-04-12,21.357,8.4,7.1,seasonal
MAC004884,2013-04-13,6.229,8.2,7.3,seasonal
MAC004884,2013-04-14,8.557,13.4,2.1,seasonal
MAC004884,2013-04-15,13.047,11.5,4.0,seasonal
MAC004884,2013-04-16,15.72,11.3,4.2,seasonal
MAC004884,2013-04-17,8.135,11.8,3.7,seasonal
MAC004884,2013-04-18,7.247,10.1,5.4,seasonal
MAC004884,2013-04-19,9.492,8.4,7.1,seasonal
MAC004884,2013-04-20,27.739,5.9,9.6,seasonal
MAC004884,2013-04-21,7.749,7.0,8.5,seasonal
MAC004884,2013-04-22,8.607,9.3,6.2,seasonal
MAC004884,2013-04-23,7.421,13.1,2.4,seasonal
MAC004884,2013-04-24,6.324,12.5,3.0,seasonal
MAC004884,2013-04-25,4.629,14.2,1.3,seasonal
MAC004884,2013-04-26,2.511,8.9,6.6,seasonal
MAC004884,2013-04-27,9.443,6.0,9.5,seasonal
MAC004884,2013-04-28,11.191,6.2,9.3,seasonal
MAC004884,2013-04-29,4.7,9.2,6.3,seasonal
MAC004884,2013-04-30,4.214,7.9,7.6,seasonal
MAC004884,2013-05-01,15.06,8.4,7.1,seasonal
MAC004884,2013-05-02,12.606,9.1,6.4,seasonal
MAC004884,2013-05-03,4.417,11.1,4.4,seasonal
MAC004884,2013-05-04,2.454,10.9,4.6,seasonal
MAC004884,2013-05-05,2.019,11.4,4.1,seasonal
MAC004884,2013-05-06,4.629,13.2,2.3,seasonal
MAC004884,2013-05-07,4.319,13.8,1.7,seasonal
MAC004884,2013-05-08,2.562,12.9,2.6,seasonal
MAC004884,2013-05-09,3.472,10.5,5.0,seasonal
MAC004884,2013-05-10,1.992,12.4,3.1,seasonal
MAC004884,2013-05-11,1.679,10.4,5.1,seasonal
MAC004884,2013-05-12,5.174,9.6,5.9,seasonal
MAC004884,2013-05-13,3.855,11.0,4.5,seasonal
MAC004884,2013-05-14,4.005,8.6,6.9,seasonal
MAC004884,2013-05-15,4.525,9.1,6.4,seasonal
MAC004884,2013-05-16,2.651,9.5,6.0,seasonal
MAC004884,2013-05-17,3.631,9.1,6.4,seasonal
MAC004884,2013-05-18,1.979,10.9,4.6,seasonal
MAC004884,2013-05-19,2.332,12.7,2.8,seasonal
MAC004884,2013-05-20,3.735,13.4,2.1,seasonal
MAC004884,2013-05-21,3.311,12.9,2.6,seasonal
MAC004884,2013-05-22,4.109,11.4,4.1,seasonal
MAC004884,2013-05-23,2.842,8.1,7.4,seasonal
MAC004884,2013-05-24,22.857,7.1,8.4,seasonal
MAC004884,2013-05-25,2.085,9.5,6.0,seasonal
MAC004884,2013-05-26,2.367,11.5,4.0,seasonal
MAC004884,2013-05-27,1.552,11.0,4.5,seasonal
MAC004884,2013-05-28,3.82,10.8,4.7,seasonal
MAC004884,2013-05-29,1.724,10.7,4.8,seasonal
MAC004884,2013-05-30,3.717,12.4,3.1,seasonal
MAC004884,2013-05-31,2.434,14.5,1.0,seasonal
MAC004884,2013-06-01,3.659,12.9,2.6,seasonal
MAC004884,2013-06-02,4.575,12.8,2.7,seasonal
MAC004884,2013-06-03,0.511,11.9,3.6,seasonal
MAC004884,2013-06-04,0.526,12.1,3.4,seasonal
MAC004884,2013-06-05,0.506,12.6,2.9,seasonal
MAC004884,2013-06-06,0.51,13.3,2.2,seasonal
MAC004884,2013-06-07,0.503,14.1,1.4,seasonal
MAC004884,2013-06-08,0.488,12.4,3.1,seasonal
MAC004884,2013-06-09,0.48,12.5,3.0,seasonal
MAC004884,2013-06-10,0.486,12.4,3.1,seasonal
MAC004884,2013-06-11,0.502,13.3,2.2,seasonal
MAC004884,2013-06-12,0.486,15.2,0.3,seasonal
MAC004884,2013-06-13,0.492,14.6,0.9,seasonal
MAC004884,2013-06-14,0.52,13.5,2.0,seasonal
MAC004884,2013-06-15,4.373,13.9,1.6,seasonal
MAC004884,2013-06-16,3.072,13.5,2.0,seasonal
MAC004884,2013-06-17,4.393,14.9,0.6,seasonal
MAC004884,2013-06-18,3.9,17.2,0.0,seasonal
MAC004884,2013-06-19,2.432,19.0,0.0,seasonal
MAC004884,2013-06-20,2.686,17.3,0.0,seasonal
MAC004884,2013-06-21,2.857,16.6,0.0,seasonal
MAC004884,2013-06-22,1.619,14.3,1.2,seasonal
MAC004884,2013-06-23,3.882,14.8,0.7,seasonal
MAC004884,2013-06-24,2.366,12.8,2.7,seasonal
MAC004884,2013-06-25,4.201,14.1,1.4,seasonal
MAC004884,2013-06-26,2.779,16.0,0.0,seasonal
MAC004884,2013-06-27,1.647,14.5,1.0,seasonal
MAC004884,2013-06-28,2.479,15.4,0.1,seasonal
MAC004884,2013-06-29,1.883,15.8,0.0,seasonal
MAC004884,2013-06-30,4.429,18.5,0.0,seasonal
MAC004884,2013-07-01,2.609,16.3,0.0,seasonal
MAC004884,2013-07-02,2.531,14.5,1.0,seasonal
MAC004884,2013-07-03,2.37,16.4,0.0,seasonal
MAC004884,2013-07-04,1.781,17.1,0.0,seasonal
MAC004884,2013-07-05,2.519,18.3,0.0,seasonal
MAC004884,2013-07-06,1.79,18.9,0.0,seasonal
MAC004884,2013-07-07,2.577,20.5,0.0,seasonal
MAC004884,2013-07-08,3.828,18.9,0.0,seasonal
MAC004884,2013-07-09,4.003,18.1,0.0,seasonal
MAC004884,2013-07-10,4.187,17.2,0.0,seasonal
MAC004884,2013-07-11,2.362,15.2,0.3,seasonal
MAC004884,2013-07-12,2.535,17.0,0.0,seasonal
MAC004884,2013-07-13,1.849,21.6,0.0,seasonal
MAC004884,2013-07-14,5.803,22.1,0.0,seasonal
MAC004884,2013-07-15,3.253,21.8,0.0,seasonal
MAC004884,2013-07-16,4.452,22.8,0.0,seasonal
MAC004884,2013-07-17,2.445,22.9,0.0,seasonal
MAC004884,2013-07-18,3.509,21.2,0.0,seasonal
MAC004884,2013-07-19,2.198,20.3,0.0,seasonal
MAC004884,2013-07-20,1.233,18.8,0.0,seasonal
MAC004884,2013-07-21,3.429,20.2,0.0,seasonal
MAC004884,2013-07-22,3.026,23.8,0.0,seasonal
MAC004884,2013-07-23,2.687,23.1,0.0,seasonal
MAC004884,2013-07-24,3.171,20.5,0.0,seasonal
MAC004884,2013-07-25,2.046,19.8,0.0,seasonal
MAC004884,2013-07-26,2.107,19.6,0.0,seasonal
MAC004884,2013-07-27,1.551,20.0,0.0,seasonal
MAC004884,2013-07-28,4.087,18.7,0.0,seasonal
MAC004884,2013-07-29,2.89,17.9,0.0,seasonal
MAC004884,2013-07-30,3.067,16.8,0.0,seasonal
MAC004884,2013-07-31,4.641,18.6,0.0,seasonal
MAC004884,2013-08-01,3.651,22.8,0.0,seasonal
MAC004884,2013-08-02,2.38,19.6,0.0,seasonal
MAC004884,2013-08-03,2.016,18.1,0.0,seasonal
MAC004884,2013-08-04,3.726,17.9,0.0,seasonal
MAC004884,2013-08-05,3.465,18.3,0.0,seasonal
MAC004884,2013-08-06,5.479,16.8,0.0,seasonal
MAC004884,2013-08-07,4.809,17.3,0.0,seasonal
MAC004884,2013-08-08,3.106,16.6,0.0,seasonal
MAC004884,2013-08-09,2.029,18.3,0.0,seasonal
MAC004884,2013-08-10,2.102,16.9,0.0,seasonal
MAC004884,2013-08-11,3.308,18.2,0.0,seasonal
MAC004884,2013-08-12,3.834,16.3,0.0,seasonal
MAC004884,2013-08-13,6.157,15.3,0.2,seasonal
MAC004884,2013-08-14,2.755,16.4,0.0,seasonal
MAC004884,2013-08-15,3.507,19.2,0.0,seasonal
MAC004884,2013-08-16,1.723,17.9,0.0,seasonal
MAC004884,2013-08-17,1.606,16.6,0.0,seasonal
MAC004884,2013-08-18,5.08,18.8,0.0,seasonal
MAC004884,2013-08-19,3.693,17.0,0.0,seasonal
MAC004884,2013-08-20,4.552,17.6,0.0,seasonal
MAC004884,2013-08-21,3.805,18.1,0.0,seasonal
MAC004884,2013-08-22,1.861,18.7,0.0,seasonal
MAC004884,2013-08-23,1.833,20.0,0.0,seasonal
MAC004884,2013-08-24,1.712,17.0,0.0,seasonal
MAC004884,2013-08-25,1.568,17.1,0.0,seasonal
MAC004884,2013-08-26,1.565,18.2,0.0,seasonal
MAC004884,2013-08-27,4.146,16.1,0.0,seasonal
MAC004884,2013-08-28,3.373,16.1,0.0,seasonal
MAC004884,2013-08-29,3.999,17.9,0.0,seasonal
MAC004884,2013-08-30,2.632,18.3,0.0,seasonal
MAC004884,2013-08-31,2.535,16.3,0.0,seasonal
MAC004884,2013-09-01,4.539,14.7,0.8,seasonal
MAC004884,2013-09-02,4.028,16.8,0.0,seasonal
MAC004884,2013-09-03,4.18,18.5,0.0,seasonal
MAC004884,2013-09-04,2.902,18.7,0.0,seasonal
MAC004884,2013-09-05,4.701,20.4,0.0,seasonal
MAC004884,2013-09-06,2.405,15.4,0.1,seasonal
MAC004884,2013-09-07,1.909,13.6,1.9,seasonal
MAC004884,2013-09-08,3.572,11.8,3.7,seasonal
MAC004884,2013-09-09,2.52,11.6,3.9,seasonal
MAC004884,2013-09-10,4.135,12.5,3.0,seasonal
MAC004884,2013-09-11,4.789,13.5,2.0,seasonal
MAC004884,2013-09-12,4.163,14.1,1.4,seasonal
MAC004884,2013-09-13,2.633,16.2,0.0,seasonal
MAC004884,2013-09-14,1.831,11.7,3.8,seasonal
MAC004884,2013-09-15,3.685,11.3,4.2,seasonal
MAC004884,2013-09-16,2.488,11.2,4.3,seasonal
MAC004884,2013-09-17,20.37,11.0,4.5,seasonal
MAC004884,2013-09-18,15.104,12.3,3.2,seasonal
MAC004884,2013-09-19,17.433,12.0,3.5,seasonal
MAC004884,2013-09-20,15.076,13.4,2.1,seasonal
MAC004884,2013-09-21,10.116,13.5,2.0,seasonal
MAC004884,2013-09-22,3.35,16.8,0.0,seasonal
MAC004884,2013-09-23,1.925,16.6,0.0,seasonal
MAC004884,2013-09-24,3.616,15.1,0.4,seasonal
MAC004884,2013-09-25,1.71,15.7,0.0,seasonal
MAC004884,2013-09-26,1.728,14.5,1.0,seasonal
MAC004884,2013-09-27,2.202,12.6,2.9,seasonal
MAC004884,2013-09-28,1.389,14.3,1.2,seasonal
MAC004884,2013-09-29,3.265,14.3,1.2,seasonal
MAC004884,2013-09-30,17.759,14.9,0.6,seasonal
MAC004884,2013-10-01,16.533,14.3,1.2,seasonal
MAC004884,2013-10-02,16.406,15.4,0.1,seasonal
MAC004884,2013-10-03,11.604,16.1,0.0,seasonal
MAC004884,2013-10-04,7.659,17.3,0.0,seasonal
MAC004884,2013-10-05,2.159,15.3,0.2,seasonal
MAC004884,2013-10-06,3.951,13.8,1.7,seasonal
MAC004884,2013-10-07,4.781,13.3,2.2,seasonal
MAC004884,2013-10-08,2.276,15.6,0.0,seasonal
MAC004884,2013-10-09,4.547,13.6,1.9,seasonal
MAC004884,2013-10-10,20.265,9.3,6.2,seasonal
MAC004884,2013-10-11,17.25,11.1,4.4,seasonal
MAC004884,2013-10-12,16.591,11.4,4.1,seasonal
MAC004884,2013-10-13,17.958,9.6,5.9,seasonal
MAC004884,2013-10-14,20.646,9.1,6.4,seasonal
MAC004884,2013-10-15,20.506,9.5,6.0,seasonal
MAC004884,2013-10-16,20.789,9.7,5.8,seasonal
MAC004884,2013-10-17,17.303,13.2,2.3,seasonal
MAC004884,2013-10-18,16.465,12.6,2.9,seasonal
MAC004884,2013-10-19,16.719,13.9,1.6,seasonal
MAC004884,2013-10-20,6.683,13.4,2.1,seasonal
MAC004884,2013-10-21,8.289,14.8,0.7,seasonal
MAC004884,2013-10-22,9.999,16.0,0.0,seasonal
MAC004884,2013-10-23,13.432,13.9,1.6,seasonal
MAC004884,2013-10-24,12.484,11.1,4.4,seasonal
MAC004884,2013-10-25,9.864,15.3,0.2,seasonal
MAC004884,2013-10-26,10.499,15.0,0.5,seasonal
MAC004884,2013-10-27,9.863,13.5,2.0,seasonal
MAC004884,2013-10-28,17.677,12.7,2.8,seasonal
MAC004884,2013-10-29,17.258,9.1,6.4,seasonal
MAC004884,2013-10-30,20.076,9.0,6.5,seasonal
MAC004884,2013-10-31,18.287,12.5,3.0,seasonal
MAC004884,2013-11-01,21.386,12.0,3.5,seasonal
MAC004884,2013-11-02,22.957,11.5,4.0,seasonal
MAC004884,2013-11-03,15.851,8.7,6.8,seasonal
MAC004884,2013-11-04,21.24,7.4,8.1,seasonal
MAC004884,2013-11-05,19.85,7.6,7.9,seasonal
MAC004884,2013-11-06,20.17,10.4,5.1,seasonal
MAC004884,2013-11-07,21.313,10.4,5.1,seasonal
MAC004884,2013-11-08,22.95,7.5,8.0,seasonal
MAC004884,2013-11-09,24.71,5.4,10.1,seasonal
MAC004884,2013-11-10,25.775,5.2,10.3,seasonal
MAC004884,2013-11-11,25.038,8.5,7.0,seasonal
MAC004884,2013-11-12,27.277,10.0,5.5,seasonal
MAC004884,2013-11-13,26.393,5.1,10.4,seasonal
MAC004884,2013-11-14,28.183,7.2,8.3,seasonal
MAC004884,2013-11-15,30.928,4.8,10.7,seasonal
MAC004884,2013-11-16,27.714,4.0,11.5,seasonal
MAC004884,2013-11-17,30.136,6.0,9.5,seasonal
MAC004884,2013-11-18,28.5,7.8,7.7,seasonal
MAC004884,2013-11-19,28.22,2.9,12.6,seasonal
MAC004884,2013-11-20,34.711,2.3,13.2,seasonal
MAC004884,2013-11-21,35.82,4.5,11.0,seasonal
MAC004884,2013-11-22,34.091,4.8,10.7,seasonal
MAC004884,2013-11-23,29.576,4.6,10.9,seasonal
MAC004884,2013-11-24,29.98,4.6,10.9,seasonal
MAC004884,2013-11-25,28.804,4.0,11.5,seasonal
MAC004884,2013-11-26,30.903,2.5,13.0,seasonal
MAC004884,2013-11-27,28.912,6.4,9.1,seasonal
MAC004884,2013-11-28,29.309,7.2,8.3,seasonal
MAC004884,2013-11-29,22.329,7.3,8.2,seasonal
MAC004884,2013-11-30,25.061,5.3,10.2,seasonal
MAC004884,2013-12-01,28.276,3.7,11.8,seasonal
MAC004884,2013-12-02,26.966,5.5,10.0,seasonal
MAC004884,2013-12-03,27.721,3.2,12.3,seasonal
MAC004884,2013-12-04,29.044,4.4,11.1,seasonal
MAC004884,2013-12-05,27.505,4.4,11.1,seasonal
MAC004884,2013-12-06,28.086,4.3,11.2,seasonal
MAC004884,2013-12-07,27.73,5.9,9.6,seasonal
MAC004884,2013-12-08,25.296,7.3,8.2,seasonal
MAC004884,2013-12-09,25.59,6.7,8.8,seasonal
MAC004884,2013-12-10,25.951,3.9,11.6,seasonal
MAC004884,2013-12-11,27.755,2.8,12.7,seasonal
MAC004884,2013-12-12,27.277,5.2,10.3,seasonal
MAC004884,2013-12-13,28.293,8.7,6.8,seasonal
MAC004884,2013-12-14,31.287,7.3,8.2,seasonal
MAC004884,2013-12-15,23.505,10.7,4.8,seasonal
MAC004884,2013-12-16,23.425,11.4,4.1,seasonal
MAC004884,2013-12-17,23.449,6.3,9.2,seasonal
MAC004884,2013-12-18,22.693,8.1,7.4,seasonal
MAC004884,2013-12-19,23.097,6.1,9.4,seasonal
MAC004884,2013-12-20,22.209,5.4,10.1,seasonal
MAC004884,2013-12-21,24.714,10.2,5.3,seasonal
MAC004884,2013-12-22,30.362,7.1,8.4,seasonal
MAC004884,2013-12-23,28.688,8.1,7.4,seasonal
MAC004884,2013-12-24,27.533,8.5,7.0,seasonal
MAC004884,2013-12-25,29.842,4.7,10.8,seasonal
MAC004884,2013-12-26,33.957,4.1,11.4,seasonal
MAC004884,2013-12-27,34.202,9.0,6.5,seasonal
MAC004884,2013-12-28,30.517,4.8,10.7,seasonal
MAC004884,2013-12-29,25.97,2.3,13.2,seasonal
MAC004884,2013-12-30,26.584,7.8,7.7,seasonal
MAC004897,2013-01-01,23.796,5.8,9.7,seasonal
MAC004897,2013-01-02,23.425,6.2,9.3,seasonal
MAC004897,2013-01-03,21.751,10.2,5.3,seasonal
MAC004897,2013-01-04,21.969,8.8,6.7,seasonal
MAC004897,2013-01-05,21.287,8.6,6.9,seasonal
MAC004897,2013-01-06,22.385,7.0,8.5,seasonal
MAC004897,2013-01-07,23.404,7.6,7.9,seasonal
MAC004897,2013-01-08,22.504,8.9,6.6,seasonal
MAC004897,2013-01-09,23.749,6.8,8.7,seasonal
MAC004897,2013-01-10,25.796,1.8,13.7,seasonal
MAC004897,2013-01-11,24.415,2.7,12.8,seasonal
MAC004897,2013-01-12,26.608,2.7,12.8,seasonal
MAC004897,2013-01-13,26.796,1.1,14.4,seasonal
MAC004897,2013-01-14,26.998,0.2,15.3,seasonal
MAC004897,2013-01-15,27.368,0.6,14.9,seasonal
MAC004897,2013-01-16,28.368,-2.2,17.7,seasonal
MAC004897,2013-01-17,30.441,-2.2,17.7,seasonal
MAC004897,2013-01-18,34.871,-1.4,16.9,seasonal
MAC004897,2013-01-19,34.103,-0.2,15.7,seasonal
MAC004897,2013-01-20,34.597,-1.2,16.7,seasonal
MAC004897,2013-01-21,34.208001,-1.5,17.0,seasonal
MAC004897,2013-01-22,33.294,-1.5,17.0,seasonal
MAC004897,2013-01-23,33.938,0.9,14.6,seasonal
MAC004897,2013-01-24,34.998,-0.3,15.8,seasonal
MAC004897,2013-01-25,28.315001,-1.5,17.0,seasonal
MAC004897,2013-01-26,27.787,3.3,12.2,seasonal
MAC004897,2013-01-27,27.704,7.6,7.9,seasonal
MAC004897,2013-01-28,26.98,5.8,9.7,seasonal
MAC004897,2013-01-29,23.167,10.9,4.6,seasonal
MAC004897,2013-01-30,23.846,10.1,5.4,seasonal
MAC004897,2013-01-31,24.798999,8.2,7.3,seasonal
MAC004897,2013-02-01,24.738,5.4,10.1,seasonal
MAC004897,2013-02-02,24.072,2.7,12.8,seasonal
MAC004897,2013-02-03,24.994,3.6,11.9,seasonal
MAC004897,2013-02-04,25.278,7.9,7.6,seasonal
MAC004897,2013-02-05,24.353,3.6,11.9,seasonal
MAC004897,2013-02-06,24.761,3.5,12.0,seasonal
MAC004897,2013-02-07,26.683,1.9,13.6,seasonal
MAC004897,2013-02-08,24.502,1.2,14.3,seasonal
MAC004897,2013-02-09,24.74,1.6,13.9,seasonal
MAC004897,2013-02-10,25.971,2.6,12.9,seasonal
MAC004897,2013-02-11,28.241,1.1,14.4,seasonal
MAC004897,2013-02-12,27.406,1.1,14.4,seasonal
MAC004897,2013-02-13,28.572,0.5,15.0,seasonal
MAC004897,2013-02-14,27.058,6.5,9.0,seasonal
MAC004897,2013-02-15,23.208,4.4,11.1,seasonal
MAC004897,2013-02-16,23.413,5.0,10.5,seasonal
MAC004897,2013-02-17,23.559,3.5,12.0,seasonal
MAC004897,2013-02-18,22.176,3.3,12.2,seasonal
MAC004897,2013-02-19,22.452,0.8,14.7,seasonal
MAC004897,2013-02-20,22.401,2.0,13.5,seasonal
MAC004897,2013-02-21,25.44,0.7,14.8,seasonal
MAC004897,2013-02-22,25.171,0.3,15.2,seasonal
MAC004897,2013-02-23,25.865,0.3,15.2,seasonal
MAC004897,2013-02-24,26.232,0.4,15.1,seasonal
MAC004897,2013-02-25,25.939,2.5,13.0,seasonal
MAC004897,2013-02-26,25.309,3.5,12.0,seasonal
MAC004897,2013-02-27,25.123,3.0,12.5,seasonal
MAC004897,2013-02-28,25.862,3.5,12.0,seasonal
MAC004897,2013-03-01,25.31,3.9,11.6,seasonal
MAC004897,2013-03-02,25.319,2.3,13.2,seasonal
MAC004897,2013-03-03,25.939,2.6,12.9,seasonal
MAC004897,2013-03-04,20.421,3.6,11.9,seasonal
MAC004897,2013-03-05,20.273,5.8,9.7,seasonal
MAC004897,2013-03-06,20.743,7.4,8.1,seasonal
MAC004897,2013-03-07,21.064,8.0,7.5,seasonal
MAC004897,2013-03-08,20.901,8.5,7.0,seasonal
MAC004897,2013-03-09,21.03,6.0,9.5,seasonal
MAC004897,2013-03-10,29.726,2.1,13.4,seasonal
MAC004897,2013-03-11,26.191,-0.2,15.7,seasonal
MAC004897,2013-03-12,31.1,0.1,15.4,seasonal
MAC004897,2013-03-13,30.52,1.9,13.6,seasonal
MAC004897,2013-03-14,23.403,1.0,14.5,seasonal
MAC004897,2013-03-15,12.629,4.3,11.2,seasonal
MAC004897,2013-03-16,16.211,6.1,9.4,seasonal
MAC004897,2013-03-17,30.889,4.7,10.8,seasonal
MAC004897,2013-03-18,23.183,3.2,12.3,seasonal
MAC004897,2013-03-19,24.006001,3.3,12.2,seasonal
MAC004897,2013-03-20,26.341,3.2,12.3,seasonal
MAC004897,2013-03-21,25.306,3.1,12.4,seasonal
MAC004897,2013-03-22,25.847,3.2,12.3,seasonal
MAC004897,2013-03-23,26.581,1.6,13.9,seasonal
MAC004897,2013-03-24,28.055,0.1,15.4,seasonal
MAC004897,2013-03-25,28.571,0.4,15.1,seasonal
MAC004897,2013-03-26,28.404,0.3,15.2,seasonal
MAC004897,2013-03-27,28.164,0.8,14.7,seasonal
MAC004897,2013-03-28,26.915001,1.0,14.5,seasonal
MAC004897,2013-03-29,26.206,0.2,15.3,seasonal
MAC004897,2013-03-30,28.616,1.2,14.3,seasonal
MAC004897,2013-03-31,30.231,0.5,15.0,seasonal
MAC004897,2013-04-01,22.21,1.8,13.7,seasonal
MAC004897,2013-04-02,22.269,2.6,12.9,seasonal
MAC004897,2013-04-03,22.809,1.7,13.8,seasonal
MAC004897,2013-04-04,23.18,1.9,13.6,seasonal
MAC004897,2013-04-05,31.082,3.3,12.2,seasonal
MAC004897,2013-04-06,28.585,3.5,12.0,seasonal
MAC004897,2013-04-07,20.754,3.2,12.3,seasonal
MAC004897,2013-04-08,20.528,4.9,10.6,seasonal
MAC004897,2013-04-09,20.805,4.8,10.7,seasonal
MAC004897,2013-04-10,20.79,6.1,9.4,seasonal
MAC004897,2013-04-11,20.893,7.1,8.4,seasonal
MAC004897,2013-04-12,19.377,8.4,7.1,seasonal
MAC004897,2013-04-13,14.576,8.2,7.3,seasonal
MAC004897,2013-04-14,14.371,13.4,2.1,seasonal
MAC004897,2013-04-15,14.062,11.5,4.0,seasonal
MAC004897,2013-04-16,14.514,11.3,4.2,seasonal
MAC004897,2013-04-17,13.382,11.8,3.7,seasonal
MAC004897,2013-04-18,15.44,10.1,5.4,seasonal
MAC004897,2013-04-19,14.205,8.4,7.1,seasonal
MAC004897,2013-04-20,14.629,5.9,9.6,seasonal
MAC004897,2013-04-21,14.915,7.0,8.5,seasonal
MAC004897,2013-04-22,13.791,9.3,6.2,seasonal
MAC004897,2013-04-23,14.587,13.1,2.4,seasonal
MAC004897,2013-04-24,12.83,12.5,3.0,seasonal
MAC004897,2013-04-25,11.845,14.2,1.3,seasonal
MAC004897,2013-04-26,12.63,8.9,6.6,seasonal
MAC004897,2013-04-27,12.463,6.0,9.5,seasonal
MAC004897,2013-04-28,13.342,6.2,9.3,seasonal
MAC004897,2013-04-29,12.588,9.2,6.3,seasonal
MAC004897,2013-04-30,11.837,7.9,7.6,seasonal
MAC004897,2013-05-01,11.258,8.4,7.1,seasonal
MAC004897,2013-05-02,12.094,9.1,6.4,seasonal
MAC004897,2013-05-03,11.28,11.1,4.4,seasonal
MAC004897,2013-05-04,10.684,10.9,4.6,seasonal
MAC004897,2013-05-05,7.367,11.4,4.1,seasonal
MAC004897,2013-05-06,7.332,13.2,2.3,seasonal
MAC004897,2013-05-07,7.637,13.8,1.7,seasonal
MAC004897,2013-05-08,7.552,12.9,2.6,seasonal
MAC004897,2013-05-09,8.493,10.5,5.0,seasonal
MAC004897,2013-05-10,7.877,12.4,3.1,seasonal
MAC004897,2013-05-11,8.037,10.4,5.1,seasonal
MAC004897,2013-05-12,10.094,9.6,5.9,seasonal
MAC004897,2013-05-13,9.266,11.0,4.5,seasonal
MAC004897,2013-05-14,10.219,8.6,6.9,seasonal
MAC004897,2013-05-15,10.216,9.1,6.4,seasonal
MAC004897,2013-05-16,10.988,9.5,6.0,seasonal
MAC004897,2013-05-17,10.573,9.1,6.4,seasonal
MAC004897,2013-05-18,10.079,10.9,4.6,seasonal
MAC004897,2013-05-19,10.435,12.7,2.8,seasonal
MAC004897,2013-05-20,9.908,13.4,2.1,seasonal
MAC004897,2013-05-21,10.491,12.9,2.6,seasonal
MAC004897,2013-05-22,9.894,11.4,4.1,seasonal
MAC004897,2013-05-23,11.481,8.1,7.4,seasonal
MAC004897,2013-05-24,11.052,7.1,8.4,seasonal
MAC004897,2013-05-25,10.374,9.5,6.0,seasonal
MAC004897,2013-05-26,10.774,11.5,4.0,seasonal
MAC004897,2013-05-27,9.865,11.0,4.5,seasonal
MAC004897,2013-05-28,10.776,10.8,4.7,seasonal
MAC004897,2013-05-29,9.754,10.7,4.8,seasonal
MAC004897,2013-05-30,10.966,12.4,3.1,seasonal
MAC004897,2013-05-31,9.622,14.5,1.0,seasonal
MAC004897,2013-06-01,10.071,12.9,2.6,seasonal
MAC004897,2013-06-02,3.467,12.8,2.7,seasonal
MAC004897,2013-06-03,2.858,11.9,3.6,seasonal
MAC004897,2013-06-04,2.939,12.1,3.4,seasonal
MAC004897,2013-06-05,3.009,12.6,2.9,seasonal
MAC004897,2013-06-06,3.601,13.3,2.2,seasonal
MAC004897,2013-06-07,3.123,14.1,1.4,seasonal
MAC004897,2013-06-08,3.184,12.4,3.1,seasonal
MAC004897,2013-06-09,3.72,12.5,3.0,seasonal
MAC004897,2013-06-10,3.932,12.4,3.1,seasonal
MAC004897,2013-06-11,2.97,13.3,2.2,seasonal
MAC004897,2013-06-12,3.112,15.2,0.3,seasonal
MAC004897,2013-06-13,3.92,14.6,0.9,seasonal
MAC004897,2013-06-14,3.626,13.5,2.0,seasonal
MAC004897,2013-06-15,2.752,13.9,1.6,seasonal
MAC004897,2013-06-16,4.889,13.5,2.0,seasonal
MAC004897,2013-06-17,2.789,14.9,0.6,seasonal
MAC004897,2013-06-18,3.231,17.2,0.0,seasonal
MAC004897,2013-06-19,2.813,19.0,0.0,seasonal
MAC004897,2013-06-20,3.699,17.3,0.0,seasonal
MAC004897,2013-06-21,3.107,16.6,0.0,seasonal
MAC004897,2013-06-22,3.192,14.3,1.2,seasonal
MAC004897,2013-06-23,4.356,14.8,0.7,seasonal
MAC004897,2013-06-24,3.257,12.8,2.7,seasonal
MAC004897,2013-06-25,3.466,14.1,1.4,seasonal
MAC004897,2013-06-26,3.307,16.0,0.0,seasonal
MAC004897,2013-06-27,3.738,14.5,1.0,seasonal
MAC004897,2013-06-28,3.199,15.4,0.1,seasonal
MAC004897,2013-06-29,2.984,15.8,0.0,seasonal
MAC004897,2013-06-30,3.616,18.5,0.0,seasonal
MAC004897,2013-07-01,3.353,16.3,0.0,seasonal
MAC004897,2013-07-02,3.53,14.5,1.0,seasonal
MAC004897,2013-07-03,2.972,16.4,0.0,seasonal
MAC004897,2013-07-04,3.787,17.1,0.0,seasonal
MAC004897,2013-07-05,3.34,18.3,0.0,seasonal
MAC004897,2013-07-06,2.872,18.9,0.0,seasonal
MAC004897,2013-07-07,3.706,20.5,0.0,seasonal
MAC004897,2013-07-08,2.457,18.9,0.0,seasonal
MAC004897,2013-07-09,2.716,18.1,0.0,seasonal
MAC004897,2013-07-10,2.924,17.2,0.0,seasonal
MAC004897,2013-07-11,3.53,15.2,0.3,seasonal
MAC004897,2013-07-12,3.522,17.0,0.0,seasonal
MAC004897,2013-07-13,0.364,21.6,0.0,seasonal
MAC004897,2013-07-14,4.547,22.1,0.0,seasonal
MAC004897,2013-07-15,2.426,21.8,0.0,seasonal
MAC004897,2013-07-16,2.895,22.8,0.0,seasonal
MAC004897,2013-07-17,2.84,22.9,0.0,seasonal
MAC004897,2013-07-18,0.368,21.2,0.0,seasonal
MAC004897,2013-07-19,4.599,20.3,0.0,seasonal
MAC004897,2013-07-20,2.759,18.8,0.0,seasonal
MAC004897,2013-07-21,3.461,20.2,0.0,seasonal
MAC004897,2013-07-22,3.019,23.8,0.0,seasonal
MAC004897,2013-07-23,0.5,23.1,0.0,seasonal
MAC004897,2013-07-24,0.386,20.5,0.0,seasonal
MAC004897,2013-07-25,5.041,19.8,0.0,seasonal
MAC004897,2013-07-26,2.434,19.6,0.0,seasonal
MAC004897,2013-07-27,2.431,20.0,0.0,seasonal
MAC004897,2013-07-28,0.355,18.7,0.0,seasonal
MAC004897,2013-07-29,4.559,17.9,0.0,seasonal
MAC004897,2013-07-30,3.576,16.8,0.0,seasonal
MAC004897,2013-07-31,2.823,18.6,0.0,seasonal
MAC004897,2013-08-01,2.724,22.8,0.0,seasonal
MAC004897,2013-08-02,2.946,19.6,0.0,seasonal
MAC004897,2013-08-03,2.695,18.1,0.0,seasonal
MAC004897,2013-08-04,0.346,17.9,0.0,seasonal
MAC004897,2013-08-05,4.45,18.3,0.0,seasonal
MAC004897,2013-08-06,3.126,16.8,0.0,seasonal
MAC004897,2013-08-07,2.955,17.3,0.0,seasonal
MAC004897,2013-08-08,3.465,16.6,0.0,seasonal
MAC004897,2013-08-09,2.855,18.3,0.0,seasonal
MAC004897,2013-08-10,3.025,16.9,0.0,seasonal
MAC004897,2013-08-11,0.468,18.2,0.0,seasonal
MAC004897,2013-08-12,0.331,16.3,0.0,seasonal
MAC004897,2013-08-13,0.321,15.3,0.2,seasonal
MAC004897,2013-08-14,0.326,16.4,0.0,seasonal
MAC004897,2013-08-15,0.332,19.2,0.0,seasonal
MAC004897,2013-08-16,6.58,17.9,0.0,seasonal
MAC004897,2013-08-17,2.174,16.6,0.0,seasonal
MAC004897,2013-08-18,3.701,18.8,0.0,seasonal
MAC004897,2013-08-19,2.992,17.0,0.0,seasonal
MAC004897,2013-08-20,2.667,17.6,0.0,seasonal
MAC004897,2013-08-21,3.219,18.1,0.0,seasonal
MAC004897,2013-08-22,3.258,18.7,0.0,seasonal
MAC004897,2013-08-23,2.743,20.0,0.0,seasonal
MAC004897,2013-08-24,2.907,17.0,0.0,seasonal
MAC004897,2013-08-25,3.675,17.1,0.0,seasonal
MAC004897,2013-08-26,3.487,18.2,0.0,seasonal
MAC004897,2013-08-27,3.023,16.1,0.0,seasonal
MAC004897,2013-08-28,3.035,16.1,0.0,seasonal
MAC004897,2013-08-29,4.066,17.9,0.0,seasonal
MAC004897,2013-08-30,2.407,18.3,0.0,seasonal
MAC004897,2013-08-31,2.809,16.3,0.0,seasonal
MAC004897,2013-09-01,4.084,14.7,0.8,seasonal
MAC004897,2013-09-02,2.886,16.8,0.0,seasonal
MAC004897,2013-09-03,2.64,18.5,0.0,seasonal
MAC004897,2013-09-04,2.787,18.7,0.0,seasonal
MAC004897,2013-09-05,3.398,20.4,0.0,seasonal
MAC004897,2013-09-06,3.253,15.4,0.1,seasonal
MAC004897,2013-09-07,3.021,13.6,1.9,seasonal
MAC004897,2013-09-08,3.838,11.8,3.7,seasonal
MAC004897,2013-09-09,3.378,11.6,3.9,seasonal
MAC004897,2013-09-10,3.151,12.5,3.0,seasonal
MAC004897,2013-09-11,2.878,13.5,2.0,seasonal
MAC004897,2013-09-12,4.144,14.1,1.4,seasonal
MAC004897,2013-09-13,3.475,16.2,0.0,seasonal
MAC004897,2013-09-14,2.758,11.7,3.8,seasonal
MAC004897,2013-09-15,10.618,11.3,4.2,seasonal
MAC004897,2013-09-16,8.613,11.2,4.3,seasonal
MAC004897,2013-09-17,8.154,11.0,4.5,seasonal
MAC004897,2013-09-18,8.591,12.3,3.2,seasonal
MAC004897,2013-09-19,9.439,12.0,3.5,seasonal
MAC004897,2013-09-20,8.458,13.4,2.1,seasonal
MAC004897,2013-09-21,8.012,13.5,2.0,seasonal
MAC004897,2013-09-22,8.741,16.8,0.0,seasonal
MAC004897,2013-09-23,8.025,16.6,0.0,seasonal
MAC004897,2013-09-24,3.081,15.1,0.4,seasonal
MAC004897,2013-09-25,3.264,15.7,0.0,seasonal
MAC004897,2013-09-26,3.95,14.5,1.0,seasonal
MAC004897,2013-09-27,3.018,12.6,2.9,seasonal
MAC004897,2013-09-28,3.042,14.3,1.2,seasonal
MAC004897,2013-09-29,3.995,14.3,1.2,seasonal
MAC004897,2013-09-30,3.468,14.9,0.6,seasonal
MAC004897,2013-10-01,3.443,14.3,1.2,seasonal
MAC004897,2013-10-02,2.719,15.4,0.1,seasonal
MAC004897,2013-10-03,4.128,16.1,0.0,seasonal
MAC004897,2013-10-04,3.041,17.3,0.0,seasonal
MAC004897,2013-10-05,2.841,15.3,0.2,seasonal
MAC004897,2013-10-06,3.696,13.8,1.7,seasonal
MAC004897,2013-10-07,3.764,13.3,2.2,seasonal
MAC004897,2013-10-08,3.049,15.6,0.0,seasonal
MAC004897,2013-10-09,3.607,13.6,1.9,seasonal
MAC004897,2013-10-10,10.024,9.3,6.2,seasonal
MAC004897,2013-10-11,10.181,11.1,4.4,seasonal
MAC004897,2013-10-12,8.466,11.4,4.1,seasonal
MAC004897,2013-10-13,12.379,9.6,5.9,seasonal
MAC004897,2013-10-14,12.161,9.1,6.4,seasonal
MAC004897,2013-10-15,11.973,9.5,6.0,seasonal
MAC004897,2013-10-16,11.82,9.7,5.8,seasonal
MAC004897,2013-10-17,12.587,13.2,2.3,seasonal
MAC004897,2013-10-18,12.574,12.6,2.9,seasonal
MAC004897,2013-10-19,11.417,13.9,1.6,seasonal
MAC004897,2013-10-20,11.416,13.4,2.1,seasonal
MAC004897,2013-10-21,2.22,14.8,0.7,seasonal
MAC004897,2013-10-22,2.079,16.0,0.0,seasonal
MAC004897,2013-10-23,2.321,13.9,1.6,seasonal
MAC004897,2013-10-24,2.297,11.1,4.4,seasonal
MAC004897,2013-10-25,13.916,15.3,0.2,seasonal
MAC004897,2013-10-26,10.009,15.0,0.5,seasonal
MAC004897,2013-10-27,11.296,13.5,2.0,seasonal
MAC004897,2013-10-28,10.524,12.7,2.8,seasonal
MAC004897,2013-10-29,10.655,9.1,6.4,seasonal
MAC004897,2013-10-30,10.486,9.0,6.5,seasonal
MAC004897,2013-10-31,11.012,12.5,3.0,seasonal
MAC004897,2013-11-01,10.6,12.0,3.5,seasonal
MAC004897,2013-11-02,12.53,11.5,4.0,seasonal
MAC004897,2013-11-03,11.525,8.7,6.8,seasonal
MAC004897,2013-11-04,12.595,7.4,8.1,seasonal
MAC004897,2013-11-05,11.908,7.6,7.9,seasonal
MAC004897,2013-11-06,11.848,10.4,5.1,seasonal
MAC004897,2013-11-07,13.247,10.4,5.1,seasonal
MAC004897,2013-11-08,12.633,7.5,8.0,seasonal
MAC004897,2013-11-09,11.927,5.4,10.1,seasonal
MAC004897,2013-11-10,12.943,5.2,10.3,seasonal
MAC004897,2013-11-11,15.033,8.5,7.0,seasonal
MAC004897,2013-11-12,15.251,10.0,5.5,seasonal
MAC004897,2013-11-13,15.634,5.1,10.4,seasonal
MAC004897,2013-11-14,15.966,7.2,8.3,seasonal
MAC004897,2013-11-15,15.027,4.8,10.7,seasonal
MAC004897,2013-11-16,15.182,4.0,11.5,seasonal
MAC004897,2013-11-17,15.522,6.0,9.5,seasonal
MAC004897,2013-11-18,14.587,7.8,7.7,seasonal
MAC004897,2013-11-19,15.399,2.9,12.6,seasonal
MAC004897,2013-11-20,14.872,2.3,13.2,seasonal
MAC004897,2013-11-21,21.264,4.5,11.0,seasonal
MAC004897,2013-11-22,21.251,4.8,10.7,seasonal
MAC004897,2013-11-23,20.101,4.6,10.9,seasonal
MAC004897,2013-11-24,20.649,4.6,10.9,seasonal
MAC004897,2013-11-25,19.624,4.0,11.5,seasonal
MAC004897,2013-11-26,19.685,2.5,13.0,seasonal
MAC004897,2013-11-27,18.522,6.4,9.1,seasonal
MAC004897,2013-11-28,19.917,7.2,8.3,seasonal
MAC004897,2013-11-29,19.716,7.3,8.2,seasonal
MAC004897,2013-11-30,18.763,5.3,10.2,seasonal
MAC004897,2013-12-01,19.561,3.7,11.8,seasonal
MAC004897,2013-12-02,19.095,5.5,10.0,seasonal
MAC004897,2013-12-03,18.572,3.2,12.3,seasonal
MAC004897,2013-12-04,21.133,4.4,11.1,seasonal
MAC004897,2013-12-05,20.092,4.4,11.1,seasonal
MAC004897,2013-12-06,18.977,4.3,11.2,seasonal
MAC004897,2013-12-07,19.113,5.9,9.6,seasonal
MAC004897,2013-12-08,19.654,7.3,8.2,seasonal
MAC004897,2013-12-09,19.254,6.7,8.8,seasonal
MAC004897,2013-12-10,19.498,3.9,11.6,seasonal
MAC004897,2013-12-11,18.463,2.8,12.7,seasonal
MAC004897,2013-12-12,19.769,5.2,10.3,seasonal
MAC004897,2013-12-13,19.371,8.7,6.8,seasonal
MAC004897,2013-12-14,17.899,7.3,8.2,seasonal
MAC004897,2013-12-15,19.632,10.7,4.8,seasonal
MAC004897,2013-12-16,18.075,11.4,4.1,seasonal
MAC004897,2013-12-17,18.507,6.3,9.2,seasonal
MAC004897,2013-12-18,18.564,8.1,7.4,seasonal
MAC004897,2013-12-19,20.885,6.1,9.4,seasonal
MAC004897,2013-12-20,18.801,5.4,10.1,seasonal
MAC004897,2013-12-21,17.601,10.2,5.3,seasonal
MAC004897,2013-12-22,20.039,7.1,8.4,seasonal
MAC004897,2013-12-23,17.884,8.1,7.4,seasonal
MAC004897,2013-12-24,19.069,8.5,7.0,seasonal
MAC004897,2013-12-25,19.381,4.7,10.8,seasonal
MAC004897,2013-12-26,20.101,4.1,11.4,seasonal
MAC004897,2013-12-27,20.725,9.0,6.5,seasonal
MAC004897,2013-12-28,20.443,4.8,10.7,seasonal
MAC004897,2013-12-29,20.421,2.3,13.2,seasonal
MAC004897,2013-12-30,20.299,7.8,7.7,seasonal
MAC004902,2013-01-01,22.562,5.8,9.7,seasonal
MAC004902,2013-01-02,20.54,6.2,9.3,seasonal
MAC004902,2013-01-03,18.619,10.2,5.3,seasonal
MAC004902,2013-01-04,22.944,8.8,6.7,seasonal
MAC004902,2013-01-05,17.598,8.6,6.9,seasonal
MAC004902,2013-01-06,22.096001,7.0,8.5,seasonal
MAC004902,2013-01-07,22.582,7.6,7.9,seasonal
MAC004902,2013-01-08,18.524,8.9,6.6,seasonal
MAC004902,2013-01-09,24.16,6.8,8.7,seasonal
MAC004902,2013-01-10,24.224,1.8,13.7,seasonal
MAC004902,2013-01-11,26.907,2.7,12.8,seasonal
MAC004902,2013-01-12,29.178,2.7,12.8,seasonal
MAC004902,2013-01-13,25.146,1.1,14.4,seasonal
MAC004902,2013-01-14,28.536,0.2,15.3,seasonal
MAC004902,2013-01-15,28.892,0.6,14.9,seasonal
MAC004902,2013-01-16,32.282,-2.2,17.7,seasonal
MAC004902,2013-01-17,31.86,-2.2,17.7,seasonal
MAC004902,2013-01-18,31.945,-1.4,16.9,seasonal
MAC004902,2013-01-19,31.138,-0.2,15.7,seasonal
MAC004902,2013-01-20,32.998,-1.2,16.7,seasonal
MAC004902,2013-01-21,32.247,-1.5,17.0,seasonal
MAC004902,2013-01-22,31.9,-1.5,17.0,seasonal
MAC004902,2013-01-23,32.362001,0.9,14.6,seasonal
MAC004902,2013-01-24,31.442,-0.3,15.8,seasonal
MAC004902,2013-01-25,31.75,-1.5,17.0,seasonal
MAC004902,2013-01-26,34.211999,3.3,12.2,seasonal
MAC004902,2013-01-27,30.288,7.6,7.9,seasonal
MAC004902,2013-01-28,26.291,5.8,9.7,seasonal
MAC004902,2013-01-29,24.599,10.9,4.6,seasonal
MAC004902,2013-01-30,24.502,10.1,5.4,seasonal
MAC004902,2013-01-31,21.679001,8.2,7.3,seasonal
MAC004902,2013-02-01,23.857,5.4,10.1,seasonal
MAC004902,2013-02-02,27.599,2.7,12.8,seasonal
MAC004902,2013-02-03,25.167,3.6,11.9,seasonal
MAC004902,2013-02-04,26.614,7.9,7.6,seasonal
MAC004902,2013-02-05,30.475,3.6,11.9,seasonal
MAC004902,2013-02-06,29.84,3.5,12.0,seasonal
MAC004902,2013-02-07,30.624,1.9,13.6,seasonal
MAC004902,2013-02-08,28.06,1.2,14.3,seasonal
MAC004902,2013-02-09,30.241,1.6,13.9,seasonal
MAC004902,2013-02-10,27.383,2.6,12.9,seasonal
MAC004902,2013-02-11,30.371,1.1,14.4,seasonal
MAC004902,2013-02-12,28.939,1.1,14.4,seasonal
MAC004902,2013-02-13,29.86,0.5,15.0,seasonal
MAC004902,2013-02-14,23.695,6.5,9.0,seasonal
MAC004902,2013-02-15,23.321,4.4,11.1,seasonal
MAC004902,2013-02-16,26.459,5.0,10.5,seasonal
MAC004902,2013-02-17,28.736,3.5,12.0,seasonal
MAC004902,2013-02-18,26.485,3.3,12.2,seasonal
MAC004902,2013-02-19,25.145,0.8,14.7,seasonal
MAC004902,2013-02-20,28.168,2.0,13.5,seasonal
MAC004902,2013-02-21,28.964,0.7,14.8,seasonal
MAC004902,2013-02-22,30.195,0.3,15.2,seasonal
MAC004902,2013-02-23,30.468,0.3,15.2,seasonal
MAC004902,2013-02-24,30.012,0.4,15.1,seasonal
MAC004902,2013-02-25,26.564,2.5,13.0,seasonal
MAC004902,2013-02-26,28.804,3.5,12.0,seasonal
MAC004902,2013-02-27,23.135,3.0,12.5,seasonal
MAC004902,2013-02-28,25.611,3.5,12.0,seasonal
MAC004902,2013-03-01,25.509,3.9,11.6,seasonal
MAC004902,2013-03-02,33.673,2.3,13.2,seasonal
MAC004902,2013-03-03,26.39,2.6,12.9,seasonal
MAC004902,2013-03-04,23.394,3.6,11.9,seasonal
MAC004902,2013-03-05,13.627,5.8,9.7,seasonal
MAC004902,2013-03-06,13.758,7.4,8.1,seasonal
MAC004902,2013-03-07,16.437,8.0,7.5,seasonal
MAC004902,2013-03-08,15.233,8.5,7.0,seasonal
MAC004902,2013-03-09,21.204,6.0,9.5,seasonal
MAC004902,2013-03-10,29.14,2.1,13.4,seasonal
MAC004902,2013-03-11,32.485,-0.2,15.7,seasonal
MAC004902,2013-03-12,28.678,0.1,15.4,seasonal
MAC004902,2013-03-13,28.417,1.9,13.6,seasonal
MAC004902,2013-03-14,25.942,1.0,14.5,seasonal
MAC004902,2013-03-15,23.855,4.3,11.2,seasonal
MAC004902,2013-03-16,26.081,6.1,9.4,seasonal
MAC004902,2013-03-17,24.213,4.7,10.8,seasonal
MAC004902,2013-03-18,23.872,3.2,12.3,seasonal
MAC004902,2013-03-19,26.407,3.3,12.2,seasonal
MAC004902,2013-03-20,22.764,3.2,12.3,seasonal
MAC004902,2013-03-21,23.376,3.1,12.4,seasonal
MAC004902,2013-03-22,23.65,3.2,12.3,seasonal
MAC004902,2013-03-23,28.125,1.6,13.9,seasonal
MAC004902,2013-03-24,28.551,0.1,15.4,seasonal
MAC004902,2013-03-25,29.182,0.4,15.1,seasonal
MAC004902,2013-03-26,29.297,0.3,15.2,seasonal
MAC004902,2013-03-27,29.219,0.8,14.7,seasonal
MAC004902,2013-03-28,26.79,1.0,14.5,seasonal
MAC004902,2013-03-29,24.853,0.2,15.3,seasonal
MAC004902,2013-03-30,24.667001,1.2,14.3,seasonal
MAC004902,2013-03-31,18.787,0.5,15.0,seasonal
MAC004902,2013-04-01,19.721,1.8,13.7,seasonal
MAC004902,2013-04-02,16.928,2.6,12.9,seasonal
MAC004902,2013-04-03,21.538,1.7,13.8,seasonal
MAC004902,2013-04-04,22.786,1.9,13.6,seasonal
MAC004902,2013-04-05,28.293999,3.3,12.2,seasonal
MAC004902,2013-04-06,24.879,3.5,12.0,seasonal
MAC004902,2013-04-07,15.631,3.2,12.3,seasonal
MAC004902,2013-04-08,21.006,4.9,10.6,seasonal
MAC004902,2013-04-09,16.324,4.8,10.7,seasonal
MAC004902,2013-04-10,14.535,6.1,9.4,seasonal
MAC004902,2013-04-11,19.37,7.1,8.4,seasonal
MAC004902,2013-04-12,14.709,8.4,7.1,seasonal
MAC004902,2013-04-13,13.052,8.2,7.3,seasonal
MAC004902,2013-04-14,11.483,13.4,2.1,seasonal
MAC004902,2013-04-15,13.716,11.5,4.0,seasonal
MAC004902,2013-04-16,16.112,11.3,4.2,seasonal
MAC004902,2013-04-17,12.21,11.8,3.7,seasonal
MAC004902,2013-04-18,17.419,10.1,5.4,seasonal
MAC004902,2013-04-19,17.879,8.4,7.1,seasonal
MAC004902,2013-04-20,21.493,5.9,9.6,seasonal
MAC004902,2013-04-21,11.663,7.0,8.5,seasonal
MAC004902,2013-04-22,12.1,9.3,6.2,seasonal
MAC004902,2013-04-23,11.791,13.1,2.4,seasonal
MAC004902,2013-04-24,7.937,12.5,3.0,seasonal
MAC004902,2013-04-25,7.768,14.2,1.3,seasonal
MAC004902,2013-04-26,17.821,8.9,6.6,seasonal
MAC004902,2013-04-27,12.761,6.0,9.5,seasonal
MAC004902,2013-04-28,15.44,6.2,9.3,seasonal
MAC004902,2013-04-29,10.561,9.2,6.3,seasonal
MAC004902,2013-04-30,17.391,7.9,7.6,seasonal
MAC004902,2013-05-01,12.161,8.4,7.1,seasonal
MAC004902,2013-05-02,11.014,9.1,6.4,seasonal
MAC004902,2013-05-03,8.612,11.1,4.4,seasonal
MAC004902,2013-05-04,11.85,10.9,4.6,seasonal
MAC004902,2013-05-05,7.529,11.4,4.1,seasonal
MAC004902,2013-05-06,5.213,13.2,2.3,seasonal
MAC004902,2013-05-07,4.768,13.8,1.7,seasonal
MAC004902,2013-05-08,4.021,12.9,2.6,seasonal
MAC004902,2013-05-09,4.035,10.5,5.0,seasonal
MAC004902,2013-05-10,9.134,12.4,3.1,seasonal
MAC004902,2013-05-11,10.11,10.4,5.1,seasonal
MAC004902,2013-05-12,9.348,9.6,5.9,seasonal
MAC004902,2013-05-13,10.646,11.0,4.5,seasonal
MAC004902,2013-05-14,23.517,8.6,6.9,seasonal
MAC004902,2013-05-15,20.111,9.1,6.4,seasonal
MAC004902,2013-05-16,21.506,9.5,6.0,seasonal
MAC004902,2013-05-17,10.462,9.1,6.4,seasonal
MAC004902,2013-05-18,11.023,10.9,4.6,seasonal
MAC004902,2013-05-19,13.679,12.7,2.8,seasonal
MAC004902,2013-05-20,14.853,13.4,2.1,seasonal
MAC004902,2013-05-21,12.909,12.9,2.6,seasonal
MAC004902,2013-05-22,14.506,11.4,4.1,seasonal
MAC004902,2013-05-23,17.939,8.1,7.4,seasonal
MAC004902,2013-05-24,23.699,7.1,8.4,seasonal
MAC004902,2013-05-25,14.82,9.5,6.0,seasonal
MAC004902,2013-05-26,16.864,11.5,4.0,seasonal
MAC004902,2013-05-27,9.384,11.0,4.5,seasonal
MAC004902,2013-05-28,13.964,10.8,4.7,seasonal
MAC004902,2013-05-29,13.867,10.7,4.8,seasonal
MAC004902,2013-05-30,14.868,12.4,3.1,seasonal
MAC004902,2013-05-31,13.298,14.5,1.0,seasonal
MAC004902,2013-06-01,9.028,12.9,2.6,seasonal
MAC004902,2013-06-02,8.964,12.8,2.7,seasonal
MAC004902,2013-06-03,5.625,11.9,3.6,seasonal
MAC004902,2013-06-04,3.862,12.1,3.4,seasonal
MAC004902,2013-06-05,5.515,12.6,2.9,seasonal
MAC004902,2013-06-06,4.091,13.3,2.2,seasonal
MAC004902,2013-06-07,4.307,14.1,1.4,seasonal
MAC004902,2013-06-08,3.633,12.4,3.1,seasonal
MAC004902,2013-06-09,7.84,12.5,3.0,seasonal
MAC004902,2013-06-10,5.522,12.4,3.1,seasonal
MAC004902,2013-06-11,4.863,13.3,2.2,seasonal
MAC004902,2013-06-12,9.323,15.2,0.3,seasonal
MAC004902,2013-06-13,7.186,14.6,0.9,seasonal
MAC004902,2013-06-14,8.53,13.5,2.0,seasonal
MAC004902,2013-06-15,4.403,13.9,1.6,seasonal
MAC004902,2013-06-16,3.747,13.5,2.0,seasonal
MAC004902,2013-06-17,9.225,14.9,0.6,seasonal
MAC004902,2013-06-18,5.196,17.2,0.0,seasonal
MAC004902,2013-06-19,4.204,19.0,0.0,seasonal
MAC004902,2013-06-20,4.198,17.3,0.0,seasonal
MAC004902,2013-06-21,4.58,16.6,0.0,seasonal
MAC004902,2013-06-22,3.674,14.3,1.2,seasonal
MAC004902,2013-06-23,4.971,14.8,0.7,seasonal
MAC004902,2013-06-24,4.914,12.8,2.7,seasonal
MAC004902,2013-06-25,4.212,14.1,1.4,seasonal
MAC004902,2013-06-26,5.295,16.0,0.0,seasonal
MAC004902,2013-06-27,4.308,14.5,1.0,seasonal
MAC004902,2013-06-28,5.648,15.4,0.1,seasonal
MAC004902,2013-06-29,3.646,15.8,0.0,seasonal
MAC004902,2013-06-30,3.69,18.5,0.0,seasonal
MAC004902,2013-07-01,3.895,16.3,0.0,seasonal
MAC004902,2013-07-02,5.904,14.5,1.0,seasonal
MAC004902,2013-07-03,2.873,16.4,0.0,seasonal
MAC004902,2013-07-04,3.553,17.1,0.0,seasonal
MAC004902,2013-07-05,4.625,18.3,0.0,seasonal
MAC004902,2013-07-06,3.908,18.9,0.0,seasonal
MAC004902,2013-07-07,4.511,20.5,0.0,seasonal
MAC004902,2013-07-08,3.807,18.9,0.0,seasonal
MAC004902,2013-07-09,4.736,18.1,0.0,seasonal
MAC004902,2013-07-10,3.933,17.2,0.0,seasonal
MAC004902,2013-07-11,3.364,15.2,0.3,seasonal
MAC004902,2013-07-12,4.207,17.0,0.0,seasonal
MAC004902,2013-07-13,4.615,21.6,0.0,seasonal
MAC004902,2013-07-14,4.64,22.1,0.0,seasonal
MAC004902,2013-07-15,4.163,21.8,0.0,seasonal
MAC004902,2013-07-16,4.357,22.8,0.0,seasonal
MAC004902,2013-07-17,4.116,22.9,0.0,seasonal
MAC004902,2013-07-18,4.015,21.2,0.0,seasonal
MAC004902,2013-07-19,4.579,20.3,0.0,seasonal
MAC004902,2013-07-20,3.635,18.8,0.0,seasonal
MAC004902,2013-07-21,4.516,20.2,0.0,seasonal
MAC004902,2013-07-22,4.107,23.8,0.0,seasonal
MAC004902,2013-07-23,4.64,23.1,0.0,seasonal
MAC004902,2013-07-24,3.863,20.5,0.0,seasonal
MAC004902,2013-07-25,3.727,19.8,0.0,seasonal
MAC004902,2013-07-26,4.368,19.6,0.0,seasonal
MAC004902,2013-07-27,4.381,20.0,0.0,seasonal
MAC004902,2013-07-28,3.905,18.7,0.0,seasonal
MAC004902,2013-07-29,3.629,17.9,0.0,seasonal
MAC004902,2013-07-30,4.678,16.8,0.0,seasonal
MAC004902,2013-07-31,4.518,18.6,0.0,seasonal
MAC004902,2013-08-01,3.874,22.8,0.0,seasonal
MAC004902,2013-08-02,4.788,19.6,0.0,seasonal
MAC004902,2013-08-03,4.583,18.1,0.0,seasonal
MAC004902,2013-08-04,4.429,17.9,0.0,seasonal
MAC004902,2013-08-05,4.137,18.3,0.0,seasonal
MAC004902,2013-08-06,4.707,16.8,0.0,seasonal
MAC004902,2013-08-07,3.991,17.3,0.0,seasonal
MAC004902,2013-08-08,3.788,16.6,0.0,seasonal
MAC004902,2013-08-09,4.719,18.3,0.0,seasonal
MAC004902,2013-08-10,4.449,16.9,0.0,seasonal
MAC004902,2013-08-11,4.09,18.2,0.0,seasonal
MAC004902,2013-08-12,3.895,16.3,0.0,seasonal
MAC004902,2013-08-13,4.842,15.3,0.2,seasonal
MAC004902,2013-08-14,4.4,16.4,0.0,seasonal
MAC004902,2013-08-15,3.972,19.2,0.0,seasonal
MAC004902,2013-08-16,4.709,17.9,0.0,seasonal
MAC004902,2013-08-17,3.888,16.6,0.0,seasonal
MAC004902,2013-08-18,3.28,18.8,0.0,seasonal
MAC004902,2013-08-19,4.118,17.0,0.0,seasonal
MAC004902,2013-08-20,4.857,17.6,0.0,seasonal
MAC004902,2013-08-21,4.218,18.1,0.0,seasonal
MAC004902,2013-08-22,4.073,18.7,0.0,seasonal
MAC004902,2013-08-23,4.122,20.0,0.0,seasonal
MAC004902,2013-08-24,3.795,17.0,0.0,seasonal
MAC004902,2013-08-25,4.235,17.1,0.0,seasonal
MAC004902,2013-08-26,3.696,18.2,0.0,seasonal
MAC004902,2013-08-27,5.262,16.1,0.0,seasonal
MAC004902,2013-08-28,4.261,16.1,0.0,seasonal
MAC004902,2013-08-29,3.915,17.9,0.0,seasonal
MAC004902,2013-08-30,3.841,18.3,0.0,seasonal
MAC004902,2013-08-31,4.214,16.3,0.0,seasonal
MAC004902,2013-09-01,4.157,14.7,0.8,seasonal
MAC004902,2013-09-02,4.143,16.8,0.0,seasonal
MAC004902,2013-09-03,5.208,18.5,0.0,seasonal
MAC004902,2013-09-04,4.417,18.7,0.0,seasonal
MAC004902,2013-09-05,4.662,20.4,0.0,seasonal
MAC004902,2013-09-06,0.823,15.4,0.1,seasonal
MAC004902,2013-09-07,0.746,13.6,1.9,seasonal
MAC004902,2013-09-08,3.713,11.8,3.7,seasonal
MAC004902,2013-09-09,4.318,11.6,3.9,seasonal
MAC004902,2013-09-10,14.973,12.5,3.0,seasonal
MAC004902,2013-09-11,7.984,13.5,2.0,seasonal
MAC004902,2013-09-12,6.136,14.1,1.4,seasonal
MAC004902,2013-09-13,8.936,16.2,0.0,seasonal
MAC004902,2013-09-14,9.785,11.7,3.8,seasonal
MAC004902,2013-09-15,11.497,11.3,4.2,seasonal
MAC004902,2013-09-16,15.345,11.2,4.3,seasonal
MAC004902,2013-09-17,10.957,11.0,4.5,seasonal
MAC004902,2013-09-18,11.727,12.3,3.2,seasonal
MAC004902,2013-09-19,13.103,12.0,3.5,seasonal
MAC004902,2013-09-20,10.104,13.4,2.1,seasonal
MAC004902,2013-09-21,6.472,13.5,2.0,seasonal
MAC004902,2013-09-22,8.535,16.8,0.0,seasonal
MAC004902,2013-09-23,8.623,16.6,0.0,seasonal
MAC004902,2013-09-24,7.201,15.1,0.4,seasonal
MAC004902,2013-09-25,7.708,15.7,0.0,seasonal
MAC004902,2013-09-26,10.116,14.5,1.0,seasonal
MAC004902,2013-09-27,9.085,12.6,2.9,seasonal
MAC004902,2013-09-28,8.664,14.3,1.2,seasonal
MAC004902,2013-09-29,11.643,14.3,1.2,seasonal
MAC004902,2013-09-30,11.583,14.9,0.6,seasonal
MAC004902,2013-10-01,9.227,14.3,1.2,seasonal
MAC004902,2013-10-02,11.209,15.4,0.1,seasonal
MAC004902,2013-10-03,7.208,16.1,0.0,seasonal
MAC004902,2013-10-04,8.204,17.3,0.0,seasonal
MAC004902,2013-10-05,10.851,15.3,0.2,seasonal
MAC004902,2013-10-06,9.179,13.8,1.7,seasonal
MAC004902,2013-10-07,9.047,13.3,2.2,seasonal
MAC004902,2013-10-08,8.356,15.6,0.0,seasonal
MAC004902,2013-10-09,11.474,13.6,1.9,seasonal
MAC004902,2013-10-10,13.004,9.3,6.2,seasonal
MAC004902,2013-10-11,13.58,11.1,4.4,seasonal
MAC004902,2013-10-12,14.944,11.4,4.1,seasonal
MAC004902,2013-10-13,16.477,9.6,5.9,seasonal
MAC004902,2013-10-14,16.918,9.1,6.4,seasonal
MAC004902,2013-10-15,16.536,9.5,6.0,seasonal
MAC004902,2013-10-16,15.749,9.7,5.8,seasonal
MAC004902,2013-10-17,11.359,13.2,2.3,seasonal
MAC004902,2013-10-18,11.486,12.6,2.9,seasonal
MAC004902,2013-10-19,12.057,13.9,1.6,seasonal
MAC004902,2013-10-20,10.913,13.4,2.1,seasonal
MAC004902,2013-10-21,9.303,14.8,0.7,seasonal
MAC004902,2013-10-22,9.548,16.0,0.0,seasonal
MAC004902,2013-10-23,17.471,13.9,1.6,seasonal
MAC004902,2013-10-24,6.999,11.1,4.4,seasonal
MAC004902,2013-10-25,10.409,15.3,0.2,seasonal
MAC004902,2013-10-26,9.979,15.0,0.5,seasonal
MAC004902,2013-10-27,12.472,13.5,2.0,seasonal
MAC004902,2013-10-28,15.899,12.7,2.8,seasonal
MAC004902,2013-10-29,16.961,9.1,6.4,seasonal
MAC004902,2013-10-30,13.998,9.0,6.5,seasonal
MAC004902,2013-10-31,16.237,12.5,3.0,seasonal
MAC004902,2013-11-01,11.179,12.0,3.5,seasonal
MAC004902,2013-11-02,16.815,11.5,4.0,seasonal
MAC004902,2013-11-03,18.479,8.7,6.8,seasonal
MAC004902,2013-11-04,17.593,7.4,8.1,seasonal
MAC004902,2013-11-05,19.164,7.6,7.9,seasonal
MAC004902,2013-11-06,14.415,10.4,5.1,seasonal
MAC004902,2013-11-07,17.382,10.4,5.1,seasonal
MAC004902,2013-11-08,18.511,7.5,8.0,seasonal
MAC004902,2013-11-09,19.438,5.4,10.1,seasonal
MAC004902,2013-11-10,18.399,5.2,10.3,seasonal
MAC004902,2013-11-11,15.663,8.5,7.0,seasonal
MAC004902,2013-11-12,19.882,10.0,5.5,seasonal
MAC004902,2013-11-13,17.076,5.1,10.4,seasonal
MAC004902,2013-11-14,22.072,7.2,8.3,seasonal
MAC004902,2013-11-15,20.518,4.8,10.7,seasonal
MAC004902,2013-11-16,20.801,4.0,11.5,seasonal
MAC004902,2013-11-17,20.468,6.0,9.5,seasonal
MAC004902,2013-11-18,22.13,7.8,7.7,seasonal
MAC004902,2013-11-19,25.807,2.9,12.6,seasonal
MAC004902,2013-11-20,28.063,2.3,13.2,seasonal
MAC004902,2013-11-21,30.139,4.5,11.0,seasonal
MAC004902,2013-11-22,22.294,4.8,10.7,seasonal
MAC004902,2013-11-23,24.455,4.6,10.9,seasonal
MAC004902,2013-11-24,23.902,4.6,10.9,seasonal
MAC004902,2013-11-25,23.724,4.0,11.5,seasonal
MAC004902,2013-11-26,24.908,2.5,13.0,seasonal
MAC004902,2013-11-27,20.307,6.4,9.1,seasonal
MAC004902,2013-11-28,23.177,7.2,8.3,seasonal
MAC004902,2013-11-29,19.883,7.3,8.2,seasonal
MAC004902,2013-11-30,22.534,5.3,10.2,seasonal
MAC004902,2013-12-01,19.367,3.7,11.8,seasonal
MAC004902,2013-12-02,20.066,5.5,10.0,seasonal
MAC004902,2013-12-03,22.517,3.2,12.3,seasonal
MAC004902,2013-12-04,27.755,4.4,11.1,seasonal
MAC004902,2013-12-05,26.046,4.4,11.1,seasonal
MAC004902,2013-12-06,26.37,4.3,11.2,seasonal
MAC004902,2013-12-07,25.213,5.9,9.6,seasonal
MAC004902,2013-12-08,22.059,7.3,8.2,seasonal
MAC004902,2013-12-09,22.615,6.7,8.8,seasonal
MAC004902,2013-12-10,22.371,3.9,11.6,seasonal
MAC004902,2013-12-11,20.598,2.8,12.7,seasonal
MAC004902,2013-12-12,21.366,5.2,10.3,seasonal
MAC004902,2013-12-13,20.236,8.7,6.8,seasonal
MAC004902,2013-12-14,20.191,7.3,8.2,seasonal
MAC004902,2013-12-15,20.479,10.7,4.8,seasonal
MAC004902,2013-12-16,19.054,11.4,4.1,seasonal
MAC004902,2013-12-17,22.057,6.3,9.2,seasonal
MAC004902,2013-12-18,22.258,8.1,7.4,seasonal
MAC004902,2013-12-19,22.791,6.1,9.4,seasonal
MAC004902,2013-12-20,29.904,5.4,10.1,seasonal
MAC004902,2013-12-21,22.26,10.2,5.3,seasonal
MAC004902,2013-12-22,24.688,7.1,8.4,seasonal
MAC004902,2013-12-23,23.324,8.1,7.4,seasonal
MAC004902,2013-12-24,23.219,8.5,7.0,seasonal
MAC004902,2013-12-25,22.889,4.7,10.8,seasonal
MAC004902,2013-12-26,23.619,4.1,11.4,seasonal
MAC004902,2013-12-27,23.129,9.0,6.5,seasonal
MAC004902,2013-12-28,26.369,4.8,10.7,seasonal
MAC004902,2013-12-29,24.168,2.3,13.2,seasonal
MAC004902,2013-12-30,23.173,7.8,7.7,seasonal
MAC004903,2013-01-01,17.624,5.8,9.7,seasonal
MAC004903,2013-01-02,21.441,6.2,9.3,seasonal
MAC004903,2013-01-03,17.432,10.2,5.3,seasonal
MAC004903,2013-01-04,15.87,8.8,6.7,seasonal
MAC004903,2013-01-05,14.186,8.6,6.9,seasonal
MAC004903,2013-01-06,15.108,7.0,8.5,seasonal
MAC004903,2013-01-07,14.558,7.6,7.9,seasonal
MAC004903,2013-01-08,19.55,8.9,6.6,seasonal
MAC004903,2013-01-09,15.17,6.8,8.7,seasonal
MAC004903,2013-01-10,19.228,1.8,13.7,seasonal
MAC004903,2013-01-11,25.807,2.7,12.8,seasonal
MAC004903,2013-01-12,24.991,2.7,12.8,seasonal
MAC004903,2013-01-13,24.66,1.1,14.4,seasonal
MAC004903,2013-01-14,24.861,0.2,15.3,seasonal
MAC004903,2013-01-15,25.537,0.6,14.9,seasonal
MAC004903,2013-01-16,25.463,-2.2,17.7,seasonal
MAC004903,2013-01-17,24.584999,-2.2,17.7,seasonal
MAC004903,2013-01-18,25.15,-1.4,16.9,seasonal
MAC004903,2013-01-19,25.004,-0.2,15.7,seasonal
MAC004903,2013-01-20,25.578,-1.2,16.7,seasonal
MAC004903,2013-01-21,24.902,-1.5,17.0,seasonal
MAC004903,2013-01-22,27.031,-1.5,17.0,seasonal
MAC004903,2013-01-23,25.546,0.9,14.6,seasonal
MAC004903,2013-01-24,25.575,-0.3,15.8,seasonal
MAC004903,2013-01-25,32.105,-1.5,17.0,seasonal
MAC004903,2013-01-26,27.266,3.3,12.2,seasonal
MAC004903,2013-01-27,22.7,7.6,7.9,seasonal
MAC004903,2013-01-28,22.783,5.8,9.7,seasonal
MAC004903,2013-01-29,22.36,10.9,4.6,seasonal
MAC004903,2013-01-30,22.258,10.1,5.4,seasonal
MAC004903,2013-01-31,22.101,8.2,7.3,seasonal
MAC004903,2013-02-01,21.922,5.4,10.1,seasonal
MAC004903,2013-02-02,22.972,2.7,12.8,seasonal
MAC004903,2013-02-03,23.24,3.6,11.9,seasonal
MAC004903,2013-02-04,22.261,7.9,7.6,seasonal
MAC004903,2013-02-05,23.633,3.6,11.9,seasonal
MAC004903,2013-02-06,23.829,3.5,12.0,seasonal
MAC004903,2013-02-07,23.748,1.9,13.6,seasonal
MAC004903,2013-02-08,23.945,1.2,14.3,seasonal
MAC004903,2013-02-09,21.279,1.6,13.9,seasonal
MAC004903,2013-02-10,21.795,2.6,12.9,seasonal
MAC004903,2013-02-11,28.618,1.1,14.4,seasonal
MAC004903,2013-02-12,26.679,1.1,14.4,seasonal
MAC004903,2013-02-13,26.383,0.5,15.0,seasonal
MAC004903,2013-02-14,25.387,6.5,9.0,seasonal
MAC004903,2013-02-15,25.514,4.4,11.1,seasonal
MAC004903,2013-02-16,25.012,5.0,10.5,seasonal
MAC004903,2013-02-17,25.6,3.5,12.0,seasonal
MAC004903,2013-02-18,25.576,3.3,12.2,seasonal
MAC004903,2013-02-19,25.914,0.8,14.7,seasonal
MAC004903,2013-02-20,26.277,2.0,13.5,seasonal
MAC004903,2013-02-21,26.914,0.7,14.8,seasonal
MAC004903,2013-02-22,25.989,0.3,15.2,seasonal
MAC004903,2013-02-23,25.916,0.3,15.2,seasonal
MAC004903,2013-02-24,26.855,0.4,15.1,seasonal
MAC004903,2013-02-25,26.06,2.5,13.0,seasonal
MAC004903,2013-02-26,26.388,3.5,12.0,seasonal
MAC004903,2013-02-27,25.976,3.0,12.5,seasonal
MAC004903,2013-02-28,25.741,3.5,12.0,seasonal
MAC004903,2013-03-01,25.319,3.9,11.6,seasonal
MAC004903,2013-03-02,26.167,2.3,13.2,seasonal
MAC004903,2013-03-03,26.283,2.6,12.9,seasonal
MAC004903,2013-03-04,25.519,3.6,11.9,seasonal
MAC004903,2013-03-05,20.253,5.8,9.7,seasonal
MAC004903,2013-03-06,15.568,7.4,8.1,seasonal
MAC004903,2013-03-07,15.859,8.0,7.5,seasonal
MAC004903,2013-03-08,15.98,8.5,7.0,seasonal
MAC004903,2013-03-09,16.496,6.0,9.5,seasonal
MAC004903,2013-03-10,17.084,2.1,13.4,seasonal
MAC004903,2013-03-11,35.612,-0.2,15.7,seasonal
MAC004903,2013-03-12,32.34,0.1,15.4,seasonal
MAC004903,2013-03-13,31.489,1.9,13.6,seasonal
MAC004903,2013-03-14,25.796,1.0,14.5,seasonal
MAC004903,2013-03-15,24.7,4.3,11.2,seasonal
MAC004903,2013-03-16,27.133,6.1,9.4,seasonal
MAC004903,2013-03-17,24.821,4.7,10.8,seasonal
MAC004903,2013-03-18,25.275999,3.2,12.3,seasonal
MAC004903,2013-03-19,25.582,3.3,12.2,seasonal
MAC004903,2013-03-20,25.489,3.2,12.3,seasonal
MAC004903,2013-03-21,25.712,3.1,12.4,seasonal
MAC004903,2013-03-22,26.211,3.2,12.3,seasonal
MAC004903,2013-03-23,33.729,1.6,13.9,seasonal
MAC004903,2013-03-24,32.398,0.1,15.4,seasonal
MAC004903,2013-03-25,31.925,0.4,15.1,seasonal
MAC004903,2013-03-26,32.731,0.3,15.2,seasonal
MAC004903,2013-03-27,31.799001,0.8,14.7,seasonal
MAC004903,2013-03-28,32.32,1.0,14.5,seasonal
MAC004903,2013-03-29,31.777,0.2,15.3,seasonal
MAC004903,2013-03-30,32.346,1.2,14.3,seasonal
MAC004903,2013-03-31,31.739,0.5,15.0,seasonal
MAC004903,2013-04-01,31.364,1.8,13.7,seasonal
MAC004903,2013-04-02,29.111,2.6,12.9,seasonal
MAC004903,2013-04-03,26.635,1.7,13.8,seasonal
MAC004903,2013-04-04,28.618,1.9,13.6,seasonal
MAC004903,2013-04-05,28.204,3.3,12.2,seasonal
MAC004903,2013-04-06,27.564,3.5,12.0,seasonal
MAC004903,2013-04-07,22.076,3.2,12.3,seasonal
MAC004903,2013-04-08,21.397,4.9,10.6,seasonal
MAC004903,2013-04-09,21.749,4.8,10.7,seasonal
MAC004903,2013-04-10,20.452,6.1,9.4,seasonal
MAC004903,2013-04-11,17.17,7.1,8.4,seasonal
MAC004903,2013-04-12,17.791,8.4,7.1,seasonal
MAC004903,2013-04-13,18.247,8.2,7.3,seasonal
MAC004903,2013-04-14,17.732,13.4,2.1,seasonal
MAC004903,2013-04-15,17.028,11.5,4.0,seasonal
MAC004903,2013-04-16,18.117,11.3,4.2,seasonal
MAC004903,2013-04-17,2.989,11.8,3.7,seasonal
MAC004903,2013-04-18,3.334,10.1,5.4,seasonal
MAC004903,2013-04-19,20.384,8.4,7.1,seasonal
MAC004903,2013-04-20,17.801,5.9,9.6,seasonal
MAC004903,2013-04-21,14.967,7.0,8.5,seasonal
MAC004903,2013-04-22,4.032,9.3,6.2,seasonal
MAC004903,2013-04-23,4.178,13.1,2.4,seasonal
MAC004903,2013-04-24,3.055,12.5,3.0,seasonal
MAC004903,2013-04-25,3.368,14.2,1.3,seasonal
MAC004903,2013-04-26,12.938,8.9,6.6,seasonal
MAC004903,2013-04-27,14.38,6.0,9.5,seasonal
MAC004903,2013-04-28,11.422,6.2,9.3,seasonal
MAC004903,2013-04-29,17.808,9.2,6.3,seasonal
MAC004903,2013-04-30,3.54,7.9,7.6,seasonal
MAC004903,2013-05-01,7.897,8.4,7.1,seasonal
MAC004903,2013-05-02,3.165,9.1,6.4,seasonal
MAC004903,2013-05-03,3.247,11.1,4.4,seasonal
MAC004903,2013-05-04,3.185,10.9,4.6,seasonal
MAC004903,2013-05-05,2.937,11.4,4.1,seasonal
MAC004903,2013-05-06,2.777,13.2,2.3,seasonal
MAC004903,2013-05-07,3.813,13.8,1.7,seasonal
MAC004903,2013-05-08,3.062,12.9,2.6,seasonal
MAC004903,2013-05-09,3.27,10.5,5.0,seasonal
MAC004903,2013-05-10,6.246,12.4,3.1,seasonal
MAC004903,2013-05-11,3.361,10.4,5.1,seasonal
MAC004903,2013-05-12,3.506,9.6,5.9,seasonal
MAC004903,2013-05-13,13.589,11.0,4.5,seasonal
MAC004903,2013-05-14,11.926,8.6,6.9,seasonal
MAC004903,2013-05-15,11.856,9.1,6.4,seasonal
MAC004903,2013-05-16,10.816,9.5,6.0,seasonal
MAC004903,2013-05-17,11.882,9.1,6.4,seasonal
MAC004903,2013-05-18,10.996,10.9,4.6,seasonal
MAC004903,2013-05-19,3.209,12.7,2.8,seasonal
MAC004903,2013-05-20,3.31,13.4,2.1,seasonal
MAC004903,2013-05-21,3.328,12.9,2.6,seasonal
MAC004903,2013-05-22,3.525,11.4,4.1,seasonal
MAC004903,2013-05-23,13.849,8.1,7.4,seasonal
MAC004903,2013-05-24,12.676,7.1,8.4,seasonal
MAC004903,2013-05-25,3.399,9.5,6.0,seasonal
MAC004903,2013-05-26,3.067,11.5,4.0,seasonal
MAC004903,2013-05-27,3.338,11.0,4.5,seasonal
MAC004903,2013-05-28,3.823,10.8,4.7,seasonal
MAC004903,2013-05-29,3.222,10.7,4.8,seasonal
MAC004903,2013-05-30,14.355,12.4,3.1,seasonal
MAC004903,2013-05-31,3.465,14.5,1.0,seasonal
MAC004903,2013-06-01,3.595,12.9,2.6,seasonal
MAC004903,2013-06-02,3.211,12.8,2.7,seasonal
MAC004903,2013-06-03,3.239,11.9,3.6,seasonal
MAC004903,2013-06-04,4.14,12.1,3.4,seasonal
MAC004903,2013-06-05,2.99,12.6,2.9,seasonal
MAC004903,2013-06-06,2.942,13.3,2.2,seasonal
MAC004903,2013-06-07,3.305,14.1,1.4,seasonal
MAC004903,2013-06-08,3.294,12.4,3.1,seasonal
MAC004903,2013-06-09,3.585,12.5,3.0,seasonal
MAC004903,2013-06-10,3.257,12.4,3.1,seasonal
MAC004903,2013-06-11,3.923,13.3,2.2,seasonal
MAC004903,2013-06-12,2.862,15.2,0.3,seasonal
MAC004903,2013-06-13,13.777,14.6,0.9,seasonal
MAC004903,2013-06-14,3.27,13.5,2.0,seasonal
MAC004903,2013-06-15,3.678,13.9,1.6,seasonal
MAC004903,2013-06-16,2.631,13.5,2.0,seasonal
MAC004903,2013-06-17,3.287,14.9,0.6,seasonal
MAC004903,2013-06-18,3.159,17.2,0.0,seasonal
MAC004903,2013-06-19,4.036,19.0,0.0,seasonal
MAC004903,2013-06-20,3.311,17.3,0.0,seasonal
MAC004903,2013-06-21,2.836,16.6,0.0,seasonal
MAC004903,2013-06-22,3.105,14.3,1.2,seasonal
MAC004903,2013-06-23,3.292,14.8,0.7,seasonal
MAC004903,2013-06-24,2.932,12.8,2.7,seasonal
MAC004903,2013-06-25,3.109,14.1,1.4,seasonal
MAC004903,2013-06-26,3.464,16.0,0.0,seasonal
MAC004903,2013-06-27,3.41,14.5,1.0,seasonal
MAC004903,2013-06-28,3.017,15.4,0.1,seasonal
MAC004903,2013-06-29,3.241,15.8,0.0,seasonal
MAC004903,2013-06-30,3.384,18.5,0.0,seasonal
MAC004903,2013-07-01,3.565,16.3,0.0,seasonal
MAC004903,2013-07-02,2.707,14.5,1.0,seasonal
MAC004903,2013-07-03,3.078,16.4,0.0,seasonal
MAC004903,2013-07-04,3.143,17.1,0.0,seasonal
MAC004903,2013-07-05,2.996,18.3,0.0,seasonal
MAC004903,2013-07-06,3.081,18.9,0.0,seasonal
MAC004903,2013-07-07,2.738,20.5,0.0,seasonal
MAC004903,2013-07-08,2.856,18.9,0.0,seasonal
MAC004903,2013-07-09,3.111,18.1,0.0,seasonal
MAC004903,2013-07-10,2.91,17.2,0.0,seasonal
MAC004903,2013-07-11,2.839,15.2,0.3,seasonal
MAC004903,2013-07-12,2.903,17.0,0.0,seasonal
MAC004903,2013-07-13,3.292,21.6,0.0,seasonal
MAC004903,2013-07-14,3.009,22.1,0.0,seasonal
MAC004903,2013-07-15,2.64,21.8,0.0,seasonal
MAC004903,2013-07-16,3.597,22.8,0.0,seasonal
MAC004903,2013-07-17,2.888,22.9,0.0,seasonal
MAC004903,2013-07-18,1.058,21.2,0.0,seasonal
MAC004903,2013-07-19,4.393,20.3,0.0,seasonal
MAC004903,2013-07-20,2.925,18.8,0.0,seasonal
MAC004903,2013-07-21,3.11,20.2,0.0,seasonal
MAC004903,2013-07-22,3.22,23.8,0.0,seasonal
MAC004903,2013-07-23,1.258,23.1,0.0,seasonal
MAC004903,2013-07-24,1.363,20.5,0.0,seasonal
MAC004903,2013-07-25,5.774,19.8,0.0,seasonal
MAC004903,2013-07-26,3.106,19.6,0.0,seasonal
MAC004903,2013-07-27,3.053,20.0,0.0,seasonal
MAC004903,2013-07-28,2.749,18.7,0.0,seasonal
MAC004903,2013-07-29,2.888,17.9,0.0,seasonal
MAC004903,2013-07-30,2.88,16.8,0.0,seasonal
MAC004903,2013-07-31,2.857,18.6,0.0,seasonal
MAC004903,2013-08-01,3.106,22.8,0.0,seasonal
MAC004903,2013-08-02,2.581,19.6,0.0,seasonal
MAC004903,2013-08-03,3.392,18.1,0.0,seasonal
MAC004903,2013-08-04,2.91,17.9,0.0,seasonal
MAC004903,2013-08-05,2.83,18.3,0.0,seasonal
MAC004903,2013-08-06,2.905,16.8,0.0,seasonal
MAC004903,2013-08-07,2.69,17.3,0.0,seasonal
MAC004903,2013-08-08,2.941,16.6,0.0,seasonal
MAC004903,2013-08-09,2.622,18.3,0.0,seasonal
MAC004903,2013-08-10,2.957,16.9,0.0,seasonal
MAC004903,2013-08-11,2.798,18.2,0.0,seasonal
MAC004903,2013-08-12,2.861,16.3,0.0,seasonal
MAC004903,2013-08-13,3.824,15.3,0.2,seasonal
MAC004903,2013-08-14,2.991,16.4,0.0,seasonal
MAC004903,2013-08-15,2.615,19.2,0.0,seasonal
MAC004903,2013-08-16,2.785,17.9,0.0,seasonal
MAC004903,2013-08-17,3.007,16.6,0.0,seasonal
MAC004903,2013-08-18,3.585,18.8,0.0,seasonal
MAC004903,2013-08-19,2.084,17.0,0.0,seasonal
MAC004903,2013-08-20,3.059,17.6,0.0,seasonal
MAC004903,2013-08-21,2.867,18.1,0.0,seasonal
MAC004903,2013-08-22,3.072,18.7,0.0,seasonal
MAC004903,2013-08-23,2.699,20.0,0.0,seasonal
MAC004903,2013-08-24,3.096,17.0,0.0,seasonal
MAC004903,2013-08-25,2.914,17.1,0.0,seasonal
MAC004903,2013-08-26,2.747,18.2,0.0,seasonal
MAC004903,2013-08-27,3.441,16.1,0.0,seasonal
MAC004903,2013-08-28,2.552,16.1,0.0,seasonal
MAC004903,2013-08-29,2.806,17.9,0.0,seasonal
MAC004903,2013-08-30,2.555,18.3,0.0,seasonal
MAC004903,2013-08-31,3.039,16.3,0.0,seasonal
MAC004903,2013-09-01,3.011,14.7,0.8,seasonal
MAC004903,2013-09-02,2.963,16.8,0.0,seasonal
MAC004903,2013-09-03,3.177,18.5,0.0,seasonal
MAC004903,2013-09-04,2.529,18.7,0.0,seasonal
MAC004903,2013-09-05,2.798,20.4,0.0,seasonal
MAC004903,2013-09-06,2.725,15.4,0.1,seasonal
MAC004903,2013-09-07,3.264,13.6,1.9,seasonal
MAC004903,2013-09-08,2.925,11.8,3.7,seasonal
MAC004903,2013-09-09,3.246,11.6,3.9,seasonal
MAC004903,2013-09-10,3.528,12.5,3.0,seasonal
MAC004903,2013-09-11,4.218,13.5,2.0,seasonal
MAC004903,2013-09-12,2.862,14.1,1.4,seasonal
MAC004903,2013-09-13,3.151,16.2,0.0,seasonal
MAC004903,2013-09-14,3.495,11.7,3.8,seasonal
MAC004903,2013-09-15,2.91,11.3,4.2,seasonal
MAC004903,2013-09-16,3.249,11.2,4.3,seasonal
MAC004903,2013-09-17,11.326,11.0,4.5,seasonal
MAC004903,2013-09-18,10.209,12.3,3.2,seasonal
MAC004903,2013-09-19,9.942,12.0,3.5,seasonal
MAC004903,2013-09-20,2.975,13.4,2.1,seasonal
MAC004903,2013-09-21,2.921,13.5,2.0,seasonal
MAC004903,2013-09-22,3.292,16.8,0.0,seasonal
MAC004903,2013-09-23,3.508,16.6,0.0,seasonal
MAC004903,2013-09-24,3.592,15.1,0.4,seasonal
MAC004903,2013-09-25,3.0,15.7,0.0,seasonal
MAC004903,2013-09-26,3.106,14.5,1.0,seasonal
MAC004903,2013-09-27,2.941,12.6,2.9,seasonal
MAC004903,2013-09-28,3.53,14.3,1.2,seasonal
MAC004903,2013-09-29,2.853,14.3,1.2,seasonal
MAC004903,2013-09-30,3.284,14.9,0.6,seasonal
MAC004903,2013-10-01,11.84,14.3,1.2,seasonal
MAC004903,2013-10-02,2.898,15.4,0.1,seasonal
MAC004903,2013-10-03,2.929,16.1,0.0,seasonal
MAC004903,2013-10-04,3.075,17.3,0.0,seasonal
MAC004903,2013-10-05,2.874,15.3,0.2,seasonal
MAC004903,2013-10-06,3.291,13.8,1.7,seasonal
MAC004903,2013-10-07,3.02,13.3,2.2,seasonal
MAC004903,2013-10-08,3.106,15.6,0.0,seasonal
MAC004903,2013-10-09,2.922,13.6,1.9,seasonal
MAC004903,2013-10-10,3.158,9.3,6.2,seasonal
MAC004903,2013-10-11,14.42,11.1,4.4,seasonal
MAC004903,2013-10-12,12.781,11.4,4.1,seasonal
MAC004903,2013-10-13,12.937,9.6,5.9,seasonal
MAC004903,2013-10-14,13.022,9.1,6.4,seasonal
MAC004903,2013-10-15,13.428,9.5,6.0,seasonal
MAC004903,2013-10-16,12.483,9.7,5.8,seasonal
MAC004903,2013-10-17,9.41,13.2,2.3,seasonal
MAC004903,2013-10-18,3.163,12.6,2.9,seasonal
MAC004903,2013-10-19,3.265,13.9,1.6,seasonal
MAC004903,2013-10-20,3.245,13.4,2.1,seasonal
MAC004903,2013-10-21,3.251,14.8,0.7,seasonal
MAC004903,2013-10-22,3.702,16.0,0.0,seasonal
MAC004903,2013-10-23,2.845,13.9,1.6,seasonal
MAC004903,2013-10-24,3.076,11.1,4.4,seasonal
MAC004903,2013-10-25,3.399,15.3,0.2,seasonal
MAC004903,2013-10-26,3.319,15.0,0.5,seasonal
MAC004903,2013-10-27,3.639,13.5,2.0,seasonal
MAC004903,2013-10-28,15.359,12.7,2.8,seasonal
MAC004903,2013-10-29,13.107,9.1,6.4,seasonal
MAC004903,2013-10-30,12.78,9.0,6.5,seasonal
MAC004903,2013-10-31,12.762,12.5,3.0,seasonal
MAC004903,2013-11-01,12.392,12.0,3.5,seasonal
MAC004903,2013-11-02,12.681,11.5,4.0,seasonal
MAC004903,2013-11-03,15.193,8.7,6.8,seasonal
MAC004903,2013-11-04,14.956,7.4,8.1,seasonal
MAC004903,2013-11-05,15.345,7.6,7.9,seasonal
MAC004903,2013-11-06,14.761,10.4,5.1,seasonal
MAC004903,2013-11-07,15.172,10.4,5.1,seasonal
MAC004903,2013-11-08,15.431,7.5,8.0,seasonal
MAC004903,2013-11-09,15.653,5.4,10.1,seasonal
MAC004903,2013-11-10,15.498,5.2,10.3,seasonal
MAC004903,2013-11-11,15.874,8.5,7.0,seasonal
MAC004903,2013-11-12,16.125,10.0,5.5,seasonal
MAC004903,2013-11-13,15.624,5.1,10.4,seasonal
MAC004903,2013-11-14,21.64,7.2,8.3,seasonal
MAC004903,2013-11-15,20.148,4.8,10.7,seasonal
MAC004903,2013-11-16,17.901,4.0,11.5,seasonal
MAC004903,2013-11-17,17.97,6.0,9.5,seasonal
MAC004903,2013-11-18,17.95,7.8,7.7,seasonal
MAC004903,2013-11-19,18.812,2.9,12.6,seasonal
MAC004903,2013-11-20,21.276,2.3,13.2,seasonal
MAC004903,2013-11-21,27.381,4.5,11.0,seasonal
MAC004903,2013-11-22,26.644,4.8,10.7,seasonal
MAC004903,2013-11-23,26.088,4.6,10.9,seasonal
MAC004903,2013-11-24,25.178,4.6,10.9,seasonal
MAC004903,2013-11-25,21.333,4.0,11.5,seasonal
MAC004903,2013-11-26,22.842,2.5,13.0,seasonal
MAC004903,2013-11-27,20.816,6.4,9.1,seasonal
MAC004903,2013-11-28,21.285,7.2,8.3,seasonal
MAC004903,2013-11-29,24.156,7.3,8.2,seasonal
MAC004903,2013-11-30,20.931,5.3,10.2,seasonal
MAC004903,2013-12-01,20.872,3.7,11.8,seasonal
MAC004903,2013-12-02,18.506,5.5,10.0,seasonal
MAC004903,2013-12-03,21.197,3.2,12.3,seasonal
MAC004903,2013-12-04,19.467,4.4,11.1,seasonal
MAC004903,2013-12-05,19.481,4.4,11.1,seasonal
MAC004903,2013-12-06,19.092,4.3,11.2,seasonal
MAC004903,2013-12-07,20.089,5.9,9.6,seasonal
MAC004903,2013-12-08,18.947,7.3,8.2,seasonal
MAC004903,2013-12-09,19.278,6.7,8.8,seasonal
MAC004903,2013-12-10,20.137,3.9,11.6,seasonal
MAC004903,2013-12-11,19.177,2.8,12.7,seasonal
MAC004903,2013-12-12,19.511,5.2,10.3,seasonal
MAC004903,2013-12-13,37.403,8.7,6.8,seasonal
MAC004903,2013-12-14,23.332,7.3,8.2,seasonal
MAC004903,2013-12-15,18.449,10.7,4.8,seasonal
MAC004903,2013-12-16,19.923,11.4,4.1,seasonal
MAC004903,2013-12-17,18.98,6.3,9.2,seasonal
MAC004903,2013-12-18,18.842,8.1,7.4,seasonal
MAC004903,2013-12-19,19.158,6.1,9.4,seasonal
MAC004903,2013-12-20,19.014001,5.4,10.1,seasonal
MAC004903,2013-12-21,20.013,10.2,5.3,seasonal
MAC004903,2013-12-22,19.535,7.1,8.4,seasonal
MAC004903,2013-12-23,18.986,8.1,7.4,seasonal
MAC004903,2013-12-24,15.857,8.5,7.0,seasonal
MAC004903,2013-12-25,16.31,4.7,10.8,seasonal
MAC004903,2013-12-26,16.062,4.1,11.4,seasonal
MAC004903,2013-12-27,20.981,9.0,6.5,seasonal
MAC004903,2013-12-28,19.263,4.8,10.7,seasonal
MAC004903,2013-12-29,25.726,2.3,13.2,seasonal
MAC004903,2013-12-30,25.26,7.8,7.7,seasonal
MAC004954,2013-01-01,29.23,5.8,9.7,seasonal
MAC004954,2013-01-02,26.855,6.2,9.3,seasonal
MAC004954,2013-01-03,24.82,10.2,5.3,seasonal
MAC004954,2013-01-04,26.201,8.8,6.7,seasonal
MAC004954,2013-01-05,26.627,8.6,6.9,seasonal
MAC004954,2013-01-06,28.823,7.0,8.5,seasonal
MAC004954,2013-01-07,28.792,7.6,7.9,seasonal
MAC004954,2013-01-08,24.31,8.9,6.6,seasonal
MAC004954,2013-01-09,32.31,6.8,8.7,seasonal
MAC004954,2013-01-10,35.804,1.8,13.7,seasonal
MAC004954,2013-01-11,35.136,2.7,12.8,seasonal
MAC004954,2013-01-12,38.332,2.7,12.8,seasonal
MAC004954,2013-01-13,38.834,1.1,14.4,seasonal
MAC004954,2013-01-14,39.767,0.2,15.3,seasonal
MAC004954,2013-01-15,40.903999,0.6,14.9,seasonal
MAC004954,2013-01-16,43.476,-2.2,17.7,seasonal
MAC004954,2013-01-17,41.196,-2.2,17.7,seasonal
MAC004954,2013-01-18,42.414,-1.4,16.9,seasonal
MAC004954,2013-01-19,41.356,-0.2,15.7,seasonal
MAC004954,2013-01-20,40.89,-1.2,16.7,seasonal
MAC004954,2013-01-21,42.445999,-1.5,17.0,seasonal
MAC004954,2013-01-22,39.939,-1.5,17.0,seasonal
MAC004954,2013-01-23,38.227,0.9,14.6,seasonal
MAC004954,2013-01-24,32.81,-0.3,15.8,seasonal
MAC004954,2013-01-25,34.781,-1.5,17.0,seasonal
MAC004954,2013-01-26,32.932,3.3,12.2,seasonal
MAC004954,2013-01-27,30.684,7.6,7.9,seasonal
MAC004954,2013-01-28,27.971,5.8,9.7,seasonal
MAC004954,2013-01-29,24.725,10.9,4.6,seasonal
MAC004954,2013-01-30,26.644,10.1,5.4,seasonal
MAC004954,2013-01-31,27.486,8.2,7.3,seasonal
MAC004954,2013-02-01,32.264,5.4,10.1,seasonal
MAC004954,2013-02-02,37.801,2.7,12.8,seasonal
MAC004954,2013-02-03,31.361,3.6,11.9,seasonal
MAC004954,2013-02-04,33.104,7.9,7.6,seasonal
MAC004954,2013-02-05,33.832,3.6,11.9,seasonal
MAC004954,2013-02-06,36.805,3.5,12.0,seasonal
MAC004954,2013-02-07,35.809,1.9,13.6,seasonal
MAC004954,2013-02-08,35.401,1.2,14.3,seasonal
MAC004954,2013-02-09,34.223,1.6,13.9,seasonal
MAC004954,2013-02-10,36.155,2.6,12.9,seasonal
MAC004954,2013-02-11,38.096,1.1,14.4,seasonal
MAC004954,2013-02-12,38.675,1.1,14.4,seasonal
MAC004954,2013-02-13,37.424,0.5,15.0,seasonal
MAC004954,2013-02-14,32.468,6.5,9.0,seasonal
MAC004954,2013-02-15,31.725,4.4,11.1,seasonal
MAC004954,2013-02-16,31.866,5.0,10.5,seasonal
MAC004954,2013-02-17,32.215,3.5,12.0,seasonal
MAC004954,2013-02-18,35.455,3.3,12.2,seasonal
MAC004954,2013-02-19,33.641,0.8,14.7,seasonal
MAC004954,2013-02-20,38.732,2.0,13.5,seasonal
MAC004954,2013-02-21,39.854,0.7,14.8,seasonal
MAC004954,2013-02-22,40.709,0.3,15.2,seasonal
MAC004954,2013-02-23,40.844999,0.3,15.2,seasonal
MAC004954,2013-02-24,40.057,0.4,15.1,seasonal
MAC004954,2013-02-25,38.831,2.5,13.0,seasonal
MAC004954,2013-02-26,33.429,3.5,12.0,seasonal
MAC004954,2013-02-27,35.286,3.0,12.5,seasonal
MAC004954,2013-02-28,33.7,3.5,12.0,seasonal
MAC004954,2013-03-01,34.073001,3.9,11.6,seasonal
MAC004954,2013-03-02,35.38,2.3,13.2,seasonal
MAC004954,2013-03-03,32.469,2.6,12.9,seasonal
MAC004954,2013-03-04,29.977,3.6,11.9,seasonal
MAC004954,2013-03-05,27.282,5.8,9.7,seasonal
MAC004954,2013-03-06,25.43,7.4,8.1,seasonal
MAC004954,2013-03-07,25.444,8.0,7.5,seasonal
MAC004954,2013-03-08,30.417,8.5,7.0,seasonal
MAC004954,2013-03-09,31.592,6.0,9.5,seasonal
MAC004954,2013-03-10,38.19,2.1,13.4,seasonal
MAC004954,2013-03-11,41.42,-0.2,15.7,seasonal
MAC004954,2013-03-12,34.273,0.1,15.4,seasonal
MAC004954,2013-03-13,36.498,1.9,13.6,seasonal
MAC004954,2013-03-14,30.66,1.0,14.5,seasonal
MAC004954,2013-03-15,33.678,4.3,11.2,seasonal
MAC004954,2013-03-16,34.525,6.1,9.4,seasonal
MAC004954,2013-03-17,33.099,4.7,10.8,seasonal
MAC004954,2013-03-18,30.625,3.2,12.3,seasonal
MAC004954,2013-03-19,31.658,3.3,12.2,seasonal
MAC004954,2013-03-20,33.014,3.2,12.3,seasonal
MAC004954,2013-03-21,35.282,3.1,12.4,seasonal
MAC004954,2013-03-22,36.018,3.2,12.3,seasonal
MAC004954,2013-03-23,38.635,1.6,13.9,seasonal
MAC004954,2013-03-24,39.621,0.1,15.4,seasonal
MAC004954,2013-03-25,39.408,0.4,15.1,seasonal
MAC004954,2013-03-26,40.279,0.3,15.2,seasonal
MAC004954,2013-03-27,39.426,0.8,14.7,seasonal
MAC004954,2013-03-28,38.649,1.0,14.5,seasonal
MAC004954,2013-03-29,37.367,0.2,15.3,seasonal
MAC004954,2013-03-30,37.842,1.2,14.3,seasonal
MAC004954,2013-03-31,38.829,0.5,15.0,seasonal
MAC004954,2013-04-01,36.711,1.8,13.7,seasonal
MAC004954,2013-04-02,32.919,2.6,12.9,seasonal
MAC004954,2013-04-03,36.057,1.7,13.8,seasonal
MAC004954,2013-04-04,36.697999,1.9,13.6,seasonal
MAC004954,2013-04-05,33.4,3.3,12.2,seasonal
MAC004954,2013-04-06,30.650999,3.5,12.0,seasonal
MAC004954,2013-04-07,28.656,3.2,12.3,seasonal
MAC004954,2013-04-08,26.456,4.9,10.6,seasonal
MAC004954,2013-04-09,25.061,4.8,10.7,seasonal
MAC004954,2013-04-10,19.854,6.1,9.4,seasonal
MAC004954,2013-04-11,20.77,7.1,8.4,seasonal
MAC004954,2013-04-12,19.913,8.4,7.1,seasonal
MAC004954,2013-04-13,2.755,8.2,7.3,seasonal
MAC004954,2013-04-14,2.779,13.4,2.1,seasonal
MAC004954,2013-04-15,2.689,11.5,4.0,seasonal
MAC004954,2013-04-16,3.027,11.3,4.2,seasonal
MAC004954,2013-04-17,2.81,11.8,3.7,seasonal
MAC004954,2013-04-18,2.88,10.1,5.4,seasonal
MAC004954,2013-04-19,36.863,8.4,7.1,seasonal
MAC004954,2013-04-20,24.106,5.9,9.6,seasonal
MAC004954,2013-04-21,14.338,7.0,8.5,seasonal
MAC004954,2013-04-22,16.412,9.3,6.2,seasonal
MAC004954,2013-04-23,4.05,13.1,2.4,seasonal
MAC004954,2013-04-24,2.79,12.5,3.0,seasonal
MAC004954,2013-04-25,2.644,14.2,1.3,seasonal
MAC004954,2013-04-26,4.603,8.9,6.6,seasonal
MAC004954,2013-04-27,33.488,6.0,9.5,seasonal
MAC004954,2013-04-28,23.019,6.2,9.3,seasonal
MAC004954,2013-04-29,19.273,9.2,6.3,seasonal
MAC004954,2013-04-30,17.522,7.9,7.6,seasonal
MAC004954,2013-05-01,17.029,8.4,7.1,seasonal
MAC004954,2013-05-02,13.762,9.1,6.4,seasonal
MAC004954,2013-05-03,3.356,11.1,4.4,seasonal
MAC004954,2013-05-04,2.783,10.9,4.6,seasonal
MAC004954,2013-05-05,4.231,11.4,4.1,seasonal
MAC004954,2013-05-06,2.513,13.2,2.3,seasonal
MAC004954,2013-05-07,2.678,13.8,1.7,seasonal
MAC004954,2013-05-08,2.765,12.9,2.6,seasonal
MAC004954,2013-05-09,2.849,10.5,5.0,seasonal
MAC004954,2013-05-10,4.636,12.4,3.1,seasonal
MAC004954,2013-05-11,3.035,10.4,5.1,seasonal
MAC004954,2013-05-12,32.932,9.6,5.9,seasonal
MAC004954,2013-05-13,22.985,11.0,4.5,seasonal
MAC004954,2013-05-14,24.213,8.6,6.9,seasonal
MAC004954,2013-05-15,25.184999,9.1,6.4,seasonal
MAC004954,2013-05-16,19.361,9.5,6.0,seasonal
MAC004954,2013-05-17,21.275,9.1,6.4,seasonal
MAC004954,2013-05-18,25.284,10.9,4.6,seasonal
MAC004954,2013-05-19,6.698,12.7,2.8,seasonal
MAC004954,2013-05-20,14.514,13.4,2.1,seasonal
MAC004954,2013-05-21,11.527,12.9,2.6,seasonal
MAC004954,2013-05-22,26.255,11.4,4.1,seasonal
MAC004954,2013-05-23,26.134,8.1,7.4,seasonal
MAC004954,2013-05-24,14.341,7.1,8.4,seasonal
MAC004954,2013-05-25,4.509,9.5,6.0,seasonal
MAC004954,2013-05-26,2.982,11.5,4.0,seasonal
MAC004954,2013-05-27,2.965,11.0,4.5,seasonal
MAC004954,2013-05-28,3.076,10.8,4.7,seasonal
MAC004954,2013-05-29,2.869,10.7,4.8,seasonal
MAC004954,2013-05-30,2.789,12.4,3.1,seasonal
MAC004954,2013-05-31,3.139,14.5,1.0,seasonal
MAC004954,2013-06-01,2.612,12.9,2.6,seasonal
MAC004954,2013-06-02,2.936,12.8,2.7,seasonal
MAC004954,2013-06-03,2.746,11.9,3.6,seasonal
MAC004954,2013-06-04,2.783,12.1,3.4,seasonal
MAC004954,2013-06-05,2.895,12.6,2.9,seasonal
MAC004954,2013-06-06,2.95,13.3,2.2,seasonal
MAC004954,2013-06-07,2.998,14.1,1.4,seasonal
MAC004954,2013-06-08,2.773,12.4,3.1,seasonal
MAC004954,2013-06-09,2.872,12.5,3.0,seasonal
MAC004954,2013-06-10,2.836,12.4,3.1,seasonal
MAC004954,2013-06-11,2.878,13.3,2.2,seasonal
MAC004954,2013-06-12,2.712,15.2,0.3,seasonal
MAC004954,2013-06-13,3.039,14.6,0.9,seasonal
MAC004954,2013-06-14,2.887,13.5,2.0,seasonal
MAC004954,2013-06-15,4.586,13.9,1.6,seasonal
MAC004954,2013-06-16,2.686,13.5,2.0,seasonal
MAC004954,2013-06-17,2.582,14.9,0.6,seasonal
MAC004954,2013-06-18,2.645,17.2,0.0,seasonal
MAC004954,2013-06-19,2.439,19.0,0.0,seasonal
MAC004954,2013-06-20,2.354,17.3,0.0,seasonal
MAC004954,2013-06-21,3.887,16.6,0.0,seasonal
MAC004954,2013-06-22,2.431,14.3,1.2,seasonal
MAC004954,2013-06-23,2.366,14.8,0.7,seasonal
MAC004954,2013-06-24,2.604,12.8,2.7,seasonal
MAC004954,2013-06-25,2.546,14.1,1.4,seasonal
MAC004954,2013-06-26,2.64,16.0,0.0,seasonal
MAC004954,2013-06-27,2.174,14.5,1.0,seasonal
MAC004954,2013-06-28,2.77,15.4,0.1,seasonal
MAC004954,2013-06-29,2.98,15.8,0.0,seasonal
MAC004954,2013-06-30,1.994,18.5,0.0,seasonal
MAC004954,2013-07-01,2.246,16.3,0.0,seasonal
MAC004954,2013-07-02,2.413,14.5,1.0,seasonal
MAC004954,2013-07-03,2.641,16.4,0.0,seasonal
MAC004954,2013-07-04,2.592,17.1,0.0,seasonal
MAC004954,2013-07-05,2.219,18.3,0.0,seasonal
MAC004954,2013-07-06,3.25,18.9,0.0,seasonal
MAC004954,2013-07-07,1.84,20.5,0.0,seasonal
MAC004954,2013-07-08,2.196,18.9,0.0,seasonal
MAC004954,2013-07-09,2.505,18.1,0.0,seasonal
MAC004954,2013-07-10,2.021,17.2,0.0,seasonal
MAC004954,2013-07-11,2.336,15.2,0.3,seasonal
MAC004954,2013-07-12,2.95,17.0,0.0,seasonal
MAC004954,2013-07-13,2.964,21.6,0.0,seasonal
MAC004954,2013-07-14,2.008,22.1,0.0,seasonal
MAC004954,2013-07-15,2.302,21.8,0.0,seasonal
MAC004954,2013-07-16,2.128,22.8,0.0,seasonal
MAC004954,2013-07-17,1.806,22.9,0.0,seasonal
MAC004954,2013-07-18,2.154,21.2,0.0,seasonal
MAC004954,2013-07-19,2.281,20.3,0.0,seasonal
MAC004954,2013-07-20,3.293,18.8,0.0,seasonal
MAC004954,2013-07-21,2.209,20.2,0.0,seasonal
MAC004954,2013-07-22,2.441,23.8,0.0,seasonal
MAC004954,2013-07-23,2.208,23.1,0.0,seasonal
MAC004954,2013-07-24,2.295,20.5,0.0,seasonal
MAC004954,2013-07-25,2.306,19.8,0.0,seasonal
MAC004954,2013-07-26,3.771,19.6,0.0,seasonal
MAC004954,2013-07-27,2.285,20.0,0.0,seasonal
MAC004954,2013-07-28,2.205,18.7,0.0,seasonal
MAC004954,2013-07-29,2.244,17.9,0.0,seasonal
MAC004954,2013-07-30,2.336,16.8,0.0,seasonal
MAC004954,2013-07-31,2.638,18.6,0.0,seasonal
MAC004954,2013-08-01,2.132,22.8,0.0,seasonal
MAC004954,2013-08-02,2.255,19.6,0.0,seasonal
MAC004954,2013-08-03,3.1,18.1,0.0,seasonal
MAC004954,2013-08-04,2.111,17.9,0.0,seasonal
MAC004954,2013-08-05,2.269,18.3,0.0,seasonal
MAC004954,2013-08-06,2.261,16.8,0.0,seasonal
MAC004954,2013-08-07,2.584,17.3,0.0,seasonal
MAC004954,2013-08-08,2.447,16.6,0.0,seasonal
MAC004954,2013-08-09,3.068,18.3,0.0,seasonal
MAC004954,2013-08-10,3.172,16.9,0.0,seasonal
MAC004954,2013-08-11,2.258,18.2,0.0,seasonal
MAC004954,2013-08-12,2.502,16.3,0.0,seasonal
MAC004954,2013-08-13,2.561,15.3,0.2,seasonal
MAC004954,2013-08-14,2.205,16.4,0.0,seasonal
MAC004954,2013-08-15,2.549,19.2,0.0,seasonal
MAC004954,2013-08-16,3.777,17.9,0.0,seasonal
MAC004954,2013-08-17,2.47,16.6,0.0,seasonal
MAC004954,2013-08-18,2.276,18.8,0.0,seasonal
MAC004954,2013-08-19,2.522,17.0,0.0,seasonal
MAC004954,2013-08-20,2.419,17.6,0.0,seasonal
MAC004954,2013-08-21,2.357,18.1,0.0,seasonal
MAC004954,2013-08-22,2.68,18.7,0.0,seasonal
MAC004954,2013-08-23,2.329,20.0,0.0,seasonal
MAC004954,2013-08-24,2.153,17.0,0.0,seasonal
MAC004954,2013-08-25,3.831,17.1,0.0,seasonal
MAC004954,2013-08-26,2.213,18.2,0.0,seasonal
MAC004954,2013-08-27,2.413,16.1,0.0,seasonal
MAC004954,2013-08-28,2.347,16.1,0.0,seasonal
MAC004954,2013-08-29,2.489,17.9,0.0,seasonal
MAC004954,2013-08-30,2.85,18.3,0.0,seasonal
MAC004954,2013-08-31,2.208,16.3,0.0,seasonal
MAC004954,2013-09-01,2.358,14.7,0.8,seasonal
MAC004954,2013-09-02,2.351,16.8,0.0,seasonal
MAC004954,2013-09-03,2.536,18.5,0.0,seasonal
MAC004954,2013-09-04,3.107,18.7,0.0,seasonal
MAC004954,2013-09-05,2.341,20.4,0.0,seasonal
MAC004954,2013-09-06,2.357,15.4,0.1,seasonal
MAC004954,2013-09-07,3.976,13.6,1.9,seasonal
MAC004954,2013-09-08,2.275,11.8,3.7,seasonal
MAC004954,2013-09-09,2.82,11.6,3.9,seasonal
MAC004954,2013-09-10,2.723,12.5,3.0,seasonal
MAC004954,2013-09-11,18.938,13.5,2.0,seasonal
MAC004954,2013-09-12,10.085,14.1,1.4,seasonal
MAC004954,2013-09-13,14.253,16.2,0.0,seasonal
MAC004954,2013-09-14,25.016999,11.7,3.8,seasonal
MAC004954,2013-09-15,12.819,11.3,4.2,seasonal
MAC004954,2013-09-16,16.599,11.2,4.3,seasonal
MAC004954,2013-09-17,15.977,11.0,4.5,seasonal
MAC004954,2013-09-18,16.181,12.3,3.2,seasonal
MAC004954,2013-09-19,14.608,12.0,3.5,seasonal
MAC004954,2013-09-20,12.052,13.4,2.1,seasonal
MAC004954,2013-09-21,13.011,13.5,2.0,seasonal
MAC004954,2013-09-22,10.167,16.8,0.0,seasonal
MAC004954,2013-09-23,11.615,16.6,0.0,seasonal
MAC004954,2013-09-24,10.06,15.1,0.4,seasonal
MAC004954,2013-09-25,7.241,15.7,0.0,seasonal
MAC004954,2013-09-26,11.091,14.5,1.0,seasonal
MAC004954,2013-09-27,11.986,12.6,2.9,seasonal
MAC004954,2013-09-28,10.352,14.3,1.2,seasonal
MAC004954,2013-09-29,9.287,14.3,1.2,seasonal
MAC004954,2013-09-30,11.183,14.9,0.6,seasonal
MAC004954,2013-10-01,9.883,14.3,1.2,seasonal
MAC004954,2013-10-02,10.006,15.4,0.1,seasonal
MAC004954,2013-10-03,9.787,16.1,0.0,seasonal
MAC004954,2013-10-04,9.402,17.3,0.0,seasonal
MAC004954,2013-10-05,10.627,15.3,0.2,seasonal
MAC004954,2013-10-06,10.945,13.8,1.7,seasonal
MAC004954,2013-10-07,12.881,13.3,2.2,seasonal
MAC004954,2013-10-08,8.791,15.6,0.0,seasonal
MAC004954,2013-10-09,21.719,13.6,1.9,seasonal
MAC004954,2013-10-10,20.879,9.3,6.2,seasonal
MAC004954,2013-10-11,20.63,11.1,4.4,seasonal
MAC004954,2013-10-12,21.541,11.4,4.1,seasonal
MAC004954,2013-10-13,20.939,9.6,5.9,seasonal
MAC004954,2013-10-14,20.925,9.1,6.4,seasonal
MAC004954,2013-10-15,18.811,9.5,6.0,seasonal
MAC004954,2013-10-16,17.385,9.7,5.8,seasonal
MAC004954,2013-10-17,15.681,13.2,2.3,seasonal
MAC004954,2013-10-18,14.651,12.6,2.9,seasonal
MAC004954,2013-10-19,15.189,13.9,1.6,seasonal
MAC004954,2013-10-20,14.338,13.4,2.1,seasonal
MAC004954,2013-10-21,13.203,14.8,0.7,seasonal
MAC004954,2013-10-22,13.63,16.0,0.0,seasonal
MAC004954,2013-10-23,16.768,13.9,1.6,seasonal
MAC004954,2013-10-24,14.911,11.1,4.4,seasonal
MAC004954,2013-10-25,15.4,15.3,0.2,seasonal
MAC004954,2013-10-26,8.36,15.0,0.5,seasonal
MAC004954,2013-10-27,15.405,13.5,2.0,seasonal
MAC004954,2013-10-28,24.664,12.7,2.8,seasonal
MAC004954,2013-10-29,27.598,9.1,6.4,seasonal
MAC004954,2013-10-30,15.376,9.0,6.5,seasonal
MAC004954,2013-10-31,16.685,12.5,3.0,seasonal
MAC004954,2013-11-01,15.891,12.0,3.5,seasonal
MAC004954,2013-11-02,26.012,11.5,4.0,seasonal
MAC004954,2013-11-03,23.754001,8.7,6.8,seasonal
MAC004954,2013-11-04,24.959,7.4,8.1,seasonal
MAC004954,2013-11-05,23.264,7.6,7.9,seasonal
MAC004954,2013-11-06,20.941,10.4,5.1,seasonal
MAC004954,2013-11-07,24.692,10.4,5.1,seasonal
MAC004954,2013-11-08,26.289,7.5,8.0,seasonal
MAC004954,2013-11-09,27.418,5.4,10.1,seasonal
MAC004954,2013-11-10,33.242,5.2,10.3,seasonal
MAC004954,2013-11-11,20.696,8.5,7.0,seasonal
MAC004954,2013-11-12,28.988,10.0,5.5,seasonal
MAC004954,2013-11-13,28.851,5.1,10.4,seasonal
MAC004954,2013-11-14,30.241,7.2,8.3,seasonal
MAC004954,2013-11-15,32.098,4.8,10.7,seasonal
MAC004954,2013-11-16,28.301,4.0,11.5,seasonal
MAC004954,2013-11-17,28.325,6.0,9.5,seasonal
MAC004954,2013-11-18,30.462,7.8,7.7,seasonal
MAC004954,2013-11-19,33.241,2.9,12.6,seasonal
MAC004954,2013-11-20,33.266,2.3,13.2,seasonal
MAC004954,2013-11-21,33.258,4.5,11.0,seasonal
MAC004954,2013-11-22,32.423001,4.8,10.7,seasonal
MAC004954,2013-11-23,31.473001,4.6,10.9,seasonal
MAC004954,2013-11-24,30.756,4.6,10.9,seasonal
MAC004954,2013-11-25,31.282,4.0,11.5,seasonal
MAC004954,2013-11-26,30.933,2.5,13.0,seasonal
MAC004954,2013-11-27,27.976999,6.4,9.1,seasonal
MAC004954,2013-11-28,28.312,7.2,8.3,seasonal
MAC004954,2013-11-29,29.853,7.3,8.2,seasonal
MAC004954,2013-11-30,30.979,5.3,10.2,seasonal
MAC004954,2013-12-01,28.35,3.7,11.8,seasonal
MAC004954,2013-12-02,28.14,5.5,10.0,seasonal
MAC004954,2013-12-03,29.936,3.2,12.3,seasonal
MAC004954,2013-12-04,33.835,4.4,11.1,seasonal
MAC004954,2013-12-05,33.03,4.4,11.1,seasonal
MAC004954,2013-12-06,30.727,4.3,11.2,seasonal
MAC004954,2013-12-07,31.677,5.9,9.6,seasonal
MAC004954,2013-12-08,28.827,7.3,8.2,seasonal
MAC004954,2013-12-09,29.936,6.7,8.8,seasonal
MAC004954,2013-12-10,33.000001,3.9,11.6,seasonal
MAC004954,2013-12-11,34.546,2.8,12.7,seasonal
MAC004954,2013-12-12,29.797,5.2,10.3,seasonal
MAC004954,2013-12-13,30.833001,8.7,6.8,seasonal
MAC004954,2013-12-14,27.558,7.3,8.2,seasonal
MAC004954,2013-12-15,26.02,10.7,4.8,seasonal
MAC004954,2013-12-16,27.343,11.4,4.1,seasonal
MAC004954,2013-12-17,29.597,6.3,9.2,seasonal
MAC004954,2013-12-18,29.711,8.1,7.4,seasonal
MAC004954,2013-12-19,31.374,6.1,9.4,seasonal
MAC004954,2013-12-20,29.763,5.4,10.1,seasonal
MAC004954,2013-12-21,30.425,10.2,5.3,seasonal
MAC004954,2013-12-22,29.961,7.1,8.4,seasonal
MAC004954,2013-12-23,28.249,8.1,7.4,seasonal
MAC004954,2013-12-24,30.969,8.5,7.0,seasonal
MAC004954,2013-12-25,32.727,4.7,10.8,seasonal
MAC004954,2013-12-26,32.019,4.1,11.4,seasonal
MAC004954,2013-12-27,32.838,9.0,6.5,seasonal
MAC004954,2013-12-28,33.271,4.8,10.7,seasonal
MAC004954,2013-12-29,32.212,2.3,13.2,seasonal
MAC004954,2013-12-30,30.032,7.8,7.7,seasonal
MAC004970,2013-01-01,32.729,5.8,9.7,seasonal
MAC004970,2013-01-02,27.809,6.2,9.3,seasonal
MAC004970,2013-01-03,29.527,10.2,5.3,seasonal
MAC004970,2013-01-04,30.222,8.8,6.7,seasonal
MAC004970,2013-01-05,28.017,8.6,6.9,seasonal
MAC004970,2013-01-06,28.652,7.0,8.5,seasonal
MAC004970,2013-01-07,27.622,7.6,7.9,seasonal
MAC004970,2013-01-08,29.814,8.9,6.6,seasonal
MAC004970,2013-01-09,31.764,6.8,8.7,seasonal
MAC004970,2013-01-10,29.115,1.8,13.7,seasonal
MAC004970,2013-01-11,32.896,2.7,12.8,seasonal
MAC004970,2013-01-12,32.533,2.7,12.8,seasonal
MAC004970,2013-01-13,34.772,1.1,14.4,seasonal
MAC004970,2013-01-14,34.542,0.2,15.3,seasonal
MAC004970,2013-01-15,38.562,0.6,14.9,seasonal
MAC004970,2013-01-16,37.607,-2.2,17.7,seasonal
MAC004970,2013-01-17,36.977,-2.2,17.7,seasonal
MAC004970,2013-01-18,39.082,-1.4,16.9,seasonal
MAC004970,2013-01-19,37.586,-0.2,15.7,seasonal
MAC004970,2013-01-20,35.647,-1.2,16.7,seasonal
MAC004970,2013-01-21,41.481,-1.5,17.0,seasonal
MAC004970,2013-01-22,36.105,-1.5,17.0,seasonal
MAC004970,2013-01-23,38.834,0.9,14.6,seasonal
MAC004970,2013-01-24,39.427,-0.3,15.8,seasonal
MAC004970,2013-01-25,32.357999,-1.5,17.0,seasonal
MAC004970,2013-01-26,31.598,3.3,12.2,seasonal
MAC004970,2013-01-27,33.440999,7.6,7.9,seasonal
MAC004970,2013-01-28,30.729,5.8,9.7,seasonal
MAC004970,2013-01-29,28.749,10.9,4.6,seasonal
MAC004970,2013-01-30,29.825,10.1,5.4,seasonal
MAC004970,2013-01-31,31.226,8.2,7.3,seasonal
MAC004970,2013-02-01,34.759,5.4,10.1,seasonal
MAC004970,2013-02-02,37.976,2.7,12.8,seasonal
MAC004970,2013-02-03,33.084,3.6,11.9,seasonal
MAC004970,2013-02-04,31.288,7.9,7.6,seasonal
MAC004970,2013-02-05,35.472,3.6,11.9,seasonal
MAC004970,2013-02-06,37.134,3.5,12.0,seasonal
MAC004970,2013-02-07,39.799,1.9,13.6,seasonal
MAC004970,2013-02-08,35.929,1.2,14.3,seasonal
MAC004970,2013-02-09,34.867,1.6,13.9,seasonal
MAC004970,2013-02-10,31.024,2.6,12.9,seasonal
MAC004970,2013-02-11,36.677,1.1,14.4,seasonal
MAC004970,2013-02-12,36.575,1.1,14.4,seasonal
MAC004970,2013-02-13,29.423,0.5,15.0,seasonal
MAC004970,2013-02-14,33.405,6.5,9.0,seasonal
MAC004970,2013-02-15,27.942,4.4,11.1,seasonal
MAC004970,2013-02-16,31.951,5.0,10.5,seasonal
MAC004970,2013-02-17,32.963,3.5,12.0,seasonal
MAC004970,2013-02-18,33.413,3.3,12.2,seasonal
MAC004970,2013-02-19,29.926,0.8,14.7,seasonal
MAC004970,2013-02-20,36.247,2.0,13.5,seasonal
MAC004970,2013-02-21,33.016,0.7,14.8,seasonal
MAC004970,2013-02-22,39.577,0.3,15.2,seasonal
MAC004970,2013-02-23,40.835,0.3,15.2,seasonal
MAC004970,2013-02-24,38.942,0.4,15.1,seasonal
MAC004970,2013-02-25,35.271,2.5,13.0,seasonal
MAC004970,2013-02-26,32.952,3.5,12.0,seasonal
MAC004970,2013-02-27,35.503001,3.0,12.5,seasonal
MAC004970,2013-02-28,33.414,3.5,12.0,seasonal
MAC004970,2013-03-01,33.118,3.9,11.6,seasonal
MAC004970,2013-03-02,35.367,2.3,13.2,seasonal
MAC004970,2013-03-03,35.366,2.6,12.9,seasonal
MAC004970,2013-03-04,33.146,3.6,11.9,seasonal
MAC004970,2013-03-05,28.742,5.8,9.7,seasonal
MAC004970,2013-03-06,29.532,7.4,8.1,seasonal
MAC004970,2013-03-07,27.633,8.0,7.5,seasonal
MAC004970,2013-03-08,27.047,8.5,7.0,seasonal
MAC004970,2013-03-09,29.607,6.0,9.5,seasonal
MAC004970,2013-03-10,33.495,2.1,13.4,seasonal
MAC004970,2013-03-11,42.548,-0.2,15.7,seasonal
MAC004970,2013-03-12,37.214,0.1,15.4,seasonal
MAC004970,2013-03-13,35.716,1.9,13.6,seasonal
MAC004970,2013-03-14,36.991,1.0,14.5,seasonal
MAC004970,2013-03-15,33.699,4.3,11.2,seasonal
MAC004970,2013-03-16,33.771,6.1,9.4,seasonal
MAC004970,2013-03-17,32.288,4.7,10.8,seasonal
MAC004970,2013-03-18,35.44,3.2,12.3,seasonal
MAC004970,2013-03-19,31.504,3.3,12.2,seasonal
MAC004970,2013-03-20,37.26,3.2,12.3,seasonal
MAC004970,2013-03-21,42.527,3.1,12.4,seasonal
MAC004970,2013-03-22,44.484,3.2,12.3,seasonal
MAC004970,2013-03-23,45.608,1.6,13.9,seasonal
MAC004970,2013-03-24,45.472,0.1,15.4,seasonal
MAC004970,2013-03-25,46.315,0.4,15.1,seasonal
MAC004970,2013-03-26,43.563,0.3,15.2,seasonal
MAC004970,2013-03-27,43.758999,0.8,14.7,seasonal
MAC004970,2013-03-28,43.939999,1.0,14.5,seasonal
MAC004970,2013-03-29,47.141,0.2,15.3,seasonal
MAC004970,2013-03-30,43.472001,1.2,14.3,seasonal
MAC004970,2013-03-31,42.511,0.5,15.0,seasonal
MAC004970,2013-04-01,44.553,1.8,13.7,seasonal
MAC004970,2013-04-02,43.179,2.6,12.9,seasonal
MAC004970,2013-04-03,43.191,1.7,13.8,seasonal
MAC004970,2013-04-04,40.635,1.9,13.6,seasonal
MAC004970,2013-04-05,41.945,3.3,12.2,seasonal
MAC004970,2013-04-06,37.274999,3.5,12.0,seasonal
MAC004970,2013-04-07,37.253,3.2,12.3,seasonal
MAC004970,2013-04-08,38.814,4.9,10.6,seasonal
MAC004970,2013-04-09,36.375,4.8,10.7,seasonal
MAC004970,2013-04-10,33.502,6.1,9.4,seasonal
MAC004970,2013-04-11,34.169,7.1,8.4,seasonal
MAC004970,2013-04-12,33.468,8.4,7.1,seasonal
MAC004970,2013-04-13,32.341,8.2,7.3,seasonal
MAC004970,2013-04-14,30.823,13.4,2.1,seasonal
MAC004970,2013-04-15,31.91,11.5,4.0,seasonal
MAC004970,2013-04-16,32.21,11.3,4.2,seasonal
MAC004970,2013-04-17,31.708,11.8,3.7,seasonal
MAC004970,2013-04-18,15.419,10.1,5.4,seasonal
MAC004970,2013-04-19,16.83,8.4,7.1,seasonal
MAC004970,2013-04-20,16.565,5.9,9.6,seasonal
MAC004970,2013-04-21,18.661,7.0,8.5,seasonal
MAC004970,2013-04-22,15.97,9.3,6.2,seasonal
MAC004970,2013-04-23,14.898,13.1,2.4,seasonal
MAC004970,2013-04-24,14.921,12.5,3.0,seasonal
MAC004970,2013-04-25,14.895,14.2,1.3,seasonal
MAC004970,2013-04-26,15.081,8.9,6.6,seasonal
MAC004970,2013-04-27,16.324,6.0,9.5,seasonal
MAC004970,2013-04-28,14.053,6.2,9.3,seasonal
MAC004970,2013-04-29,20.355,9.2,6.3,seasonal
MAC004970,2013-04-30,18.399,7.9,7.6,seasonal
MAC004970,2013-05-01,6.374,8.4,7.1,seasonal
MAC004970,2013-05-02,3.827,9.1,6.4,seasonal
MAC004970,2013-05-03,5.497,11.1,4.4,seasonal
MAC004970,2013-05-04,4.211,10.9,4.6,seasonal
MAC004970,2013-05-05,3.526,11.4,4.1,seasonal
MAC004970,2013-05-06,3.654,13.2,2.3,seasonal
MAC004970,2013-05-07,3.936,13.8,1.7,seasonal
MAC004970,2013-05-08,4.279,12.9,2.6,seasonal
MAC004970,2013-05-09,5.41,10.5,5.0,seasonal
MAC004970,2013-05-10,4.49,12.4,3.1,seasonal
MAC004970,2013-05-11,6.186,10.4,5.1,seasonal
MAC004970,2013-05-12,8.141,9.6,5.9,seasonal
MAC004970,2013-05-13,5.716,11.0,4.5,seasonal
MAC004970,2013-05-14,8.472,8.6,6.9,seasonal
MAC004970,2013-05-15,4.632,9.1,6.4,seasonal
MAC004970,2013-05-16,7.454,9.5,6.0,seasonal
MAC004970,2013-05-17,5.151,9.1,6.4,seasonal
MAC004970,2013-05-18,5.809,10.9,4.6,seasonal
MAC004970,2013-05-19,5.214,12.7,2.8,seasonal
MAC004970,2013-05-20,5.236,13.4,2.1,seasonal
MAC004970,2013-05-21,5.528,12.9,2.6,seasonal
MAC004970,2013-05-22,7.348,11.4,4.1,seasonal
MAC004970,2013-05-23,7.807,8.1,7.4,seasonal
MAC004970,2013-05-24,8.58,7.1,8.4,seasonal
MAC004970,2013-05-25,5.616,9.5,6.0,seasonal
MAC004970,2013-05-26,6.165,11.5,4.0,seasonal
MAC004970,2013-05-27,3.621,11.0,4.5,seasonal
MAC004970,2013-05-28,6.324,10.8,4.7,seasonal
MAC004970,2013-05-29,5.55,10.7,4.8,seasonal
MAC004970,2013-05-30,5.853,12.4,3.1,seasonal
MAC004970,2013-05-31,5.756,14.5,1.0,seasonal
MAC004970,2013-06-01,4.783,12.9,2.6,seasonal
MAC004970,2013-06-02,4.907,12.8,2.7,seasonal
MAC004970,2013-06-03,3.894,11.9,3.6,seasonal
MAC004970,2013-06-04,4.867,12.1,3.4,seasonal
MAC004970,2013-06-05,5.235,12.6,2.9,seasonal
MAC004970,2013-06-06,5.659,13.3,2.2,seasonal
MAC004970,2013-06-07,4.574,14.1,1.4,seasonal
MAC004970,2013-06-08,4.532,12.4,3.1,seasonal
MAC004970,2013-06-09,6.358,12.5,3.0,seasonal
MAC004970,2013-06-10,5.854,12.4,3.1,seasonal
MAC004970,2013-06-11,3.486,13.3,2.2,seasonal
MAC004970,2013-06-12,5.95,15.2,0.3,seasonal
MAC004970,2013-06-13,6.932,14.6,0.9,seasonal
MAC004970,2013-06-14,5.157,13.5,2.0,seasonal
MAC004970,2013-06-15,5.844,13.9,1.6,seasonal
MAC004970,2013-06-16,6.093,13.5,2.0,seasonal
MAC004970,2013-06-17,3.825,14.9,0.6,seasonal
MAC004970,2013-06-18,5.064,17.2,0.0,seasonal
MAC004970,2013-06-19,4.004,19.0,0.0,seasonal
MAC004970,2013-06-20,3.559,17.3,0.0,seasonal
MAC004970,2013-06-21,4.623,16.6,0.0,seasonal
MAC004970,2013-06-22,4.267,14.3,1.2,seasonal
MAC004970,2013-06-23,5.863,14.8,0.7,seasonal
MAC004970,2013-06-24,3.764,12.8,2.7,seasonal
MAC004970,2013-06-25,7.253,14.1,1.4,seasonal
MAC004970,2013-06-26,4.388,16.0,0.0,seasonal
MAC004970,2013-06-27,4.002,14.5,1.0,seasonal
MAC004970,2013-06-28,3.75,15.4,0.1,seasonal
MAC004970,2013-06-29,3.788,15.8,0.0,seasonal
MAC004970,2013-06-30,3.388,18.5,0.0,seasonal
MAC004970,2013-07-01,4.897,16.3,0.0,seasonal
MAC004970,2013-07-02,3.197,14.5,1.0,seasonal
MAC004970,2013-07-03,3.115,16.4,0.0,seasonal
MAC004970,2013-07-04,3.041,17.1,0.0,seasonal
MAC004970,2013-07-05,3.396,18.3,0.0,seasonal
MAC004970,2013-07-06,3.475,18.9,0.0,seasonal
MAC004970,2013-07-07,3.361,20.5,0.0,seasonal
MAC004970,2013-07-08,3.285,18.9,0.0,seasonal
MAC004970,2013-07-09,3.678,18.1,0.0,seasonal
MAC004970,2013-07-10,4.017,17.2,0.0,seasonal
MAC004970,2013-07-11,3.944,15.2,0.3,seasonal
MAC004970,2013-07-12,3.392,17.0,0.0,seasonal
MAC004970,2013-07-13,3.294,21.6,0.0,seasonal
MAC004970,2013-07-14,3.377,22.1,0.0,seasonal
MAC004970,2013-07-15,3.098,21.8,0.0,seasonal
MAC004970,2013-07-16,3.469,22.8,0.0,seasonal
MAC004970,2013-07-17,2.913,22.9,0.0,seasonal
MAC004970,2013-07-18,3.061,21.2,0.0,seasonal
MAC004970,2013-07-19,3.15,20.3,0.0,seasonal
MAC004970,2013-07-20,3.225,18.8,0.0,seasonal
MAC004970,2013-07-21,3.641,20.2,0.0,seasonal
MAC004970,2013-07-22,4.148,23.8,0.0,seasonal
MAC004970,2013-07-23,3.21,23.1,0.0,seasonal
MAC004970,2013-07-24,3.506,20.5,0.0,seasonal
MAC004970,2013-07-25,3.206,19.8,0.0,seasonal
MAC004970,2013-07-26,3.426,19.6,0.0,seasonal
MAC004970,2013-07-27,3.481,20.0,0.0,seasonal
MAC004970,2013-07-28,4.51,18.7,0.0,seasonal
MAC004970,2013-07-29,3.689,17.9,0.0,seasonal
MAC004970,2013-07-30,4.325,16.8,0.0,seasonal
MAC004970,2013-07-31,3.779,18.6,0.0,seasonal
MAC004970,2013-08-01,2.981,22.8,0.0,seasonal
MAC004970,2013-08-02,2.942,19.6,0.0,seasonal
MAC004970,2013-08-03,3.65,18.1,0.0,seasonal
MAC004970,2013-08-04,3.52,17.9,0.0,seasonal
MAC004970,2013-08-05,3.242,18.3,0.0,seasonal
MAC004970,2013-08-06,3.954,16.8,0.0,seasonal
MAC004970,2013-08-07,4.101,17.3,0.0,seasonal
MAC004970,2013-08-08,4.078,16.6,0.0,seasonal
MAC004970,2013-08-09,4.293,18.3,0.0,seasonal
MAC004970,2013-08-10,5.077,16.9,0.0,seasonal
MAC004970,2013-08-11,3.542,18.2,0.0,seasonal
MAC004970,2013-08-12,3.253,16.3,0.0,seasonal
MAC004970,2013-08-13,4.45,15.3,0.2,seasonal
MAC004970,2013-08-14,3.962,16.4,0.0,seasonal
MAC004970,2013-08-15,3.713,19.2,0.0,seasonal
MAC004970,2013-08-16,3.372,17.9,0.0,seasonal
MAC004970,2013-08-17,3.505,16.6,0.0,seasonal
MAC004970,2013-08-18,4.554,18.8,0.0,seasonal
MAC004970,2013-08-19,3.631,17.0,0.0,seasonal
MAC004970,2013-08-20,4.301,17.6,0.0,seasonal
MAC004970,2013-08-21,3.761,18.1,0.0,seasonal
MAC004970,2013-08-22,4.168,18.7,0.0,seasonal
MAC004970,2013-08-23,3.93,20.0,0.0,seasonal
MAC004970,2013-08-24,3.313,17.0,0.0,seasonal
MAC004970,2013-08-25,3.467,17.1,0.0,seasonal
MAC004970,2013-08-26,3.577,18.2,0.0,seasonal
MAC004970,2013-08-27,2.82,16.1,0.0,seasonal
MAC004970,2013-08-28,3.601,16.1,0.0,seasonal
MAC004970,2013-08-29,3.191,17.9,0.0,seasonal
MAC004970,2013-08-30,3.859,18.3,0.0,seasonal
MAC004970,2013-08-31,3.597,16.3,0.0,seasonal
MAC004970,2013-09-01,4.374,14.7,0.8,seasonal
MAC004970,2013-09-02,4.145,16.8,0.0,seasonal
MAC004970,2013-09-03,3.698,18.5,0.0,seasonal
MAC004970,2013-09-04,3.281,18.7,0.0,seasonal
MAC004970,2013-09-05,4.085,20.4,0.0,seasonal
MAC004970,2013-09-06,4.271,15.4,0.1,seasonal
MAC004970,2013-09-07,4.535,13.6,1.9,seasonal
MAC004970,2013-09-08,3.777,11.8,3.7,seasonal
MAC004970,2013-09-09,5.158,11.6,3.9,seasonal
MAC004970,2013-09-10,4.305,12.5,3.0,seasonal
MAC004970,2013-09-11,4.07,13.5,2.0,seasonal
MAC004970,2013-09-12,4.251,14.1,1.4,seasonal
MAC004970,2013-09-13,3.356,16.2,0.0,seasonal
MAC004970,2013-09-14,4.174,11.7,3.8,seasonal
MAC004970,2013-09-15,4.673,11.3,4.2,seasonal
MAC004970,2013-09-16,5.574,11.2,4.3,seasonal
MAC004970,2013-09-17,3.549,11.0,4.5,seasonal
MAC004970,2013-09-18,4.546,12.3,3.2,seasonal
MAC004970,2013-09-19,3.551,12.0,3.5,seasonal
MAC004970,2013-09-20,3.288,13.4,2.1,seasonal
MAC004970,2013-09-21,3.393,13.5,2.0,seasonal
MAC004970,2013-09-22,3.24,16.8,0.0,seasonal
MAC004970,2013-09-23,3.185,16.6,0.0,seasonal
MAC004970,2013-09-24,3.298,15.1,0.4,seasonal
MAC004970,2013-09-25,3.339,15.7,0.0,seasonal
MAC004970,2013-09-26,2.404,14.5,1.0,seasonal
MAC004970,2013-09-27,3.729,12.6,2.9,seasonal
MAC004970,2013-09-28,3.583,14.3,1.2,seasonal
MAC004970,2013-09-29,3.95,14.3,1.2,seasonal
MAC004970,2013-09-30,3.091,14.9,0.6,seasonal
MAC004970,2013-10-01,3.596,14.3,1.2,seasonal
MAC004970,2013-10-02,3.253,15.4,0.1,seasonal
MAC004970,2013-10-03,3.498,16.1,0.0,seasonal
MAC004970,2013-10-04,3.923,17.3,0.0,seasonal
MAC004970,2013-10-05,4.371,15.3,0.2,seasonal
MAC004970,2013-10-06,4.103,13.8,1.7,seasonal
MAC004970,2013-10-07,3.278,13.3,2.2,seasonal
MAC004970,2013-10-08,4.525,15.6,0.0,seasonal
MAC004970,2013-10-09,5.092,13.6,1.9,seasonal
MAC004970,2013-10-10,3.014,9.3,6.2,seasonal
MAC004970,2013-10-11,3.618,11.1,4.4,seasonal
MAC004970,2013-10-12,4.9,11.4,4.1,seasonal
MAC004970,2013-10-13,4.494,9.6,5.9,seasonal
MAC004970,2013-10-14,5.576,9.1,6.4,seasonal
MAC004970,2013-10-15,6.651,9.5,6.0,seasonal
MAC004970,2013-10-16,7.305,9.7,5.8,seasonal
MAC004970,2013-10-17,7.388,13.2,2.3,seasonal
MAC004970,2013-10-18,5.766,12.6,2.9,seasonal
MAC004970,2013-10-19,4.495,13.9,1.6,seasonal
MAC004970,2013-10-20,4.716,13.4,2.1,seasonal
MAC004970,2013-10-21,6.602,14.8,0.7,seasonal
MAC004970,2013-10-22,6.147,16.0,0.0,seasonal
MAC004970,2013-10-23,4.931,13.9,1.6,seasonal
MAC004970,2013-10-24,4.424,11.1,4.4,seasonal
MAC004970,2013-10-25,5.698,15.3,0.2,seasonal
MAC004970,2013-10-26,5.405,15.0,0.5,seasonal
MAC004970,2013-10-27,5.971,13.5,2.0,seasonal
MAC004970,2013-10-28,5.879,12.7,2.8,seasonal
MAC004970,2013-10-29,3.605,9.1,6.4,seasonal
MAC004970,2013-10-30,7.663,9.0,6.5,seasonal
MAC004970,2013-10-31,7.047,12.5,3.0,seasonal
MAC004970,2013-11-01,5.068,12.0,3.5,seasonal
MAC004970,2013-11-02,8.152,11.5,4.0,seasonal
MAC004970,2013-11-03,6.335,8.7,6.8,seasonal
MAC004970,2013-11-04,5.948,7.4,8.1,seasonal
MAC004970,2013-11-05,8.201,7.6,7.9,seasonal
MAC004970,2013-11-06,8.964,10.4,5.1,seasonal
MAC004970,2013-11-07,7.684,10.4,5.1,seasonal
MAC004970,2013-11-08,7.856,7.5,8.0,seasonal
MAC004970,2013-11-09,8.995,5.4,10.1,seasonal
MAC004970,2013-11-10,8.502,5.2,10.3,seasonal
MAC004970,2013-11-11,7.813,8.5,7.0,seasonal
MAC004970,2013-11-12,9.513,10.0,5.5,seasonal
MAC004970,2013-11-13,9.406,5.1,10.4,seasonal
MAC004970,2013-11-14,8.707,7.2,8.3,seasonal
MAC004970,2013-11-15,8.265,4.8,10.7,seasonal
MAC004970,2013-11-16,6.0,4.0,11.5,seasonal
MAC004970,2013-11-17,9.057,6.0,9.5,seasonal
MAC004970,2013-11-18,8.436,7.8,7.7,seasonal
MAC004970,2013-11-19,13.18,2.9,12.6,seasonal
MAC004970,2013-11-20,18.986,2.3,13.2,seasonal
MAC004970,2013-11-21,9.835,4.5,11.0,seasonal
MAC004970,2013-11-22,23.066,4.8,10.7,seasonal
MAC004970,2013-11-23,22.599,4.6,10.9,seasonal
MAC004970,2013-11-24,36.473,4.6,10.9,seasonal
MAC004970,2013-11-25,34.379,4.0,11.5,seasonal
MAC004970,2013-11-26,29.742,2.5,13.0,seasonal
MAC004970,2013-11-27,30.365,6.4,9.1,seasonal
MAC004970,2013-11-28,31.516,7.2,8.3,seasonal
MAC004970,2013-11-29,30.978,7.3,8.2,seasonal
MAC004970,2013-11-30,30.789,5.3,10.2,seasonal
MAC004970,2013-12-01,30.412,3.7,11.8,seasonal
MAC004970,2013-12-02,31.186,5.5,10.0,seasonal
MAC004970,2013-12-03,31.236,3.2,12.3,seasonal
MAC004970,2013-12-04,34.102,4.4,11.1,seasonal
MAC004970,2013-12-05,31.227,4.4,11.1,seasonal
MAC004970,2013-12-06,29.574,4.3,11.2,seasonal
MAC004970,2013-12-07,28.529,5.9,9.6,seasonal
MAC004970,2013-12-08,30.194,7.3,8.2,seasonal
MAC004970,2013-12-09,31.645,6.7,8.8,seasonal
MAC004970,2013-12-10,34.22,3.9,11.6,seasonal
MAC004970,2013-12-11,35.647,2.8,12.7,seasonal
MAC004970,2013-12-12,29.216,5.2,10.3,seasonal
MAC004970,2013-12-13,31.69,8.7,6.8,seasonal
MAC004970,2013-12-14,28.867,7.3,8.2,seasonal
MAC004970,2013-12-15,28.098,10.7,4.8,seasonal
MAC004970,2013-12-16,29.745,11.4,4.1,seasonal
MAC004970,2013-12-17,31.794,6.3,9.2,seasonal
MAC004970,2013-12-18,30.761,8.1,7.4,seasonal
MAC004970,2013-12-19,29.663999,6.1,9.4,seasonal
MAC004970,2013-12-20,27.279,5.4,10.1,seasonal
MAC004970,2013-12-21,25.428,10.2,5.3,seasonal
MAC004970,2013-12-22,30.652,7.1,8.4,seasonal
MAC004970,2013-12-23,26.235,8.1,7.4,seasonal
MAC004970,2013-12-24,27.21,8.5,7.0,seasonal
MAC004970,2013-12-25,29.781,4.7,10.8,seasonal
MAC004970,2013-12-26,32.82,4.1,11.4,seasonal
MAC004970,2013-12-27,30.409,9.0,6.5,seasonal
MAC004970,2013-12-28,32.27,4.8,10.7,seasonal
MAC004970,2013-12-29,30.688,2.3,13.2,seasonal
MAC004970,2013-12-30,28.991,7.8,7.7,seasonal
MAC004980,2013-01-01,11.468,5.8,9.7,seasonal
MAC004980,2013-01-02,10.888,6.2,9.3,seasonal
MAC004980,2013-01-03,10.331,10.2,5.3,seasonal
MAC004980,2013-01-04,11.314,8.8,6.7,seasonal
MAC004980,2013-01-05,10.056,8.6,6.9,seasonal
MAC004980,2013-01-06,10.653,7.0,8.5,seasonal
MAC004980,2013-01-07,9.86,7.6,7.9,seasonal
MAC004980,2013-01-08,13.537,8.9,6.6,seasonal
MAC004980,2013-01-09,10.312,6.8,8.7,seasonal
MAC004980,2013-01-10,9.896,1.8,13.7,seasonal
MAC004980,2013-01-11,10.223,2.7,12.8,seasonal
MAC004980,2013-01-12,10.655,2.7,12.8,seasonal
MAC004980,2013-01-13,13.112,1.1,14.4,seasonal
MAC004980,2013-01-14,11.408,0.2,15.3,seasonal
MAC004980,2013-01-15,11.419,0.6,14.9,seasonal
MAC004980,2013-01-16,11.871,-2.2,17.7,seasonal
MAC004980,2013-01-17,10.959,-2.2,17.7,seasonal
MAC004980,2013-01-18,11.695,-1.4,16.9,seasonal
MAC004980,2013-01-19,12.901,-0.2,15.7,seasonal
MAC004980,2013-01-20,11.672,-1.2,16.7,seasonal
MAC004980,2013-01-21,10.44,-1.5,17.0,seasonal
MAC004980,2013-01-22,12.511,-1.5,17.0,seasonal
MAC004980,2013-01-23,11.056,0.9,14.6,seasonal
MAC004980,2013-01-24,10.983,-0.3,15.8,seasonal
MAC004980,2013-01-25,10.768,-1.5,17.0,seasonal
MAC004980,2013-01-26,10.8,3.3,12.2,seasonal
MAC004980,2013-01-27,10.858,7.6,7.9,seasonal
MAC004980,2013-01-28,10.305,5.8,9.7,seasonal
MAC004980,2013-01-29,10.959,10.9,4.6,seasonal
MAC004980,2013-01-30,10.144,10.1,5.4,seasonal
MAC004980,2013-01-31,10.87,8.2,7.3,seasonal
MAC004980,2013-02-01,10.788,5.4,10.1,seasonal
MAC004980,2013-02-02,10.725,2.7,12.8,seasonal
MAC004980,2013-02-03,12.36,3.6,11.9,seasonal
MAC004980,2013-02-04,11.245,7.9,7.6,seasonal
MAC004980,2013-02-05,11.4,3.6,11.9,seasonal
MAC004980,2013-02-06,10.24,3.5,12.0,seasonal
MAC004980,2013-02-07,10.682,1.9,13.6,seasonal
MAC004980,2013-02-08,10.616,1.2,14.3,seasonal
MAC004980,2013-02-09,10.606,1.6,13.9,seasonal
MAC004980,2013-02-10,10.369,2.6,12.9,seasonal
MAC004980,2013-02-11,11.474,1.1,14.4,seasonal
MAC004980,2013-02-12,10.622,1.1,14.4,seasonal
MAC004980,2013-02-13,10.56,0.5,15.0,seasonal
MAC004980,2013-02-14,13.128,6.5,9.0,seasonal
MAC004980,2013-02-15,11.371,4.4,11.1,seasonal
MAC004980,2013-02-16,11.073,5.0,10.5,seasonal
MAC004980,2013-02-17,10.507,3.5,12.0,seasonal
MAC004980,2013-02-18,10.503,3.3,12.2,seasonal
MAC004980,2013-02-19,10.996,0.8,14.7,seasonal
MAC004980,2013-02-20,10.937,2.0,13.5,seasonal
MAC004980,2013-02-21,10.944,0.7,14.8,seasonal
MAC004980,2013-02-22,11.358,0.3,15.2,seasonal
MAC004980,2013-02-23,11.037,0.3,15.2,seasonal
MAC004980,2013-02-24,10.727,0.4,15.1,seasonal
MAC004980,2013-02-25,10.98,2.5,13.0,seasonal
MAC004980,2013-02-26,10.613,3.5,12.0,seasonal
MAC004980,2013-02-27,11.133,3.0,12.5,seasonal
MAC004980,2013-02-28,13.519,3.5,12.0,seasonal
MAC004980,2013-03-01,11.097,3.9,11.6,seasonal
MAC004980,2013-03-02,10.678,2.3,13.2,seasonal
MAC004980,2013-03-03,11.592,2.6,12.9,seasonal
MAC004980,2013-03-04,10.603,3.6,11.9,seasonal
MAC004980,2013-03-05,10.726,5.8,9.7,seasonal
MAC004980,2013-03-06,10.917,7.4,8.1,seasonal
MAC004980,2013-03-07,10.426,8.0,7.5,seasonal
MAC004980,2013-03-08,10.278,8.5,7.0,seasonal
MAC004980,2013-03-09,11.362,6.0,9.5,seasonal
MAC004980,2013-03-10,12.062,2.1,13.4,seasonal
MAC004980,2013-03-11,11.2,-0.2,15.7,seasonal
MAC004980,2013-03-12,10.949,0.1,15.4,seasonal
MAC004980,2013-03-13,12.067,1.9,13.6,seasonal
MAC004980,2013-03-14,14.025,1.0,14.5,seasonal
MAC004980,2013-03-15,10.866,4.3,11.2,seasonal
MAC004980,2013-03-16,10.451,6.1,9.4,seasonal
MAC004980,2013-03-17,11.455,4.7,10.8,seasonal
MAC004980,2013-03-18,11.951,3.2,12.3,seasonal
MAC004980,2013-03-19,11.764,3.3,12.2,seasonal
MAC004980,2013-03-20,10.716,3.2,12.3,seasonal
MAC004980,2013-03-21,12.49,3.1,12.4,seasonal
MAC004980,2013-03-22,11.075,3.2,12.3,seasonal
MAC004980,2013-03-23,11.168,1.6,13.9,seasonal
MAC004980,2013-03-24,13.284,0.1,15.4,seasonal
MAC004980,2013-03-25,23.931,0.4,15.1,seasonal
MAC004980,2013-03-26,21.468,0.3,15.2,seasonal
MAC004980,2013-03-27,21.247,0.8,14.7,seasonal
MAC004980,2013-03-28,21.177,1.0,14.5,seasonal
MAC004980,2013-03-29,23.135,0.2,15.3,seasonal
MAC004980,2013-03-30,22.586,1.2,14.3,seasonal
MAC004980,2013-03-31,20.357,0.5,15.0,seasonal
MAC004980,2013-04-01,21.095,1.8,13.7,seasonal
MAC004980,2013-04-02,23.768,2.6,12.9,seasonal
MAC004980,2013-04-03,23.484,1.7,13.8,seasonal
MAC004980,2013-04-04,22.739,1.9,13.6,seasonal
MAC004980,2013-04-05,20.825,3.3,12.2,seasonal
MAC004980,2013-04-06,20.623,3.5,12.0,seasonal
MAC004980,2013-04-07,23.122,3.2,12.3,seasonal
MAC004980,2013-04-08,21.181,4.9,10.6,seasonal
MAC004980,2013-04-09,20.753,4.8,10.7,seasonal
MAC004980,2013-04-10,20.814,6.1,9.4,seasonal
MAC004980,2013-04-11,20.125,7.1,8.4,seasonal
MAC004980,2013-04-12,20.328,8.4,7.1,seasonal
MAC004980,2013-04-13,20.783,8.2,7.3,seasonal
MAC004980,2013-04-14,20.542,13.4,2.1,seasonal
MAC004980,2013-04-15,19.905,11.5,4.0,seasonal
MAC004980,2013-04-16,10.032,11.3,4.2,seasonal
MAC004980,2013-04-17,12.356,11.8,3.7,seasonal
MAC004980,2013-04-18,10.539,10.1,5.4,seasonal
MAC004980,2013-04-19,10.22,8.4,7.1,seasonal
MAC004980,2013-04-20,10.902,5.9,9.6,seasonal
MAC004980,2013-04-21,10.453,7.0,8.5,seasonal
MAC004980,2013-04-22,9.621,9.3,6.2,seasonal
MAC004980,2013-04-23,9.782,13.1,2.4,seasonal
MAC004980,2013-04-24,12.536,12.5,3.0,seasonal
MAC004980,2013-04-25,9.68,14.2,1.3,seasonal
MAC004980,2013-04-26,9.666,8.9,6.6,seasonal
MAC004980,2013-04-27,10.794,6.0,9.5,seasonal
MAC004980,2013-04-28,9.914,6.2,9.3,seasonal
MAC004980,2013-04-29,10.346,9.2,6.3,seasonal
MAC004980,2013-04-30,9.806,7.9,7.6,seasonal
MAC004980,2013-05-01,10.189,8.4,7.1,seasonal
MAC004980,2013-05-02,10.532,9.1,6.4,seasonal
MAC004980,2013-05-03,11.622,11.1,4.4,seasonal
MAC004980,2013-05-04,10.427,10.9,4.6,seasonal
MAC004980,2013-05-05,9.539,11.4,4.1,seasonal
MAC004980,2013-05-06,10.016,13.2,2.3,seasonal
MAC004980,2013-05-07,10.498,13.8,1.7,seasonal
MAC004980,2013-05-08,9.798,12.9,2.6,seasonal
MAC004980,2013-05-09,10.941,10.5,5.0,seasonal
MAC004980,2013-05-10,10.263,12.4,3.1,seasonal
MAC004980,2013-05-11,9.718,10.4,5.1,seasonal
MAC004980,2013-05-12,10.127,9.6,5.9,seasonal
MAC004980,2013-05-13,12.288,11.0,4.5,seasonal
MAC004980,2013-05-14,9.027,8.6,6.9,seasonal
MAC004980,2013-05-15,9.633,9.1,6.4,seasonal
MAC004980,2013-05-16,9.657,9.5,6.0,seasonal
MAC004980,2013-05-17,8.825,9.1,6.4,seasonal
MAC004980,2013-05-18,9.332,10.9,4.6,seasonal
MAC004980,2013-05-19,9.045,12.7,2.8,seasonal
MAC004980,2013-05-20,9.468,13.4,2.1,seasonal
MAC004980,2013-05-21,9.198,12.9,2.6,seasonal
MAC004980,2013-05-22,9.589,11.4,4.1,seasonal
MAC004980,2013-05-23,8.587,8.1,7.4,seasonal
MAC004980,2013-05-24,10.997,7.1,8.4,seasonal
MAC004980,2013-05-25,10.451,9.5,6.0,seasonal
MAC004980,2013-05-26,10.302,11.5,4.0,seasonal
MAC004980,2013-05-27,8.754,11.0,4.5,seasonal
MAC004980,2013-05-28,9.866,10.8,4.7,seasonal
MAC004980,2013-05-29,8.734,10.7,4.8,seasonal
MAC004980,2013-05-30,10.665,12.4,3.1,seasonal
MAC004980,2013-05-31,9.511,14.5,1.0,seasonal
MAC004980,2013-06-01,4.269,12.9,2.6,seasonal
MAC004980,2013-06-02,5.611,12.8,2.7,seasonal
MAC004980,2013-06-03,4.848,11.9,3.6,seasonal
MAC004980,2013-06-04,5.05,12.1,3.4,seasonal
MAC004980,2013-06-05,5.14,12.6,2.9,seasonal
MAC004980,2013-06-06,4.856,13.3,2.2,seasonal
MAC004980,2013-06-07,5.072,14.1,1.4,seasonal
MAC004980,2013-06-08,6.21,12.4,3.1,seasonal
MAC004980,2013-06-09,5.596,12.5,3.0,seasonal
MAC004980,2013-06-10,4.583,12.4,3.1,seasonal
MAC004980,2013-06-11,5.651,13.3,2.2,seasonal
MAC004980,2013-06-12,5.086,15.2,0.3,seasonal
MAC004980,2013-06-13,5.076,14.6,0.9,seasonal
MAC004980,2013-06-14,4.83,13.5,2.0,seasonal
MAC004980,2013-06-15,5.328,13.9,1.6,seasonal
MAC004980,2013-06-16,6.209,13.5,2.0,seasonal
MAC004980,2013-06-17,4.752,14.9,0.6,seasonal
MAC004980,2013-06-18,6.078,17.2,0.0,seasonal
MAC004980,2013-06-19,4.916,19.0,0.0,seasonal
MAC004980,2013-06-20,5.721,17.3,0.0,seasonal
MAC004980,2013-06-21,4.93,16.6,0.0,seasonal
MAC004980,2013-06-22,5.987,14.3,1.2,seasonal
MAC004980,2013-06-23,4.871,14.8,0.7,seasonal
MAC004980,2013-06-24,4.951,12.8,2.7,seasonal
MAC004980,2013-06-25,4.627,14.1,1.4,seasonal
MAC004980,2013-06-26,5.651,16.0,0.0,seasonal
MAC004980,2013-06-27,6.248,14.5,1.0,seasonal
MAC004980,2013-06-28,4.756,15.4,0.1,seasonal
MAC004980,2013-06-29,5.415,15.8,0.0,seasonal
MAC004980,2013-06-30,4.406,18.5,0.0,seasonal
MAC004980,2013-07-01,5.35,16.3,0.0,seasonal
MAC004980,2013-07-02,5.032,14.5,1.0,seasonal
MAC004980,2013-07-03,4.7,16.4,0.0,seasonal
MAC004980,2013-07-04,5.09,17.1,0.0,seasonal
MAC004980,2013-07-05,4.704,18.3,0.0,seasonal
MAC004980,2013-07-06,4.444,18.9,0.0,seasonal
MAC004980,2013-07-07,5.118,20.5,0.0,seasonal
MAC004980,2013-07-08,4.593,18.9,0.0,seasonal
MAC004980,2013-07-09,5.057,18.1,0.0,seasonal
MAC004980,2013-07-10,4.267,17.2,0.0,seasonal
MAC004980,2013-07-11,4.994,15.2,0.3,seasonal
MAC004980,2013-07-12,4.89,17.0,0.0,seasonal
MAC004980,2013-07-13,5.219,21.6,0.0,seasonal
MAC004980,2013-07-14,4.904,22.1,0.0,seasonal
MAC004980,2013-07-15,5.288,21.8,0.0,seasonal
MAC004980,2013-07-16,3.921,22.8,0.0,seasonal
MAC004980,2013-07-17,4.643,22.9,0.0,seasonal
MAC004980,2013-07-18,5.656,21.2,0.0,seasonal
MAC004980,2013-07-19,5.782,20.3,0.0,seasonal
MAC004980,2013-07-20,4.657,18.8,0.0,seasonal
MAC004980,2013-07-21,5.466,20.2,0.0,seasonal
MAC004980,2013-07-22,4.626,23.8,0.0,seasonal
MAC004980,2013-07-23,5.148,23.1,0.0,seasonal
MAC004980,2013-07-24,4.241,20.5,0.0,seasonal
MAC004980,2013-07-25,5.262,19.8,0.0,seasonal
MAC004980,2013-07-26,4.449,19.6,0.0,seasonal
MAC004980,2013-07-27,4.317,20.0,0.0,seasonal
MAC004980,2013-07-28,4.722,18.7,0.0,seasonal
MAC004980,2013-07-29,4.859,17.9,0.0,seasonal
MAC004980,2013-07-30,4.892,16.8,0.0,seasonal
MAC004980,2013-07-31,4.486,18.6,0.0,seasonal
MAC004980,2013-08-01,4.491,22.8,0.0,seasonal
MAC004980,2013-08-02,5.194,19.6,0.0,seasonal
MAC004980,2013-08-03,4.596,18.1,0.0,seasonal
MAC004980,2013-08-04,4.848,17.9,0.0,seasonal
MAC004980,2013-08-05,4.668,18.3,0.0,seasonal
MAC004980,2013-08-06,4.575,16.8,0.0,seasonal
MAC004980,2013-08-07,4.271,17.3,0.0,seasonal
MAC004980,2013-08-08,6.875,16.6,0.0,seasonal
MAC004980,2013-08-09,4.829,18.3,0.0,seasonal
MAC004980,2013-08-10,4.08,16.9,0.0,seasonal
MAC004980,2013-08-11,5.353,18.2,0.0,seasonal
MAC004980,2013-08-12,4.782,16.3,0.0,seasonal
MAC004980,2013-08-13,4.773,15.3,0.2,seasonal
MAC004980,2013-08-14,4.409,16.4,0.0,seasonal
MAC004980,2013-08-15,4.549,19.2,0.0,seasonal
MAC004980,2013-08-16,4.671,17.9,0.0,seasonal
MAC004980,2013-08-17,4.328,16.6,0.0,seasonal
MAC004980,2013-08-18,5.183,18.8,0.0,seasonal
MAC004980,2013-08-19,5.146,17.0,0.0,seasonal
MAC004980,2013-08-20,4.515,17.6,0.0,seasonal
MAC004980,2013-08-21,5.011,18.1,0.0,seasonal
MAC004980,2013-08-22,6.395,18.7,0.0,seasonal
MAC004980,2013-08-23,5.424,20.0,0.0,seasonal
MAC004980,2013-08-24,4.976,17.0,0.0,seasonal
MAC004980,2013-08-25,4.48,17.1,0.0,seasonal
MAC004980,2013-08-26,5.016,18.2,0.0,seasonal
MAC004980,2013-08-27,5.088,16.1,0.0,seasonal
MAC004980,2013-08-28,5.285,16.1,0.0,seasonal
MAC004980,2013-08-29,4.77,17.9,0.0,seasonal
MAC004980,2013-08-30,5.115,18.3,0.0,seasonal
MAC004980,2013-08-31,4.487,16.3,0.0,seasonal
MAC004980,2013-09-01,6.519,14.7,0.8,seasonal
MAC004980,2013-09-02,4.376,16.8,0.0,seasonal
MAC004980,2013-09-03,5.042,18.5,0.0,seasonal
MAC004980,2013-09-04,5.655,18.7,0.0,seasonal
MAC004980,2013-09-05,4.647,20.4,0.0,seasonal
MAC004980,2013-09-06,5.181,15.4,0.1,seasonal
MAC004980,2013-09-07,4.188,13.6,1.9,seasonal
MAC004980,2013-09-08,4.601,11.8,3.7,seasonal
MAC004980,2013-09-09,4.702,11.6,3.9,seasonal
MAC004980,2013-09-10,4.794,12.5,3.0,seasonal
MAC004980,2013-09-11,4.868,13.5,2.0,seasonal
MAC004980,2013-09-12,4.163,14.1,1.4,seasonal
MAC004980,2013-09-13,5.354,16.2,0.0,seasonal
MAC004980,2013-09-14,6.443,11.7,3.8,seasonal
MAC004980,2013-09-15,1.533,11.3,4.2,seasonal
MAC004980,2013-09-16,6.752,11.2,4.3,seasonal
MAC004980,2013-09-17,5.084,11.0,4.5,seasonal
MAC004980,2013-09-18,5.527,12.3,3.2,seasonal
MAC004980,2013-09-19,6.352,12.0,3.5,seasonal
MAC004980,2013-09-20,4.546,13.4,2.1,seasonal
MAC004980,2013-09-21,5.322,13.5,2.0,seasonal
MAC004980,2013-09-22,5.273,16.8,0.0,seasonal
MAC004980,2013-09-23,5.476,16.6,0.0,seasonal
MAC004980,2013-09-24,4.449,15.1,0.4,seasonal
MAC004980,2013-09-25,5.085,15.7,0.0,seasonal
MAC004980,2013-09-26,5.146,14.5,1.0,seasonal
MAC004980,2013-09-27,4.841,12.6,2.9,seasonal
MAC004980,2013-09-28,4.831,14.3,1.2,seasonal
MAC004980,2013-09-29,5.424,14.3,1.2,seasonal
MAC004980,2013-09-30,4.581,14.9,0.6,seasonal
MAC004980,2013-10-01,5.197,14.3,1.2,seasonal
MAC004980,2013-10-02,5.015,15.4,0.1,seasonal
MAC004980,2013-10-03,6.311,16.1,0.0,seasonal
MAC004980,2013-10-04,6.286,17.3,0.0,seasonal
MAC004980,2013-10-05,4.687,15.3,0.2,seasonal
MAC004980,2013-10-06,6.254,13.8,1.7,seasonal
MAC004980,2013-10-07,6.407,13.3,2.2,seasonal
MAC004980,2013-10-08,6.694,15.6,0.0,seasonal
MAC004980,2013-10-09,5.258,13.6,1.9,seasonal
MAC004980,2013-10-10,3.911,9.3,6.2,seasonal
MAC004980,2013-10-11,5.191,11.1,4.4,seasonal
MAC004980,2013-10-12,5.36,11.4,4.1,seasonal
MAC004980,2013-10-13,4.83,9.6,5.9,seasonal
MAC004980,2013-10-14,4.921,9.1,6.4,seasonal
MAC004980,2013-10-15,5.257,9.5,6.0,seasonal
MAC004980,2013-10-16,5.063,9.7,5.8,seasonal
MAC004980,2013-10-17,6.19,13.2,2.3,seasonal
MAC004980,2013-10-18,5.37,12.6,2.9,seasonal
MAC004980,2013-10-19,5.439,13.9,1.6,seasonal
MAC004980,2013-10-20,4.87,13.4,2.1,seasonal
MAC004980,2013-10-21,7.313,14.8,0.7,seasonal
MAC004980,2013-10-22,5.746,16.0,0.0,seasonal
MAC004980,2013-10-23,5.876,13.9,1.6,seasonal
MAC004980,2013-10-24,5.025,11.1,4.4,seasonal
MAC004980,2013-10-25,4.547,15.3,0.2,seasonal
MAC004980,2013-10-26,4.743,15.0,0.5,seasonal
MAC004980,2013-10-27,4.722,13.5,2.0,seasonal
MAC004980,2013-10-28,5.384,12.7,2.8,seasonal
MAC004980,2013-10-29,5.118,9.1,6.4,seasonal
MAC004980,2013-10-30,5.882,9.0,6.5,seasonal
MAC004980,2013-10-31,4.254,12.5,3.0,seasonal
MAC004980,2013-11-01,4.78,12.0,3.5,seasonal
MAC004980,2013-11-02,5.491,11.5,4.0,seasonal
MAC004980,2013-11-03,5.217,8.7,6.8,seasonal
MAC004980,2013-11-04,4.98,7.4,8.1,seasonal
MAC004980,2013-11-05,5.7,7.6,7.9,seasonal
MAC004980,2013-11-06,5.211,10.4,5.1,seasonal
MAC004980,2013-11-07,5.323,10.4,5.1,seasonal
MAC004980,2013-11-08,5.406,7.5,8.0,seasonal
MAC004980,2013-11-09,4.935,5.4,10.1,seasonal
MAC004980,2013-11-10,5.679,5.2,10.3,seasonal
MAC004980,2013-11-11,5.132,8.5,7.0,seasonal
MAC004980,2013-11-12,4.755,10.0,5.5,seasonal
MAC004980,2013-11-13,5.314,5.1,10.4,seasonal
MAC004980,2013-11-14,5.154,7.2,8.3,seasonal
MAC004980,2013-11-15,5.595,4.8,10.7,seasonal
MAC004980,2013-11-16,11.552,4.0,11.5,seasonal
MAC004980,2013-11-17,12.703,6.0,9.5,seasonal
MAC004980,2013-11-18,10.608,7.8,7.7,seasonal
MAC004980,2013-11-19,14.135,2.9,12.6,seasonal
MAC004980,2013-11-20,11.489,2.3,13.2,seasonal
MAC004980,2013-11-21,10.321,4.5,11.0,seasonal
MAC004980,2013-11-22,10.801,4.8,10.7,seasonal
MAC004980,2013-11-23,10.761,4.6,10.9,seasonal
MAC004980,2013-11-24,11.309,4.6,10.9,seasonal
MAC004980,2013-11-25,11.115,4.0,11.5,seasonal
MAC004980,2013-11-26,14.217,2.5,13.0,seasonal
MAC004980,2013-11-27,11.457,6.4,9.1,seasonal
MAC004980,2013-11-28,11.109,7.2,8.3,seasonal
MAC004980,2013-11-29,12.04,7.3,8.2,seasonal
MAC004980,2013-11-30,10.502,5.3,10.2,seasonal
MAC004980,2013-12-01,10.996,3.7,11.8,seasonal
MAC004980,2013-12-02,12.512,5.5,10.0,seasonal
MAC004980,2013-12-03,11.172,3.2,12.3,seasonal
MAC004980,2013-12-04,13.249,4.4,11.1,seasonal
MAC004980,2013-12-05,11.595,4.4,11.1,seasonal
MAC004980,2013-12-06,11.07,4.3,11.2,seasonal
MAC004980,2013-12-07,12.08,5.9,9.6,seasonal
MAC004980,2013-12-08,10.776,7.3,8.2,seasonal
MAC004980,2013-12-09,11.319,6.7,8.8,seasonal
MAC004980,2013-12-10,10.819,3.9,11.6,seasonal
MAC004980,2013-12-11,10.581,2.8,12.7,seasonal
MAC004980,2013-12-12,11.351,5.2,10.3,seasonal
MAC004980,2013-12-13,10.928,8.7,6.8,seasonal
MAC004980,2013-12-14,11.415,7.3,8.2,seasonal
MAC004980,2013-12-15,10.861,10.7,4.8,seasonal
MAC004980,2013-12-16,9.962,11.4,4.1,seasonal
MAC004980,2013-12-17,10.857,6.3,9.2,seasonal
MAC004980,2013-12-18,10.391,8.1,7.4,seasonal
MAC004980,2013-12-19,13.504,6.1,9.4,seasonal
MAC004980,2013-12-20,10.986,5.4,10.1,seasonal
MAC004980,2013-12-21,11.011,10.2,5.3,seasonal
MAC004980,2013-12-22,10.44,7.1,8.4,seasonal
MAC004980,2013-12-23,12.165,8.1,7.4,seasonal
MAC004980,2013-12-24,11.922,8.5,7.0,seasonal
MAC004980,2013-12-25,12.995,4.7,10.8,seasonal
MAC004980,2013-12-26,10.417,4.1,11.4,seasonal
MAC004980,2013-12-27,10.619,9.0,6.5,seasonal
MAC004980,2013-12-28,11.6,4.8,10.7,seasonal
MAC004980,2013-12-29,10.927,2.3,13.2,seasonal
MAC004980,2013-12-30,10.618,7.8,7.7,seasonal
MAC004983,2013-01-01,2.891,5.8,9.7,seasonal
MAC004983,2013-01-02,32.638,6.2,9.3,seasonal
MAC004983,2013-01-03,22.358,10.2,5.3,seasonal
MAC004983,2013-01-04,18.77,8.8,6.7,seasonal
MAC004983,2013-01-05,13.147,8.6,6.9,seasonal
MAC004983,2013-01-06,13.518,7.0,8.5,seasonal
MAC004983,2013-01-07,19.929,7.6,7.9,seasonal
MAC004983,2013-01-08,18.661,8.9,6.6,seasonal
MAC004983,2013-01-09,21.323,6.8,8.7,seasonal
MAC004983,2013-01-10,23.656,1.8,13.7,seasonal
MAC004983,2013-01-11,19.941,2.7,12.8,seasonal
MAC004983,2013-01-12,23.816,2.7,12.8,seasonal
MAC004983,2013-01-13,23.932,1.1,14.4,seasonal
MAC004983,2013-01-14,23.107,0.2,15.3,seasonal
MAC004983,2013-01-15,26.949,0.6,14.9,seasonal
MAC004983,2013-01-16,29.175,-2.2,17.7,seasonal
MAC004983,2013-01-17,34.053,-2.2,17.7,seasonal
MAC004983,2013-01-18,34.395,-1.4,16.9,seasonal
MAC004983,2013-01-19,30.914,-0.2,15.7,seasonal
MAC004983,2013-01-20,31.047,-1.2,16.7,seasonal
MAC004983,2013-01-21,30.853,-1.5,17.0,seasonal
MAC004983,2013-01-22,23.709,-1.5,17.0,seasonal
MAC004983,2013-01-23,27.397,0.9,14.6,seasonal
MAC004983,2013-01-24,27.596,-0.3,15.8,seasonal
MAC004983,2013-01-25,27.352,-1.5,17.0,seasonal
MAC004983,2013-01-26,22.811,3.3,12.2,seasonal
MAC004983,2013-01-27,23.309,7.6,7.9,seasonal
MAC004983,2013-01-28,13.928,5.8,9.7,seasonal
MAC004983,2013-01-29,19.678,10.9,4.6,seasonal
MAC004983,2013-01-30,20.814,10.1,5.4,seasonal
MAC004983,2013-01-31,18.867,8.2,7.3,seasonal
MAC004983,2013-02-01,20.51,5.4,10.1,seasonal
MAC004983,2013-02-02,22.251,2.7,12.8,seasonal
MAC004983,2013-02-03,20.041,3.6,11.9,seasonal
MAC004983,2013-02-04,22.478,7.9,7.6,seasonal
MAC004983,2013-02-05,24.817,3.6,11.9,seasonal
MAC004983,2013-02-06,22.663,3.5,12.0,seasonal
MAC004983,2013-02-07,19.967,1.9,13.6,seasonal
MAC004983,2013-02-08,22.021,1.2,14.3,seasonal
MAC004983,2013-02-09,23.015,1.6,13.9,seasonal
MAC004983,2013-02-10,23.556,2.6,12.9,seasonal
MAC004983,2013-02-11,29.667,1.1,14.4,seasonal
MAC004983,2013-02-12,26.362,1.1,14.4,seasonal
MAC004983,2013-02-13,39.39,0.5,15.0,seasonal
MAC004983,2013-02-14,8.163,6.5,9.0,seasonal
MAC004983,2013-02-15,15.325,4.4,11.1,seasonal
MAC004983,2013-02-16,19.783,5.0,10.5,seasonal
MAC004983,2013-02-17,20.896,3.5,12.0,seasonal
MAC004983,2013-02-18,20.492,3.3,12.2,seasonal
MAC004983,2013-02-19,24.225,0.8,14.7,seasonal
MAC004983,2013-02-20,28.37,2.0,13.5,seasonal
MAC004983,2013-02-21,23.814,0.7,14.8,seasonal
MAC004983,2013-02-22,29.87,0.3,15.2,seasonal
MAC004983,2013-02-23,30.531,0.3,15.2,seasonal
MAC004983,2013-02-24,26.261,0.4,15.1,seasonal
MAC004983,2013-02-25,22.854,2.5,13.0,seasonal
MAC004983,2013-02-26,23.707,3.5,12.0,seasonal
MAC004983,2013-02-27,22.833,3.0,12.5,seasonal
MAC004983,2013-02-28,22.998,3.5,12.0,seasonal
MAC004983,2013-03-01,23.293,3.9,11.6,seasonal
MAC004983,2013-03-02,24.081,2.3,13.2,seasonal
MAC004983,2013-03-03,22.611,2.6,12.9,seasonal
MAC004983,2013-03-04,20.685,3.6,11.9,seasonal
MAC004983,2013-03-05,4.996,5.8,9.7,seasonal
MAC004983,2013-03-06,15.064,7.4,8.1,seasonal
MAC004983,2013-03-07,13.363,8.0,7.5,seasonal
MAC004983,2013-03-08,11.605,8.5,7.0,seasonal
MAC004983,2013-03-09,16.181,6.0,9.5,seasonal
MAC004983,2013-03-10,27.431,2.1,13.4,seasonal
MAC004983,2013-03-11,29.386,-0.2,15.7,seasonal
MAC004983,2013-03-12,31.374,0.1,15.4,seasonal
MAC004983,2013-03-13,26.485,1.9,13.6,seasonal
MAC004983,2013-03-14,23.203,1.0,14.5,seasonal
MAC004983,2013-03-15,20.398,4.3,11.2,seasonal
MAC004983,2013-03-16,22.922,6.1,9.4,seasonal
MAC004983,2013-03-17,16.509,4.7,10.8,seasonal
MAC004983,2013-03-18,21.855,3.2,12.3,seasonal
MAC004983,2013-03-19,19.046,3.3,12.2,seasonal
MAC004983,2013-03-20,21.979,3.2,12.3,seasonal
MAC004983,2013-03-21,24.234,3.1,12.4,seasonal
MAC004983,2013-03-22,22.891,3.2,12.3,seasonal
MAC004983,2013-03-23,27.33,1.6,13.9,seasonal
MAC004983,2013-03-24,27.634,0.1,15.4,seasonal
MAC004983,2013-03-25,27.576,0.4,15.1,seasonal
MAC004983,2013-03-26,27.334,0.3,15.2,seasonal
MAC004983,2013-03-27,27.729,0.8,14.7,seasonal
MAC004983,2013-03-28,24.556,1.0,14.5,seasonal
MAC004983,2013-03-29,24.198,0.2,15.3,seasonal
MAC004983,2013-03-30,23.768,1.2,14.3,seasonal
MAC004983,2013-03-31,26.488,0.5,15.0,seasonal
MAC004983,2013-04-01,27.161,1.8,13.7,seasonal
MAC004983,2013-04-02,24.294,2.6,12.9,seasonal
MAC004983,2013-04-03,25.524999,1.7,13.8,seasonal
MAC004983,2013-04-04,25.732,1.9,13.6,seasonal
MAC004983,2013-04-05,20.991,3.3,12.2,seasonal
MAC004983,2013-04-06,23.549,3.5,12.0,seasonal
MAC004983,2013-04-07,12.445,3.2,12.3,seasonal
MAC004983,2013-04-08,15.017,4.9,10.6,seasonal
MAC004983,2013-04-09,26.816,4.8,10.7,seasonal
MAC004983,2013-04-10,11.205,6.1,9.4,seasonal
MAC004983,2013-04-11,10.495,7.1,8.4,seasonal
MAC004983,2013-04-12,10.783,8.4,7.1,seasonal
MAC004983,2013-04-13,12.275,8.2,7.3,seasonal
MAC004983,2013-04-14,6.562,13.4,2.1,seasonal
MAC004983,2013-04-15,8.161,11.5,4.0,seasonal
MAC004983,2013-04-16,7.055,11.3,4.2,seasonal
MAC004983,2013-04-17,7.448,11.8,3.7,seasonal
MAC004983,2013-04-18,5.985,10.1,5.4,seasonal
MAC004983,2013-04-19,6.246,8.4,7.1,seasonal
MAC004983,2013-04-20,13.153,5.9,9.6,seasonal
MAC004983,2013-04-21,6.063,7.0,8.5,seasonal
MAC004983,2013-04-22,7.925,9.3,6.2,seasonal
MAC004983,2013-04-23,4.663,13.1,2.4,seasonal
MAC004983,2013-04-24,4.901,12.5,3.0,seasonal
MAC004983,2013-04-25,4.625,14.2,1.3,seasonal
MAC004983,2013-04-26,5.093,8.9,6.6,seasonal
MAC004983,2013-04-27,4.461,6.0,9.5,seasonal
MAC004983,2013-04-28,5.307,6.2,9.3,seasonal
MAC004983,2013-04-29,4.358,9.2,6.3,seasonal
MAC004983,2013-04-30,5.11,7.9,7.6,seasonal
MAC004983,2013-05-01,5.32,8.4,7.1,seasonal
MAC004983,2013-05-02,4.443,9.1,6.4,seasonal
MAC004983,2013-05-03,5.746,11.1,4.4,seasonal
MAC004983,2013-05-04,0.363,10.9,4.6,seasonal
MAC004983,2013-05-05,5.712,11.4,4.1,seasonal
MAC004983,2013-05-06,4.093,13.2,2.3,seasonal
MAC004983,2013-05-07,4.964,13.8,1.7,seasonal
MAC004983,2013-05-08,4.829,12.9,2.6,seasonal
MAC004983,2013-05-09,4.834,10.5,5.0,seasonal
MAC004983,2013-05-10,5.117,12.4,3.1,seasonal
MAC004983,2013-05-11,4.176,10.4,5.1,seasonal
MAC004983,2013-05-12,6.421,9.6,5.9,seasonal
MAC004983,2013-05-13,3.665,11.0,4.5,seasonal
MAC004983,2013-05-14,5.049,8.6,6.9,seasonal
MAC004983,2013-05-15,3.339,9.1,6.4,seasonal
MAC004983,2013-05-16,5.468,9.5,6.0,seasonal
MAC004983,2013-05-17,5.277,9.1,6.4,seasonal
MAC004983,2013-05-18,3.837,10.9,4.6,seasonal
MAC004983,2013-05-19,3.348,12.7,2.8,seasonal
MAC004983,2013-05-20,5.123,13.4,2.1,seasonal
MAC004983,2013-05-21,5.345,12.9,2.6,seasonal
MAC004983,2013-05-22,4.372,11.4,4.1,seasonal
MAC004983,2013-05-23,4.921,8.1,7.4,seasonal
MAC004983,2013-05-24,5.537,7.1,8.4,seasonal
MAC004983,2013-05-25,11.346,9.5,6.0,seasonal
MAC004983,2013-05-26,6.414,11.5,4.0,seasonal
MAC004983,2013-05-27,3.787,11.0,4.5,seasonal
MAC004983,2013-05-28,4.793,10.8,4.7,seasonal
MAC004983,2013-05-29,12.897,10.7,4.8,seasonal
MAC004983,2013-05-30,4.95,12.4,3.1,seasonal
MAC004983,2013-05-31,5.809,14.5,1.0,seasonal
MAC004983,2013-06-01,4.357,12.9,2.6,seasonal
MAC004983,2013-06-02,4.257,12.8,2.7,seasonal
MAC004983,2013-06-03,5.113,11.9,3.6,seasonal
MAC004983,2013-06-04,4.308,12.1,3.4,seasonal
MAC004983,2013-06-05,4.187,12.6,2.9,seasonal
MAC004983,2013-06-06,4.055,13.3,2.2,seasonal
MAC004983,2013-06-07,4.049,14.1,1.4,seasonal
MAC004983,2013-06-08,5.023,12.4,3.1,seasonal
MAC004983,2013-06-09,5.112,12.5,3.0,seasonal
MAC004983,2013-06-10,4.921,12.4,3.1,seasonal
MAC004983,2013-06-11,3.145,13.3,2.2,seasonal
MAC004983,2013-06-12,5.076,15.2,0.3,seasonal
MAC004983,2013-06-13,3.662,14.6,0.9,seasonal
MAC004983,2013-06-14,5.387,13.5,2.0,seasonal
MAC004983,2013-06-15,4.157,13.9,1.6,seasonal
MAC004983,2013-06-16,5.653,13.5,2.0,seasonal
MAC004983,2013-06-17,3.899,14.9,0.6,seasonal
MAC004983,2013-06-18,4.847,17.2,0.0,seasonal
MAC004983,2013-06-19,4.116,19.0,0.0,seasonal
MAC004983,2013-06-20,4.346,17.3,0.0,seasonal
MAC004983,2013-06-21,4.69,16.6,0.0,seasonal
MAC004983,2013-06-22,4.21,14.3,1.2,seasonal
MAC004983,2013-06-23,4.065,14.8,0.7,seasonal
MAC004983,2013-06-24,5.061,12.8,2.7,seasonal
MAC004983,2013-06-25,4.165,14.1,1.4,seasonal
MAC004983,2013-06-26,4.874,16.0,0.0,seasonal
MAC004983,2013-06-27,4.198,14.5,1.0,seasonal
MAC004983,2013-06-28,5.148,15.4,0.1,seasonal
MAC004983,2013-06-29,4.103,15.8,0.0,seasonal
MAC004983,2013-06-30,4.675,18.5,0.0,seasonal
MAC004983,2013-07-01,4.823,16.3,0.0,seasonal
MAC004983,2013-07-02,4.22,14.5,1.0,seasonal
MAC004983,2013-07-03,4.541,16.4,0.0,seasonal
MAC004983,2013-07-04,4.655,17.1,0.0,seasonal
MAC004983,2013-07-05,5.468,18.3,0.0,seasonal
MAC004983,2013-07-06,4.113,18.9,0.0,seasonal
MAC004983,2013-07-07,4.393,20.5,0.0,seasonal
MAC004983,2013-07-08,4.207,18.9,0.0,seasonal
MAC004983,2013-07-09,3.719,18.1,0.0,seasonal
MAC004983,2013-07-10,5.291,17.2,0.0,seasonal
MAC004983,2013-07-11,3.574,15.2,0.3,seasonal
MAC004983,2013-07-12,3.912,17.0,0.0,seasonal
MAC004983,2013-07-13,4.752,21.6,0.0,seasonal
MAC004983,2013-07-14,3.692,22.1,0.0,seasonal
MAC004983,2013-07-15,4.512,21.8,0.0,seasonal
MAC004983,2013-07-16,4.038,22.8,0.0,seasonal
MAC004983,2013-07-17,4.085,22.9,0.0,seasonal
MAC004983,2013-07-18,3.474,21.2,0.0,seasonal
MAC004983,2013-07-19,4.591,20.3,0.0,seasonal
MAC004983,2013-07-20,3.937,18.8,0.0,seasonal
MAC004983,2013-07-21,4.405,20.2,0.0,seasonal
MAC004983,2013-07-22,3.693,23.8,0.0,seasonal
MAC004983,2013-07-23,4.46,23.1,0.0,seasonal
MAC004983,2013-07-24,3.828,20.5,0.0,seasonal
MAC004983,2013-07-25,4.247,19.8,0.0,seasonal
MAC004983,2013-07-26,4.776,19.6,0.0,seasonal
MAC004983,2013-07-27,4.459,20.0,0.0,seasonal
MAC004983,2013-07-28,3.649,18.7,0.0,seasonal
MAC004983,2013-07-29,4.763,17.9,0.0,seasonal
MAC004983,2013-07-30,3.754,16.8,0.0,seasonal
MAC004983,2013-07-31,4.507,18.6,0.0,seasonal
MAC004983,2013-08-01,3.901,22.8,0.0,seasonal
MAC004983,2013-08-02,4.689,19.6,0.0,seasonal
MAC004983,2013-08-03,4.221,18.1,0.0,seasonal
MAC004983,2013-08-04,4.51,17.9,0.0,seasonal
MAC004983,2013-08-05,4.99,18.3,0.0,seasonal
MAC004983,2013-08-06,3.835,16.8,0.0,seasonal
MAC004983,2013-08-07,4.662,17.3,0.0,seasonal
MAC004983,2013-08-08,3.858,16.6,0.0,seasonal
MAC004983,2013-08-09,4.757,18.3,0.0,seasonal
MAC004983,2013-08-10,4.061,16.9,0.0,seasonal
MAC004983,2013-08-11,4.419,18.2,0.0,seasonal
MAC004983,2013-08-12,3.854,16.3,0.0,seasonal
MAC004983,2013-08-13,5.061,15.3,0.2,seasonal
MAC004983,2013-08-14,4.184,16.4,0.0,seasonal
MAC004983,2013-08-15,4.6,19.2,0.0,seasonal
MAC004983,2013-08-16,4.227,17.9,0.0,seasonal
MAC004983,2013-08-17,5.021,16.6,0.0,seasonal
MAC004983,2013-08-18,3.925,18.8,0.0,seasonal
MAC004983,2013-08-19,4.708,17.0,0.0,seasonal
MAC004983,2013-08-20,4.477,17.6,0.0,seasonal
MAC004983,2013-08-21,3.763,18.1,0.0,seasonal
MAC004983,2013-08-22,4.518,18.7,0.0,seasonal
MAC004983,2013-08-23,4.787,20.0,0.0,seasonal
MAC004983,2013-08-24,4.163,17.0,0.0,seasonal
MAC004983,2013-08-25,4.724,17.1,0.0,seasonal
MAC004983,2013-08-26,3.807,18.2,0.0,seasonal
MAC004983,2013-08-27,4.956,16.1,0.0,seasonal
MAC004983,2013-08-28,4.212,16.1,0.0,seasonal
MAC004983,2013-08-29,4.825,17.9,0.0,seasonal
MAC004983,2013-08-30,4.692,18.3,0.0,seasonal
MAC004983,2013-08-31,3.814,16.3,0.0,seasonal
MAC004983,2013-09-01,4.704,14.7,0.8,seasonal
MAC004983,2013-09-02,4.864,16.8,0.0,seasonal
MAC004983,2013-09-03,4.227,18.5,0.0,seasonal
MAC004983,2013-09-04,5.394,18.7,0.0,seasonal
MAC004983,2013-09-05,3.865,20.4,0.0,seasonal
MAC004983,2013-09-06,4.825,15.4,0.1,seasonal
MAC004983,2013-09-07,4.667,13.6,1.9,seasonal
MAC004983,2013-09-08,5.032,11.8,3.7,seasonal
MAC004983,2013-09-09,4.365,11.6,3.9,seasonal
MAC004983,2013-09-10,4.882,12.5,3.0,seasonal
MAC004983,2013-09-11,4.114,13.5,2.0,seasonal
MAC004983,2013-09-12,5.226,14.1,1.4,seasonal
MAC004983,2013-09-13,4.865,16.2,0.0,seasonal
MAC004983,2013-09-14,5.064,11.7,3.8,seasonal
MAC004983,2013-09-15,4.306,11.3,4.2,seasonal
MAC004983,2013-09-16,19.802,11.2,4.3,seasonal
MAC004983,2013-09-17,5.893,11.0,4.5,seasonal
MAC004983,2013-09-18,7.566,12.3,3.2,seasonal
MAC004983,2013-09-19,7.91,12.0,3.5,seasonal
MAC004983,2013-09-20,4.955,13.4,2.1,seasonal
MAC004983,2013-09-21,4.241,13.5,2.0,seasonal
MAC004983,2013-09-22,8.132,16.8,0.0,seasonal
MAC004983,2013-09-23,4.062,16.6,0.0,seasonal
MAC004983,2013-09-24,4.894,15.1,0.4,seasonal
MAC004983,2013-09-25,4.426,15.7,0.0,seasonal
MAC004983,2013-09-26,3.715,14.5,1.0,seasonal
MAC004983,2013-09-27,0.428,12.6,2.9,seasonal
MAC004983,2013-09-28,0.426,14.3,1.2,seasonal
MAC004983,2013-09-29,0.426,14.3,1.2,seasonal
MAC004983,2013-09-30,0.427,14.9,0.6,seasonal
MAC004983,2013-10-01,0.423,14.3,1.2,seasonal
MAC004983,2013-10-02,0.424,15.4,0.1,seasonal
MAC004983,2013-10-03,0.425,16.1,0.0,seasonal
MAC004983,2013-10-04,0.426,17.3,0.0,seasonal
MAC004983,2013-10-05,0.429,15.3,0.2,seasonal
MAC004983,2013-10-06,0.426,13.8,1.7,seasonal
MAC004983,2013-10-07,0.427,13.3,2.2,seasonal
MAC004983,2013-10-08,0.429,15.6,0.0,seasonal
MAC004983,2013-10-09,0.429,13.6,1.9,seasonal
MAC004983,2013-10-10,0.429,9.3,6.2,seasonal
MAC004983,2013-10-11,26.108,11.1,4.4,seasonal
MAC004983,2013-10-12,19.086,11.4,4.1,seasonal
MAC004983,2013-10-13,15.288,9.6,5.9,seasonal
MAC004983,2013-10-14,23.269,9.1,6.4,seasonal
MAC004983,2013-10-15,10.892,9.5,6.0,seasonal
MAC004983,2013-10-16,10.73,9.7,5.8,seasonal
MAC004983,2013-10-17,13.083,13.2,2.3,seasonal
MAC004983,2013-10-18,9.524,12.6,2.9,seasonal
MAC004983,2013-10-19,8.467,13.9,1.6,seasonal
MAC004983,2013-10-20,10.407,13.4,2.1,seasonal
MAC004983,2013-10-21,7.951,14.8,0.7,seasonal
MAC004983,2013-10-22,4.747,16.0,0.0,seasonal
MAC004983,2013-10-23,5.643,13.9,1.6,seasonal
MAC004983,2013-10-24,13.609,11.1,4.4,seasonal
MAC004983,2013-10-25,9.802,15.3,0.2,seasonal
MAC004983,2013-10-26,8.365,15.0,0.5,seasonal
MAC004983,2013-10-27,8.566,13.5,2.0,seasonal
MAC004983,2013-10-28,13.896,12.7,2.8,seasonal
MAC004983,2013-10-29,12.696,9.1,6.4,seasonal
MAC004983,2013-10-30,11.765,9.0,6.5,seasonal
MAC004983,2013-10-31,19.03,12.5,3.0,seasonal
MAC004983,2013-11-01,15.253,12.0,3.5,seasonal
MAC004983,2013-11-02,12.135,11.5,4.0,seasonal
MAC004983,2013-11-03,16.568,8.7,6.8,seasonal
MAC004983,2013-11-04,14.376,7.4,8.1,seasonal
MAC004983,2013-11-05,19.647,7.6,7.9,seasonal
MAC004983,2013-11-06,16.746,10.4,5.1,seasonal
MAC004983,2013-11-07,19.261,10.4,5.1,seasonal
MAC004983,2013-11-08,17.485,7.5,8.0,seasonal
MAC004983,2013-11-09,19.560001,5.4,10.1,seasonal
MAC004983,2013-11-10,20.615,5.2,10.3,seasonal
MAC004983,2013-11-11,16.28,8.5,7.0,seasonal
MAC004983,2013-11-12,21.44,10.0,5.5,seasonal
MAC004983,2013-11-13,12.79,5.1,10.4,seasonal
MAC004983,2013-11-14,22.303,7.2,8.3,seasonal
MAC004983,2013-11-15,20.229,4.8,10.7,seasonal
MAC004983,2013-11-16,19.174,4.0,11.5,seasonal
MAC004983,2013-11-17,21.429,6.0,9.5,seasonal
MAC004983,2013-11-18,18.468,7.8,7.7,seasonal
MAC004983,2013-11-19,21.342,2.9,12.6,seasonal
MAC004983,2013-11-20,24.218,2.3,13.2,seasonal
MAC004983,2013-11-21,21.217,4.5,11.0,seasonal
MAC004983,2013-11-22,20.6,4.8,10.7,seasonal
MAC004983,2013-11-23,20.569,4.6,10.9,seasonal
MAC004983,2013-11-24,18.657,4.6,10.9,seasonal
MAC004983,2013-11-25,18.943,4.0,11.5,seasonal
MAC004983,2013-11-26,18.736,2.5,13.0,seasonal
MAC004983,2013-11-27,18.865,6.4,9.1,seasonal
MAC004983,2013-11-28,19.231,7.2,8.3,seasonal
MAC004983,2013-11-29,14.613,7.3,8.2,seasonal
MAC004983,2013-11-30,15.157,5.3,10.2,seasonal
MAC004983,2013-12-01,15.294,3.7,11.8,seasonal
MAC004983,2013-12-02,15.201,5.5,10.0,seasonal
MAC004983,2013-12-03,16.209,3.2,12.3,seasonal
MAC004983,2013-12-04,16.375,4.4,11.1,seasonal
MAC004983,2013-12-05,18.229,4.4,11.1,seasonal
MAC004983,2013-12-06,16.022,4.3,11.2,seasonal
MAC004983,2013-12-07,18.523,5.9,9.6,seasonal
MAC004983,2013-12-08,16.691,7.3,8.2,seasonal
MAC004983,2013-12-09,14.619,6.7,8.8,seasonal
MAC004983,2013-12-10,21.15,3.9,11.6,seasonal
MAC004983,2013-12-11,22.604,2.8,12.7,seasonal
MAC004983,2013-12-12,20.567,5.2,10.3,seasonal
MAC004983,2013-12-13,15.2,8.7,6.8,seasonal
MAC004983,2013-12-14,16.366,7.3,8.2,seasonal
MAC004983,2013-12-15,15.019,10.7,4.8,seasonal
MAC004983,2013-12-16,9.544,11.4,4.1,seasonal
MAC004983,2013-12-17,21.581,6.3,9.2,seasonal
MAC004983,2013-12-18,18.59,8.1,7.4,seasonal
MAC004983,2013-12-19,18.654,6.1,9.4,seasonal
MAC004983,2013-12-20,12.117,5.4,10.1,seasonal
MAC004983,2013-12-21,11.939,10.2,5.3,seasonal
MAC004983,2013-12-22,19.102,7.1,8.4,seasonal
MAC004983,2013-12-23,15.149,8.1,7.4,seasonal
MAC004983,2013-12-24,18.609,8.5,7.0,seasonal
MAC004983,2013-12-25,19.952,4.7,10.8,seasonal
MAC004983,2013-12-26,21.516,4.1,11.4,seasonal
MAC004983,2013-12-27,21.096,9.0,6.5,seasonal
MAC004983,2013-12-28,16.685,4.8,10.7,seasonal
MAC004983,2013-12-29,20.685,2.3,13.2,seasonal
MAC004983,2013-12-30,0.844,7.8,7.7,seasonal
MAC005009,2013-01-01,38.956,5.8,9.7,seasonal
MAC005009,2013-01-02,36.76,6.2,9.3,seasonal
MAC005009,2013-01-03,39.68,10.2,5.3,seasonal
MAC005009,2013-01-04,37.317,8.8,6.7,seasonal
MAC005009,2013-01-05,37.655999,8.6,6.9,seasonal
MAC005009,2013-01-06,38.461,7.0,8.5,seasonal
MAC005009,2013-01-07,37.093,7.6,7.9,seasonal
MAC005009,2013-01-08,38.831,8.9,6.6,seasonal
MAC005009,2013-01-09,38.502001,6.8,8.7,seasonal
MAC005009,2013-01-10,39.474,1.8,13.7,seasonal
MAC005009,2013-01-11,39.551,2.7,12.8,seasonal
MAC005009,2013-01-12,37.537,2.7,12.8,seasonal
MAC005009,2013-01-13,44.682,1.1,14.4,seasonal
MAC005009,2013-01-14,38.562,0.2,15.3,seasonal
MAC005009,2013-01-15,39.170001,0.6,14.9,seasonal
MAC005009,2013-01-16,39.808,-2.2,17.7,seasonal
MAC005009,2013-01-17,39.651,-2.2,17.7,seasonal
MAC005009,2013-01-18,41.815,-1.4,16.9,seasonal
MAC005009,2013-01-19,39.212,-0.2,15.7,seasonal
MAC005009,2013-01-20,38.237,-1.2,16.7,seasonal
MAC005009,2013-01-21,38.632,-1.5,17.0,seasonal
MAC005009,2013-01-22,38.861,-1.5,17.0,seasonal
MAC005009,2013-01-23,44.153,0.9,14.6,seasonal
MAC005009,2013-01-24,41.121,-0.3,15.8,seasonal
MAC005009,2013-01-25,42.249,-1.5,17.0,seasonal
MAC005009,2013-01-26,42.882,3.3,12.2,seasonal
MAC005009,2013-01-27,38.457,7.6,7.9,seasonal
MAC005009,2013-01-28,38.612,5.8,9.7,seasonal
MAC005009,2013-01-29,41.897,10.9,4.6,seasonal
MAC005009,2013-01-30,35.652999,10.1,5.4,seasonal
MAC005009,2013-01-31,40.991999,8.2,7.3,seasonal
MAC005009,2013-02-01,41.544,5.4,10.1,seasonal
MAC005009,2013-02-02,45.217,2.7,12.8,seasonal
MAC005009,2013-02-03,38.924001,3.6,11.9,seasonal
MAC005009,2013-02-04,40.159,7.9,7.6,seasonal
MAC005009,2013-02-05,42.394,3.6,11.9,seasonal
MAC005009,2013-02-06,43.352,3.5,12.0,seasonal
MAC005009,2013-02-07,43.018,1.9,13.6,seasonal
MAC005009,2013-02-08,37.883,1.2,14.3,seasonal
MAC005009,2013-02-09,40.279,1.6,13.9,seasonal
MAC005009,2013-02-10,36.9,2.6,12.9,seasonal
MAC005009,2013-02-11,38.328,1.1,14.4,seasonal
MAC005009,2013-02-12,38.306,1.1,14.4,seasonal
MAC005009,2013-02-13,45.953,0.5,15.0,seasonal
MAC005009,2013-02-14,36.106,6.5,9.0,seasonal
MAC005009,2013-02-15,37.713,4.4,11.1,seasonal
MAC005009,2013-02-16,37.734,5.0,10.5,seasonal
MAC005009,2013-02-17,38.518,3.5,12.0,seasonal
MAC005009,2013-02-18,40.817,3.3,12.2,seasonal
MAC005009,2013-02-19,40.478,0.8,14.7,seasonal
MAC005009,2013-02-20,38.57,2.0,13.5,seasonal
MAC005009,2013-02-21,40.401,0.7,14.8,seasonal
MAC005009,2013-02-22,39.587999,0.3,15.2,seasonal
MAC005009,2013-02-23,45.73,0.3,15.2,seasonal
MAC005009,2013-02-24,37.652,0.4,15.1,seasonal
MAC005009,2013-02-25,42.262001,2.5,13.0,seasonal
MAC005009,2013-02-26,38.38,3.5,12.0,seasonal
MAC005009,2013-02-27,44.201,3.0,12.5,seasonal
MAC005009,2013-02-28,41.662,3.5,12.0,seasonal
MAC005009,2013-03-01,46.509,3.9,11.6,seasonal
MAC005009,2013-03-02,39.399,2.3,13.2,seasonal
MAC005009,2013-03-03,40.207001,2.6,12.9,seasonal
MAC005009,2013-03-04,43.096,3.6,11.9,seasonal
MAC005009,2013-03-05,40.334,5.8,9.7,seasonal
MAC005009,2013-03-06,38.154,7.4,8.1,seasonal
MAC005009,2013-03-07,36.096,8.0,7.5,seasonal
MAC005009,2013-03-08,40.773,8.5,7.0,seasonal
MAC005009,2013-03-09,37.584,6.0,9.5,seasonal
MAC005009,2013-03-10,40.78,2.1,13.4,seasonal
MAC005009,2013-03-11,38.118,-0.2,15.7,seasonal
MAC005009,2013-03-12,36.815,0.1,15.4,seasonal
MAC005009,2013-03-13,39.285,1.9,13.6,seasonal
MAC005009,2013-03-14,36.355,1.0,14.5,seasonal
MAC005009,2013-03-15,41.994,4.3,11.2,seasonal
MAC005009,2013-03-16,38.754,6.1,9.4,seasonal
MAC005009,2013-03-17,44.478,4.7,10.8,seasonal
MAC005009,2013-03-18,41.708,3.2,12.3,seasonal
MAC005009,2013-03-19,38.831,3.3,12.2,seasonal
MAC005009,2013-03-20,38.036,3.2,12.3,seasonal
MAC005009,2013-03-21,35.888,3.1,12.4,seasonal
MAC005009,2013-03-22,37.981999,3.2,12.3,seasonal
MAC005009,2013-03-23,40.297,1.6,13.9,seasonal
MAC005009,2013-03-24,42.494,0.1,15.4,seasonal
MAC005009,2013-03-25,42.105,0.4,15.1,seasonal
MAC005009,2013-03-26,38.704,0.3,15.2,seasonal
MAC005009,2013-03-27,36.991,0.8,14.7,seasonal
MAC005009,2013-03-28,36.411,1.0,14.5,seasonal
MAC005009,2013-03-29,41.01,0.2,15.3,seasonal
MAC005009,2013-03-30,37.527,1.2,14.3,seasonal
MAC005009,2013-03-31,39.789,0.5,15.0,seasonal
MAC005009,2013-04-01,36.993,1.8,13.7,seasonal
MAC005009,2013-04-02,38.559,2.6,12.9,seasonal
MAC005009,2013-04-03,38.807,1.7,13.8,seasonal
MAC005009,2013-04-04,46.139,1.9,13.6,seasonal
MAC005009,2013-04-05,38.386001,3.3,12.2,seasonal
MAC005009,2013-04-06,37.804,3.5,12.0,seasonal
MAC005009,2013-04-07,37.568,3.2,12.3,seasonal
MAC005009,2013-04-08,38.866,4.9,10.6,seasonal
MAC005009,2013-04-09,38.444,4.8,10.7,seasonal
MAC005009,2013-04-10,38.386999,6.1,9.4,seasonal
MAC005009,2013-04-11,38.227,7.1,8.4,seasonal
MAC005009,2013-04-12,40.168,8.4,7.1,seasonal
MAC005009,2013-04-13,43.513,8.2,7.3,seasonal
MAC005009,2013-04-14,38.371001,13.4,2.1,seasonal
MAC005009,2013-04-15,35.666,11.5,4.0,seasonal
MAC005009,2013-04-16,37.224,11.3,4.2,seasonal
MAC005009,2013-04-17,36.715,11.8,3.7,seasonal
MAC005009,2013-04-18,37.96,10.1,5.4,seasonal
MAC005009,2013-04-19,36.914,8.4,7.1,seasonal
MAC005009,2013-04-20,38.343,5.9,9.6,seasonal
MAC005009,2013-04-21,37.398,7.0,8.5,seasonal
MAC005009,2013-04-22,37.243,9.3,6.2,seasonal
MAC005009,2013-04-23,36.384999,13.1,2.4,seasonal
MAC005009,2013-04-24,35.179,12.5,3.0,seasonal
MAC005009,2013-04-25,37.124,14.2,1.3,seasonal
MAC005009,2013-04-26,37.523,8.9,6.6,seasonal
MAC005009,2013-04-27,35.726,6.0,9.5,seasonal
MAC005009,2013-04-28,38.165,6.2,9.3,seasonal
MAC005009,2013-04-29,35.694,9.2,6.3,seasonal
MAC005009,2013-04-30,36.761,7.9,7.6,seasonal
MAC005009,2013-05-01,38.125999,8.4,7.1,seasonal
MAC005009,2013-05-02,20.887,9.1,6.4,seasonal
MAC005009,2013-05-03,21.059,11.1,4.4,seasonal
MAC005009,2013-05-04,23.623,10.9,4.6,seasonal
MAC005009,2013-05-05,22.43,11.4,4.1,seasonal
MAC005009,2013-05-06,21.948,13.2,2.3,seasonal
MAC005009,2013-05-07,20.918,13.8,1.7,seasonal
MAC005009,2013-05-08,22.683,12.9,2.6,seasonal
MAC005009,2013-05-09,22.905,10.5,5.0,seasonal
MAC005009,2013-05-10,19.668,12.4,3.1,seasonal
MAC005009,2013-05-11,21.713,10.4,5.1,seasonal
MAC005009,2013-05-12,23.605,9.6,5.9,seasonal
MAC005009,2013-05-13,21.125,11.0,4.5,seasonal
MAC005009,2013-05-14,26.014,8.6,6.9,seasonal
MAC005009,2013-05-15,23.642,9.1,6.4,seasonal
MAC005009,2013-05-16,25.047,9.5,6.0,seasonal
MAC005009,2013-05-17,24.931,9.1,6.4,seasonal
MAC005009,2013-05-18,20.523,10.9,4.6,seasonal
MAC005009,2013-05-19,22.662,12.7,2.8,seasonal
MAC005009,2013-05-20,24.248,13.4,2.1,seasonal
MAC005009,2013-05-21,25.332,12.9,2.6,seasonal
MAC005009,2013-05-22,22.407,11.4,4.1,seasonal
MAC005009,2013-05-23,22.093,8.1,7.4,seasonal
MAC005009,2013-05-24,27.785,7.1,8.4,seasonal
MAC005009,2013-05-25,26.132,9.5,6.0,seasonal
MAC005009,2013-05-26,22.767,11.5,4.0,seasonal
MAC005009,2013-05-27,22.634,11.0,4.5,seasonal
MAC005009,2013-05-28,22.754,10.8,4.7,seasonal
MAC005009,2013-05-29,26.899001,10.7,4.8,seasonal
MAC005009,2013-05-30,7.622,12.4,3.1,seasonal
MAC005009,2013-05-31,8.063,14.5,1.0,seasonal
MAC005009,2013-06-01,7.758,12.9,2.6,seasonal
MAC005009,2013-06-02,6.797,12.8,2.7,seasonal
MAC005009,2013-06-03,9.023,11.9,3.6,seasonal
MAC005009,2013-06-04,8.16,12.1,3.4,seasonal
MAC005009,2013-06-05,7.692,12.6,2.9,seasonal
MAC005009,2013-06-06,9.077,13.3,2.2,seasonal
MAC005009,2013-06-07,10.252,14.1,1.4,seasonal
MAC005009,2013-06-08,11.006,12.4,3.1,seasonal
MAC005009,2013-06-09,11.282,12.5,3.0,seasonal
MAC005009,2013-06-10,10.629,12.4,3.1,seasonal
MAC005009,2013-06-11,10.427,13.3,2.2,seasonal
MAC005009,2013-06-12,9.82,15.2,0.3,seasonal
MAC005009,2013-06-13,8.906,14.6,0.9,seasonal
MAC005009,2013-06-14,11.563,13.5,2.0,seasonal
MAC005009,2013-06-15,11.022,13.9,1.6,seasonal
MAC005009,2013-06-16,11.413,13.5,2.0,seasonal
MAC005009,2013-06-17,10.634,14.9,0.6,seasonal
MAC005009,2013-06-18,10.094,17.2,0.0,seasonal
MAC005009,2013-06-19,10.919,19.0,0.0,seasonal
MAC005009,2013-06-20,11.05,17.3,0.0,seasonal
MAC005009,2013-06-21,10.424,16.6,0.0,seasonal
MAC005009,2013-06-22,10.616,14.3,1.2,seasonal
MAC005009,2013-06-23,10.626,14.8,0.7,seasonal
MAC005009,2013-06-24,11.051,12.8,2.7,seasonal
MAC005009,2013-06-25,10.227,14.1,1.4,seasonal
MAC005009,2013-06-26,11.397,16.0,0.0,seasonal
MAC005009,2013-06-27,9.135,14.5,1.0,seasonal
MAC005009,2013-06-28,9.905,15.4,0.1,seasonal
MAC005009,2013-06-29,8.505,15.8,0.0,seasonal
MAC005009,2013-06-30,9.825,18.5,0.0,seasonal
MAC005009,2013-07-01,9.662,16.3,0.0,seasonal
MAC005009,2013-07-02,10.982,14.5,1.0,seasonal
MAC005009,2013-07-03,10.884,16.4,0.0,seasonal
MAC005009,2013-07-04,10.969,17.1,0.0,seasonal
MAC005009,2013-07-05,9.52,18.3,0.0,seasonal
MAC005009,2013-07-06,10.477,18.9,0.0,seasonal
MAC005009,2013-07-07,10.813,20.5,0.0,seasonal
MAC005009,2013-07-08,11.04,18.9,0.0,seasonal
MAC005009,2013-07-09,10.746,18.1,0.0,seasonal
MAC005009,2013-07-10,10.988,17.2,0.0,seasonal
MAC005009,2013-07-11,9.172,15.2,0.3,seasonal
MAC005009,2013-07-12,10.267,17.0,0.0,seasonal
MAC005009,2013-07-13,9.399,21.6,0.0,seasonal
MAC005009,2013-07-14,10.395,22.1,0.0,seasonal
MAC005009,2013-07-15,10.256,21.8,0.0,seasonal
MAC005009,2013-07-16,9.944,22.8,0.0,seasonal
MAC005009,2013-07-17,10.358,22.9,0.0,seasonal
MAC005009,2013-07-18,9.463,21.2,0.0,seasonal
MAC005009,2013-07-19,10.106,20.3,0.0,seasonal
MAC005009,2013-07-20,10.314,18.8,0.0,seasonal
MAC005009,2013-07-21,10.705,20.2,0.0,seasonal
MAC005009,2013-07-22,8.964,23.8,0.0,seasonal
MAC005009,2013-07-23,10.683,23.1,0.0,seasonal
MAC005009,2013-07-24,9.074,20.5,0.0,seasonal
MAC005009,2013-07-25,11.433,19.8,0.0,seasonal
MAC005009,2013-07-26,8.453,19.6,0.0,seasonal
MAC005009,2013-07-27,8.511,20.0,0.0,seasonal
MAC005009,2013-07-28,9.977,18.7,0.0,seasonal
MAC005009,2013-07-29,10.911,17.9,0.0,seasonal
MAC005009,2013-07-30,11.017,16.8,0.0,seasonal
MAC005009,2013-07-31,10.305,18.6,0.0,seasonal
MAC005009,2013-08-01,9.595,22.8,0.0,seasonal
MAC005009,2013-08-02,9.548,19.6,0.0,seasonal
MAC005009,2013-08-03,8.434,18.1,0.0,seasonal
MAC005009,2013-08-04,12.761,17.9,0.0,seasonal
MAC005009,2013-08-05,9.356,18.3,0.0,seasonal
MAC005009,2013-08-06,9.975,16.8,0.0,seasonal
MAC005009,2013-08-07,10.533,17.3,0.0,seasonal
MAC005009,2013-08-08,10.708,16.6,0.0,seasonal
MAC005009,2013-08-09,11.652,18.3,0.0,seasonal
MAC005009,2013-08-10,7.578,16.9,0.0,seasonal
MAC005009,2013-08-11,10.594,18.2,0.0,seasonal
MAC005009,2013-08-12,9.946,16.3,0.0,seasonal
MAC005009,2013-08-13,9.998,15.3,0.2,seasonal
MAC005009,2013-08-14,8.965,16.4,0.0,seasonal
MAC005009,2013-08-15,10.944,19.2,0.0,seasonal
MAC005009,2013-08-16,10.816,17.9,0.0,seasonal
MAC005009,2013-08-17,9.199,16.6,0.0,seasonal
MAC005009,2013-08-18,10.163,18.8,0.0,seasonal
MAC005009,2013-08-19,9.528,17.0,0.0,seasonal
MAC005009,2013-08-20,10.483,17.6,0.0,seasonal
MAC005009,2013-08-21,11.722,18.1,0.0,seasonal
MAC005009,2013-08-22,11.429,18.7,0.0,seasonal
MAC005009,2013-08-23,10.472,20.0,0.0,seasonal
MAC005009,2013-08-24,8.518,17.0,0.0,seasonal
MAC005009,2013-08-25,10.671,17.1,0.0,seasonal
MAC005009,2013-08-26,10.364,18.2,0.0,seasonal
MAC005009,2013-08-27,9.526,16.1,0.0,seasonal
MAC005009,2013-08-28,10.004,16.1,0.0,seasonal
MAC005009,2013-08-29,9.894,17.9,0.0,seasonal
MAC005009,2013-08-30,10.112,18.3,0.0,seasonal
MAC005009,2013-08-31,8.764,16.3,0.0,seasonal
MAC005009,2013-09-01,14.067,14.7,0.8,seasonal
MAC005009,2013-09-02,10.133,16.8,0.0,seasonal
MAC005009,2013-09-03,10.271,18.5,0.0,seasonal
MAC005009,2013-09-04,10.419,18.7,0.0,seasonal
MAC005009,2013-09-05,9.966,20.4,0.0,seasonal
MAC005009,2013-09-06,10.138,15.4,0.1,seasonal
MAC005009,2013-09-07,10.751,13.6,1.9,seasonal
MAC005009,2013-09-08,9.51,11.8,3.7,seasonal
MAC005009,2013-09-09,10.629,11.6,3.9,seasonal
MAC005009,2013-09-10,11.001,12.5,3.0,seasonal
MAC005009,2013-09-11,10.687,13.5,2.0,seasonal
MAC005009,2013-09-12,10.998,14.1,1.4,seasonal
MAC005009,2013-09-13,12.615,16.2,0.0,seasonal
MAC005009,2013-09-14,7.678,11.7,3.8,seasonal
MAC005009,2013-09-15,10.812,11.3,4.2,seasonal
MAC005009,2013-09-16,11.917,11.2,4.3,seasonal
MAC005009,2013-09-17,10.24,11.0,4.5,seasonal
MAC005009,2013-09-18,10.995,12.3,3.2,seasonal
MAC005009,2013-09-19,9.727,12.0,3.5,seasonal
MAC005009,2013-09-20,9.719,13.4,2.1,seasonal
MAC005009,2013-09-21,8.11,13.5,2.0,seasonal
MAC005009,2013-09-22,11.712,16.8,0.0,seasonal
MAC005009,2013-09-23,10.627,16.6,0.0,seasonal
MAC005009,2013-09-24,10.545,15.1,0.4,seasonal
MAC005009,2013-09-25,10.324,15.7,0.0,seasonal
MAC005009,2013-09-26,10.433,14.5,1.0,seasonal
MAC005009,2013-09-27,8.146,12.6,2.9,seasonal
MAC005009,2013-09-28,8.375,14.3,1.2,seasonal
MAC005009,2013-09-29,11.47,14.3,1.2,seasonal
MAC005009,2013-09-30,11.239,14.9,0.6,seasonal
MAC005009,2013-10-01,11.583,14.3,1.2,seasonal
MAC005009,2013-10-02,11.449,15.4,0.1,seasonal
MAC005009,2013-10-03,10.966,16.1,0.0,seasonal
MAC005009,2013-10-04,10.857,17.3,0.0,seasonal
MAC005009,2013-10-05,8.982,15.3,0.2,seasonal
MAC005009,2013-10-06,12.247,13.8,1.7,seasonal
MAC005009,2013-10-07,12.266,13.3,2.2,seasonal
MAC005009,2013-10-08,11.709,15.6,0.0,seasonal
MAC005009,2013-10-09,11.334,13.6,1.9,seasonal
MAC005009,2013-10-10,10.864,9.3,6.2,seasonal
MAC005009,2013-10-11,12.488,11.1,4.4,seasonal
MAC005009,2013-10-12,11.63,11.4,4.1,seasonal
MAC005009,2013-10-13,12.15,9.6,5.9,seasonal
MAC005009,2013-10-14,10.839,9.1,6.4,seasonal
MAC005009,2013-10-15,10.879,9.5,6.0,seasonal
MAC005009,2013-10-16,12.003,9.7,5.8,seasonal
MAC005009,2013-10-17,10.029,13.2,2.3,seasonal
MAC005009,2013-10-18,11.235,12.6,2.9,seasonal
MAC005009,2013-10-19,9.453,13.9,1.6,seasonal
MAC005009,2013-10-20,23.905,13.4,2.1,seasonal
MAC005009,2013-10-21,21.479,14.8,0.7,seasonal
MAC005009,2013-10-22,20.47,16.0,0.0,seasonal
MAC005009,2013-10-23,21.444,13.9,1.6,seasonal
MAC005009,2013-10-24,20.826,11.1,4.4,seasonal
MAC005009,2013-10-25,22.009,15.3,0.2,seasonal
MAC005009,2013-10-26,19.03,15.0,0.5,seasonal
MAC005009,2013-10-27,22.352,13.5,2.0,seasonal
MAC005009,2013-10-28,23.238,12.7,2.8,seasonal
MAC005009,2013-10-29,24.914,9.1,6.4,seasonal
MAC005009,2013-10-30,24.223,9.0,6.5,seasonal
MAC005009,2013-10-31,28.046,12.5,3.0,seasonal
MAC005009,2013-11-01,28.195,12.0,3.5,seasonal
MAC005009,2013-11-02,22.941,11.5,4.0,seasonal
MAC005009,2013-11-03,21.394,8.7,6.8,seasonal
MAC005009,2013-11-04,22.003,7.4,8.1,seasonal
MAC005009,2013-11-05,20.826,7.6,7.9,seasonal
MAC005009,2013-11-06,25.263,10.4,5.1,seasonal
MAC005009,2013-11-07,24.808,10.4,5.1,seasonal
MAC005009,2013-11-08,22.364,7.5,8.0,seasonal
MAC005009,2013-11-09,21.749,5.4,10.1,seasonal
MAC005009,2013-11-10,20.643,5.2,10.3,seasonal
MAC005009,2013-11-11,25.591,8.5,7.0,seasonal
MAC005009,2013-11-12,25.48,10.0,5.5,seasonal
MAC005009,2013-11-13,24.045,5.1,10.4,seasonal
MAC005009,2013-11-14,27.112,7.2,8.3,seasonal
MAC005009,2013-11-15,22.533,4.8,10.7,seasonal
MAC005009,2013-11-16,28.768,4.0,11.5,seasonal
MAC005009,2013-11-17,22.623,6.0,9.5,seasonal
MAC005009,2013-11-18,24.009,7.8,7.7,seasonal
MAC005009,2013-11-19,23.815,2.9,12.6,seasonal
MAC005009,2013-11-20,23.181,2.3,13.2,seasonal
MAC005009,2013-11-21,28.771,4.5,11.0,seasonal
MAC005009,2013-11-22,26.263001,4.8,10.7,seasonal
MAC005009,2013-11-23,23.757,4.6,10.9,seasonal
MAC005009,2013-11-24,24.095,4.6,10.9,seasonal
MAC005009,2013-11-25,20.119,4.0,11.5,seasonal
MAC005009,2013-11-26,23.594,2.5,13.0,seasonal
MAC005009,2013-11-27,36.711001,6.4,9.1,seasonal
MAC005009,2013-11-28,31.686,7.2,8.3,seasonal
MAC005009,2013-11-29,34.227,7.3,8.2,seasonal
MAC005009,2013-11-30,33.466,5.3,10.2,seasonal
MAC005009,2013-12-01,33.41,3.7,11.8,seasonal
MAC005009,2013-12-02,34.603,5.5,10.0,seasonal
MAC005009,2013-12-03,35.615,3.2,12.3,seasonal
MAC005009,2013-12-04,34.35,4.4,11.1,seasonal
MAC005009,2013-12-05,33.299,4.4,11.1,seasonal
MAC005009,2013-12-06,37.104,4.3,11.2,seasonal
MAC005009,2013-12-07,35.654,5.9,9.6,seasonal
MAC005009,2013-12-08,34.152,7.3,8.2,seasonal
MAC005009,2013-12-09,34.675,6.7,8.8,seasonal
MAC005009,2013-12-10,34.74,3.9,11.6,seasonal
MAC005009,2013-12-11,33.343,2.8,12.7,seasonal
MAC005009,2013-12-12,33.843,5.2,10.3,seasonal
MAC005009,2013-12-13,33.66,8.7,6.8,seasonal
MAC005009,2013-12-14,32.68,7.3,8.2,seasonal
MAC005009,2013-12-15,34.079,10.7,4.8,seasonal
MAC005009,2013-12-16,20.953,11.4,4.1,seasonal
MAC005009,2013-12-17,22.273,6.3,9.2,seasonal
MAC005009,2013-12-18,21.575,8.1,7.4,seasonal
MAC005009,2013-12-19,21.54,6.1,9.4,seasonal
MAC005009,2013-12-20,23.987,5.4,10.1,seasonal
MAC005009,2013-12-21,24.224,10.2,5.3,seasonal
MAC005009,2013-12-22,24.764,7.1,8.4,seasonal
MAC005009,2013-12-23,28.449,8.1,7.4,seasonal
MAC005009,2013-12-24,40.431,8.5,7.0,seasonal
MAC005009,2013-12-25,37.275,4.7,10.8,seasonal
MAC005009,2013-12-26,39.919,4.1,11.4,seasonal
MAC005009,2013-12-27,41.741001,9.0,6.5,seasonal
MAC005009,2013-12-28,36.971,4.8,10.7,seasonal
MAC005009,2013-12-29,35.542,2.3,13.2,seasonal
MAC005009,2013-12-30,37.374,7.8,7.7,seasonal
MAC005014,2013-01-01,7.849,5.8,9.7,year_round
MAC005014,2013-01-02,6.657,6.2,9.3,year_round
MAC005014,2013-01-03,5.043,10.2,5.3,year_round
MAC005014,2013-01-04,6.207,8.8,6.7,year_round
MAC005014,2013-01-05,6.261,8.6,6.9,year_round
MAC005014,2013-01-06,5.339,7.0,8.5,year_round
MAC005014,2013-01-07,4.729,7.6,7.9,year_round
MAC005014,2013-01-08,5.255,8.9,6.6,year_round
MAC005014,2013-01-09,5.147,6.8,8.7,year_round
MAC005014,2013-01-10,6.189,1.8,13.7,year_round
MAC005014,2013-01-11,4.456,2.7,12.8,year_round
MAC005014,2013-01-12,5.42,2.7,12.8,year_round
MAC005014,2013-01-13,3.322,1.1,14.4,year_round
MAC005014,2013-01-14,4.592,0.2,15.3,year_round
MAC005014,2013-01-15,2.35,0.6,14.9,year_round
MAC005014,2013-01-16,3.401,-2.2,17.7,year_round
MAC005014,2013-01-17,6.71,-2.2,17.7,year_round
MAC005014,2013-01-18,6.759,-1.4,16.9,year_round
MAC005014,2013-01-19,3.173,-0.2,15.7,year_round
MAC005014,2013-01-20,5.234,-1.2,16.7,year_round
MAC005014,2013-01-21,5.844,-1.5,17.0,year_round
MAC005014,2013-01-22,5.985,-1.5,17.0,year_round
MAC005014,2013-01-23,6.25,0.9,14.6,year_round
MAC005014,2013-01-24,5.893,-0.3,15.8,year_round
MAC005014,2013-01-25,5.518,-1.5,17.0,year_round
MAC005014,2013-01-26,6.147,3.3,12.2,year_round
MAC005014,2013-01-27,4.771,7.6,7.9,year_round
MAC005014,2013-01-28,8.028,5.8,9.7,year_round
MAC005014,2013-01-29,5.23,10.9,4.6,year_round
MAC005014,2013-01-30,6.42,10.1,5.4,year_round
MAC005014,2013-01-31,5.501,8.2,7.3,year_round
MAC005014,2013-02-01,5.565,5.4,10.1,year_round
MAC005014,2013-02-02,6.568,2.7,12.8,year_round
MAC005014,2013-02-03,5.736,3.6,11.9,year_round
MAC005014,2013-02-04,4.073,7.9,7.6,year_round
MAC005014,2013-02-05,6.376,3.6,11.9,year_round
MAC005014,2013-02-06,6.932,3.5,12.0,year_round
MAC005014,2013-02-07,6.565,1.9,13.6,year_round
MAC005014,2013-02-08,6.649,1.2,14.3,year_round
MAC005014,2013-02-09,5.45,1.6,13.9,year_round
MAC005014,2013-02-10,5.465,2.6,12.9,year_round
MAC005014,2013-02-11,5.984,1.1,14.4,year_round
MAC005014,2013-02-12,7.119,1.1,14.4,year_round
MAC005014,2013-02-13,5.17,0.5,15.0,year_round
MAC005014,2013-02-14,6.795,6.5,9.0,year_round
MAC005014,2013-02-15,5.428,4.4,11.1,year_round
MAC005014,2013-02-16,6.453,5.0,10.5,year_round
MAC005014,2013-02-17,4.715,3.5,12.0,year_round
MAC005014,2013-02-18,5.302,3.3,12.2,year_round
MAC005014,2013-02-19,4.583,0.8,14.7,year_round
MAC005014,2013-02-20,5.518,2.0,13.5,year_round
MAC005014,2013-02-21,7.277,0.7,14.8,year_round
MAC005014,2013-02-22,6.386,0.3,15.2,year_round
MAC005014,2013-02-23,7.581,0.3,15.2,year_round
MAC005014,2013-02-24,5.238,0.4,15.1,year_round
MAC005014,2013-02-25,3.958,2.5,13.0,year_round
MAC005014,2013-02-26,5.21,3.5,12.0,year_round
MAC005014,2013-02-27,5.232,3.0,12.5,year_round
MAC005014,2013-02-28,7.595,3.5,12.0,year_round
MAC005014,2013-03-01,5.292,3.9,11.6,year_round
MAC005014,2013-03-02,6.509,2.3,13.2,year_round
MAC005014,2013-03-03,5.579,2.6,12.9,year_round
MAC005014,2013-03-04,6.753,3.6,11.9,year_round
MAC005014,2013-03-05,7.218,5.8,9.7,year_round
MAC005014,2013-03-06,3.94,7.4,8.1,year_round
MAC005014,2013-03-07,4.362,8.0,7.5,year_round
MAC005014,2013-03-08,5.728,8.5,7.0,year_round
MAC005014,2013-03-09,6.48,6.0,9.5,year_round
MAC005014,2013-03-10,3.468,2.1,13.4,year_round
MAC005014,2013-03-11,4.924,-0.2,15.7,year_round
MAC005014,2013-03-12,6.026,0.1,15.4,year_round
MAC005014,2013-03-13,6.709,1.9,13.6,year_round
MAC005014,2013-03-14,7.055,1.0,14.5,year_round
MAC005014,2013-03-15,5.711,4.3,11.2,year_round
MAC005014,2013-03-16,5.976,6.1,9.4,year_round
MAC005014,2013-03-17,5.137,4.7,10.8,year_round
MAC005014,2013-03-18,7.659,3.2,12.3,year_round
MAC005014,2013-03-19,6.313,3.3,12.2,year_round
MAC005014,2013-03-20,6.1,3.2,12.3,year_round
MAC005014,2013-03-21,6.852,3.1,12.4,year_round
MAC005014,2013-03-22,6.374,3.2,12.3,year_round
MAC005014,2013-03-23,6.001,1.6,13.9,year_round
MAC005014,2013-03-24,5.465,0.1,15.4,year_round
MAC005014,2013-03-25,4.051,0.4,15.1,year_round
MAC005014,2013-03-26,6.175,0.3,15.2,year_round
MAC005014,2013-03-27,8.566,0.8,14.7,year_round
MAC005014,2013-03-28,5.808,1.0,14.5,year_round
MAC005014,2013-03-29,5.932,0.2,15.3,year_round
MAC005014,2013-03-30,6.217,1.2,14.3,year_round
MAC005014,2013-03-31,5.504,0.5,15.0,year_round
MAC005014,2013-04-01,8.664,1.8,13.7,year_round
MAC005014,2013-04-02,4.394,2.6,12.9,year_round
MAC005014,2013-04-03,6.143,1.7,13.8,year_round
MAC005014,2013-04-04,5.507,1.9,13.6,year_round
MAC005014,2013-04-05,6.865,3.3,12.2,year_round
MAC005014,2013-04-06,4.558,3.5,12.0,year_round
MAC005014,2013-04-07,5.08,3.2,12.3,year_round
MAC005014,2013-04-08,5.374,4.9,10.6,year_round
MAC005014,2013-04-09,5.681,4.8,10.7,year_round
MAC005014,2013-04-10,6.534,6.1,9.4,year_round
MAC005014,2013-04-11,5.641,7.1,8.4,year_round
MAC005014,2013-04-12,4.875,8.4,7.1,year_round
MAC005014,2013-04-13,4.084,8.2,7.3,year_round
MAC005014,2013-04-14,4.901,13.4,2.1,year_round
MAC005014,2013-04-15,4.577,11.5,4.0,year_round
MAC005014,2013-04-16,6.101,11.3,4.2,year_round
MAC005014,2013-04-17,6.667,11.8,3.7,year_round
MAC005014,2013-04-18,6.574,10.1,5.4,year_round
MAC005014,2013-04-19,6.212,8.4,7.1,year_round
MAC005014,2013-04-20,3.258,5.9,9.6,year_round
MAC005014,2013-04-21,7.97,7.0,8.5,year_round
MAC005014,2013-04-22,7.924,9.3,6.2,year_round
MAC005014,2013-04-23,5.518,13.1,2.4,year_round
MAC005014,2013-04-24,4.463,12.5,3.0,year_round
MAC005014,2013-04-25,5.645,14.2,1.3,year_round
MAC005014,2013-04-26,6.451,8.9,6.6,year_round
MAC005014,2013-04-27,6.065,6.0,9.5,year_round
MAC005014,2013-04-28,6.078,6.2,9.3,year_round
MAC005014,2013-04-29,5.821,9.2,6.3,year_round
MAC005014,2013-04-30,4.23,7.9,7.6,year_round
MAC005014,2013-05-01,4.751,8.4,7.1,year_round
MAC005014,2013-05-02,5.63,9.1,6.4,year_round
MAC005014,2013-05-03,5.959,11.1,4.4,year_round
MAC005014,2013-05-04,5.444,10.9,4.6,year_round
MAC005014,2013-05-05,5.802,11.4,4.1,year_round
MAC005014,2013-05-06,5.117,13.2,2.3,year_round
MAC005014,2013-05-07,5.031,13.8,1.7,year_round
MAC005014,2013-05-08,5.34,12.9,2.6,year_round
MAC005014,2013-05-09,5.647,10.5,5.0,year_round
MAC005014,2013-05-10,6.02,12.4,3.1,year_round
MAC005014,2013-05-11,6.845,10.4,5.1,year_round
MAC005014,2013-05-12,6.279,9.6,5.9,year_round
MAC005014,2013-05-13,7.231,11.0,4.5,year_round
MAC005014,2013-05-14,7.11,8.6,6.9,year_round
MAC005014,2013-05-15,5.71,9.1,6.4,year_round
MAC005014,2013-05-16,5.977,9.5,6.0,year_round
MAC005014,2013-05-17,4.892,9.1,6.4,year_round
MAC005014,2013-05-18,5.828,10.9,4.6,year_round
MAC005014,2013-05-19,5.035,12.7,2.8,year_round
MAC005014,2013-05-20,6.026,13.4,2.1,year_round
MAC005014,2013-05-21,5.08,12.9,2.6,year_round
MAC005014,2013-05-22,5.906,11.4,4.1,year_round
MAC005014,2013-05-23,7.007,8.1,7.4,year_round
MAC005014,2013-05-24,4.151,7.1,8.4,year_round
MAC005014,2013-05-25,6.955,9.5,6.0,year_round
MAC005014,2013-05-26,5.404,11.5,4.0,year_round
MAC005014,2013-05-27,5.221,11.0,4.5,year_round
MAC005014,2013-05-28,5.13,10.8,4.7,year_round
MAC005014,2013-05-29,5.824,10.7,4.8,year_round
MAC005014,2013-05-30,6.377,12.4,3.1,year_round
MAC005014,2013-05-31,6.344,14.5,1.0,year_round
MAC005014,2013-06-01,5.874,12.9,2.6,year_round
MAC005014,2013-06-02,4.297,12.8,2.7,year_round
MAC005014,2013-06-03,4.762,11.9,3.6,year_round
MAC005014,2013-06-04,4.825,12.1,3.4,year_round
MAC005014,2013-06-05,5.761,12.6,2.9,year_round
MAC005014,2013-06-06,5.852,13.3,2.2,year_round
MAC005014,2013-06-07,6.33,14.1,1.4,year_round
MAC005014,2013-06-08,6.729,12.4,3.1,year_round
MAC005014,2013-06-09,3.838,12.5,3.0,year_round
MAC005014,2013-06-10,5.843,12.4,3.1,year_round
MAC005014,2013-06-11,5.503,13.3,2.2,year_round
MAC005014,2013-06-12,5.081,15.2,0.3,year_round
MAC005014,2013-06-13,6.41,14.6,0.9,year_round
MAC005014,2013-06-14,7.573,13.5,2.0,year_round
MAC005014,2013-06-15,6.211,13.9,1.6,year_round
MAC005014,2013-06-16,6.484,13.5,2.0,year_round
MAC005014,2013-06-17,4.088,14.9,0.6,year_round
MAC005014,2013-06-18,6.513,17.2,0.0,year_round
MAC005014,2013-06-19,5.673,19.0,0.0,year_round
MAC005014,2013-06-20,5.409,17.3,0.0,year_round
MAC005014,2013-06-21,4.946,16.6,0.0,year_round
MAC005014,2013-06-22,5.716,14.3,1.2,year_round
MAC005014,2013-06-23,5.075,14.8,0.7,year_round
MAC005014,2013-06-24,5.601,12.8,2.7,year_round
MAC005014,2013-06-25,5.29,14.1,1.4,year_round
MAC005014,2013-06-26,0.281,16.0,0.0,year_round
MAC005014,2013-06-27,8.613,14.5,1.0,year_round
MAC005014,2013-06-28,3.215,15.4,0.1,year_round
MAC005014,2013-06-29,7.132,15.8,0.0,year_round
MAC005014,2013-06-30,7.055,18.5,0.0,year_round
MAC005014,2013-07-01,5.066,16.3,0.0,year_round
MAC005014,2013-07-02,5.347,14.5,1.0,year_round
MAC005014,2013-07-03,7.186,16.4,0.0,year_round
MAC005014,2013-07-04,4.716,17.1,0.0,year_round
MAC005014,2013-07-05,5.034,18.3,0.0,year_round
MAC005014,2013-07-06,5.256,18.9,0.0,year_round
MAC005014,2013-07-07,5.405,20.5,0.0,year_round
MAC005014,2013-07-08,4.29,18.9,0.0,year_round
MAC005014,2013-07-09,5.228,18.1,0.0,year_round
MAC005014,2013-07-10,5.183,17.2,0.0,year_round
MAC005014,2013-07-11,4.43,15.2,0.3,year_round
MAC005014,2013-07-12,4.179,17.0,0.0,year_round
MAC005014,2013-07-13,5.44,21.6,0.0,year_round
MAC005014,2013-07-14,2.81,22.1,0.0,year_round
MAC005014,2013-07-15,5.399,21.8,0.0,year_round
MAC005014,2013-07-16,4.258,22.8,0.0,year_round
MAC005014,2013-07-17,3.756,22.9,0.0,year_round
MAC005014,2013-07-18,3.276,21.2,0.0,year_round
MAC005014,2013-07-19,4.259,20.3,0.0,year_round
MAC005014,2013-07-20,5.234,18.8,0.0,year_round
MAC005014,2013-07-21,4.81,20.2,0.0,year_round
MAC005014,2013-07-22,5.113,23.8,0.0,year_round
MAC005014,2013-07-23,5.255,23.1,0.0,year_round
MAC005014,2013-07-24,4.938,20.5,0.0,year_round
MAC005014,2013-07-25,5.282,19.8,0.0,year_round
MAC005014,2013-07-26,4.165,19.6,0.0,year_round
MAC005014,2013-07-27,5.391,20.0,0.0,year_round
MAC005014,2013-07-28,3.648,18.7,0.0,year_round
MAC005014,2013-07-29,4.747,17.9,0.0,year_round
MAC005014,2013-07-30,5.084,16.8,0.0,year_round
MAC005014,2013-07-31,4.114,18.6,0.0,year_round
MAC005014,2013-08-01,5.17,22.8,0.0,year_round
MAC005014,2013-08-02,3.055,19.6,0.0,year_round
MAC005014,2013-08-03,3.531,18.1,0.0,year_round
MAC005014,2013-08-04,3.432,17.9,0.0,year_round
MAC005014,2013-08-05,4.847,18.3,0.0,year_round
MAC005014,2013-08-06,3.835,16.8,0.0,year_round
MAC005014,2013-08-07,4.139,17.3,0.0,year_round
MAC005014,2013-08-08,5.06,16.6,0.0,year_round
MAC005014,2013-08-09,4.911,18.3,0.0,year_round
MAC005014,2013-08-10,4.748,16.9,0.0,year_round
MAC005014,2013-08-11,4.57,18.2,0.0,year_round
MAC005014,2013-08-12,5.558,16.3,0.0,year_round
MAC005014,2013-08-13,3.981,15.3,0.2,year_round
MAC005014,2013-08-14,4.527,16.4,0.0,year_round
MAC005014,2013-08-15,4.886,19.2,0.0,year_round
MAC005014,2013-08-16,4.715,17.9,0.0,year_round
MAC005014,2013-08-17,5.429,16.6,0.0,year_round
MAC005014,2013-08-18,4.113,18.8,0.0,year_round
MAC005014,2013-08-19,5.332,17.0,0.0,year_round
MAC005014,2013-08-20,5.002,17.6,0.0,year_round
MAC005014,2013-08-21,4.314,18.1,0.0,year_round
MAC005014,2013-08-22,0.678,18.7,0.0,year_round
MAC005014,2013-08-23,9.495,20.0,0.0,year_round
MAC005014,2013-08-24,4.919,17.0,0.0,year_round
MAC005014,2013-08-25,5.86,17.1,0.0,year_round
MAC005014,2013-08-26,4.985,18.2,0.0,year_round
MAC005014,2013-08-27,4.514,16.1,0.0,year_round
MAC005014,2013-08-28,5.264,16.1,0.0,year_round
MAC005014,2013-08-29,5.14,17.9,0.0,year_round
MAC005014,2013-08-30,5.386,18.3,0.0,year_round
MAC005014,2013-08-31,4.815,16.3,0.0,year_round
MAC005014,2013-09-01,4.87,14.7,0.8,year_round
MAC005014,2013-09-02,5.372,16.8,0.0,year_round
MAC005014,2013-09-03,5.421,18.5,0.0,year_round
MAC005014,2013-09-04,4.882,18.7,0.0,year_round
MAC005014,2013-09-05,5.133,20.4,0.0,year_round
MAC005014,2013-09-06,3.305,15.4,0.1,year_round
MAC005014,2013-09-07,7.962,13.6,1.9,year_round
MAC005014,2013-09-08,4.243,11.8,3.7,year_round
MAC005014,2013-09-09,5.994,11.6,3.9,year_round
MAC005014,2013-09-10,5.939,12.5,3.0,year_round
MAC005014,2013-09-11,5.964,13.5,2.0,year_round
MAC005014,2013-09-12,5.991,14.1,1.4,year_round
MAC005014,2013-09-13,5.909,16.2,0.0,year_round
MAC005014,2013-09-14,5.194,11.7,3.8,year_round
MAC005014,2013-09-15,3.887,11.3,4.2,year_round
MAC005014,2013-09-16,6.79,11.2,4.3,year_round
MAC005014,2013-09-17,6.051,11.0,4.5,year_round
MAC005014,2013-09-18,5.569,12.3,3.2,year_round
MAC005014,2013-09-19,6.196,12.0,3.5,year_round
MAC005014,2013-09-20,4.471,13.4,2.1,year_round
MAC005014,2013-09-21,5.459,13.5,2.0,year_round
MAC005014,2013-09-22,5.754,16.8,0.0,year_round
MAC005014,2013-09-23,5.681,16.6,0.0,year_round
MAC005014,2013-09-24,3.203,15.1,0.4,year_round
MAC005014,2013-09-25,6.409,15.7,0.0,year_round
MAC005014,2013-09-26,4.864,14.5,1.0,year_round
MAC005014,2013-09-27,5.418,12.6,2.9,year_round
MAC005014,2013-09-28,5.001,14.3,1.2,year_round
MAC005014,2013-09-29,5.89,14.3,1.2,year_round
MAC005014,2013-09-30,6.466,14.9,0.6,year_round
MAC005014,2013-10-01,5.345,14.3,1.2,year_round
MAC005014,2013-10-02,5.229,15.4,0.1,year_round
MAC005014,2013-10-03,5.42,16.1,0.0,year_round
MAC005014,2013-10-04,6.081,17.3,0.0,year_round
MAC005014,2013-10-05,5.286,15.3,0.2,year_round
MAC005014,2013-10-06,4.474,13.8,1.7,year_round
MAC005014,2013-10-07,3.984,13.3,2.2,year_round
MAC005014,2013-10-08,5.104,15.6,0.0,year_round
MAC005014,2013-10-09,5.2,13.6,1.9,year_round
MAC005014,2013-10-10,4.523,9.3,6.2,year_round
MAC005014,2013-10-11,5.916,11.1,4.4,year_round
MAC005014,2013-10-12,4.362,11.4,4.1,year_round
MAC005014,2013-10-13,4.883,9.6,5.9,year_round
MAC005014,2013-10-14,4.747,9.1,6.4,year_round
MAC005014,2013-10-15,5.536,9.5,6.0,year_round
MAC005014,2013-10-16,5.297,9.7,5.8,year_round
MAC005014,2013-10-17,5.714,13.2,2.3,year_round
MAC005014,2013-10-18,4.612,12.6,2.9,year_round
MAC005014,2013-10-19,4.701,13.9,1.6,year_round
MAC005014,2013-10-20,5.189,13.4,2.1,year_round
MAC005014,2013-10-21,4.864,14.8,0.7,year_round
MAC005014,2013-10-22,4.784,16.0,0.0,year_round
MAC005014,2013-10-23,4.801,13.9,1.6,year_round
MAC005014,2013-10-24,4.857,11.1,4.4,year_round
MAC005014,2013-10-25,3.943,15.3,0.2,year_round
MAC005014,2013-10-26,4.882,15.0,0.5,year_round
MAC005014,2013-10-27,3.988,13.5,2.0,year_round
MAC005014,2013-10-28,5.112,12.7,2.8,year_round
MAC005014,2013-10-29,4.442,9.1,6.4,year_round
MAC005014,2013-10-30,4.79,9.0,6.5,year_round
MAC005014,2013-10-31,4.675,12.5,3.0,year_round
MAC005014,2013-11-01,4.709,12.0,3.5,year_round
MAC005014,2013-11-02,4.584,11.5,4.0,year_round
MAC005014,2013-11-03,4.848,8.7,6.8,year_round
MAC005014,2013-11-04,4.969,7.4,8.1,year_round
MAC005014,2013-11-05,4.521,7.6,7.9,year_round
MAC005014,2013-11-06,4.731,10.4,5.1,year_round
MAC005014,2013-11-07,5.496,10.4,5.1,year_round
MAC005014,2013-11-08,0.195,7.5,8.0,year_round
MAC005014,2013-11-09,4.381,5.4,10.1,year_round
MAC005014,2013-11-10,6.237,5.2,10.3,year_round
MAC005014,2013-11-11,4.38,8.5,7.0,year_round
MAC005014,2013-11-12,5.031,10.0,5.5,year_round
MAC005014,2013-11-13,5.458,5.1,10.4,year_round
MAC005014,2013-11-14,6.218,7.2,8.3,year_round
MAC005014,2013-11-15,1.7,4.8,10.7,year_round
MAC005014,2013-11-16,7.76,4.0,11.5,year_round
MAC005014,2013-11-17,4.085,6.0,9.5,year_round
MAC005014,2013-11-18,5.576,7.8,7.7,year_round
MAC005014,2013-11-19,5.514,2.9,12.6,year_round
MAC005014,2013-11-20,5.207,2.3,13.2,year_round
MAC005014,2013-11-21,5.344,4.5,11.0,year_round
MAC005014,2013-11-22,6.294,4.8,10.7,year_round
MAC005014,2013-11-23,5.264,4.6,10.9,year_round
MAC005014,2013-11-24,4.859,4.6,10.9,year_round
MAC005014,2013-11-25,5.584,4.0,11.5,year_round
MAC005014,2013-11-26,4.205,2.5,13.0,year_round
MAC005014,2013-11-27,6.259,6.4,9.1,year_round
MAC005014,2013-11-28,6.157,7.2,8.3,year_round
MAC005014,2013-11-29,6.245,7.3,8.2,year_round
MAC005014,2013-11-30,5.295,5.3,10.2,year_round
MAC005014,2013-12-01,3.828,3.7,11.8,year_round
MAC005014,2013-12-02,4.451,5.5,10.0,year_round
MAC005014,2013-12-03,5.587,3.2,12.3,year_round
MAC005014,2013-12-04,6.517,4.4,11.1,year_round
MAC005014,2013-12-05,6.195,4.4,11.1,year_round
MAC005014,2013-12-06,7.285,4.3,11.2,year_round
MAC005014,2013-12-07,6.709,5.9,9.6,year_round
MAC005014,2013-12-08,4.385,7.3,8.2,year_round
MAC005014,2013-12-09,5.143,6.7,8.8,year_round
MAC005014,2013-12-10,5.785,3.9,11.6,year_round
MAC005014,2013-12-11,6.387,2.8,12.7,year_round
MAC005014,2013-12-12,5.239,5.2,10.3,year_round
MAC005014,2013-12-13,5.939,8.7,6.8,year_round
MAC005014,2013-12-14,1.981,7.3,8.2,year_round
MAC005014,2013-12-15,6.216,10.7,4.8,year_round
MAC005014,2013-12-16,5.49,11.4,4.1,year_round
MAC005014,2013-12-17,5.763,6.3,9.2,year_round
MAC005014,2013-12-18,5.626,8.1,7.4,year_round
MAC005014,2013-12-19,4.889,6.1,9.4,year_round
MAC005014,2013-12-20,6.633,5.4,10.1,year_round
MAC005014,2013-12-21,5.044,10.2,5.3,year_round
MAC005014,2013-12-22,5.559,7.1,8.4,year_round
MAC005014,2013-12-23,5.389,8.1,7.4,year_round
MAC005014,2013-12-24,5.394,8.5,7.0,year_round
MAC005014,2013-12-25,4.633,4.7,10.8,year_round
MAC005014,2013-12-26,2.88,4.1,11.4,year_round
MAC005014,2013-12-27,6.807,9.0,6.5,year_round
MAC005014,2013-12-28,5.982,4.8,10.7,year_round
MAC005014,2013-12-29,4.759,2.3,13.2,year_round
MAC005014,2013-12-30,6.032,7.8,7.7,year_round
MAC005041,2013-01-01,40.646,5.8,9.7,seasonal
MAC005041,2013-01-02,34.385,6.2,9.3,seasonal
MAC005041,2013-01-03,36.624,10.2,5.3,seasonal
MAC005041,2013-01-04,39.730999,8.8,6.7,seasonal
MAC005041,2013-01-05,34.942,8.6,6.9,seasonal
MAC005041,2013-01-06,38.74,7.0,8.5,seasonal
MAC005041,2013-01-07,40.266,7.6,7.9,seasonal
MAC005041,2013-01-08,35.311,8.9,6.6,seasonal
MAC005041,2013-01-09,37.065,6.8,8.7,seasonal
MAC005041,2013-01-10,36.785,1.8,13.7,seasonal
MAC005041,2013-01-11,36.79,2.7,12.8,seasonal
MAC005041,2013-01-12,35.167,2.7,12.8,seasonal
MAC005041,2013-01-13,38.007,1.1,14.4,seasonal
MAC005041,2013-01-14,36.249,0.2,15.3,seasonal
MAC005041,2013-01-15,41.561,0.6,14.9,seasonal
MAC005041,2013-01-16,39.635001,-2.2,17.7,seasonal
MAC005041,2013-01-17,37.043,-2.2,17.7,seasonal
MAC005041,2013-01-18,40.336,-1.4,16.9,seasonal
MAC005041,2013-01-19,41.218,-0.2,15.7,seasonal
MAC005041,2013-01-20,41.935,-1.2,16.7,seasonal
MAC005041,2013-01-21,39.432,-1.5,17.0,seasonal
MAC005041,2013-01-22,37.624,-1.5,17.0,seasonal
MAC005041,2013-01-23,40.516,0.9,14.6,seasonal
MAC005041,2013-01-24,40.352,-0.3,15.8,seasonal
MAC005041,2013-01-25,44.793,-1.5,17.0,seasonal
MAC005041,2013-01-26,45.22,3.3,12.2,seasonal
MAC005041,2013-01-27,42.928,7.6,7.9,seasonal
MAC005041,2013-01-28,40.093001,5.8,9.7,seasonal
MAC005041,2013-01-29,42.146,10.9,4.6,seasonal
MAC005041,2013-01-30,38.059,10.1,5.4,seasonal
MAC005041,2013-01-31,39.43,8.2,7.3,seasonal
MAC005041,2013-02-01,38.535,5.4,10.1,seasonal
MAC005041,2013-02-02,41.711,2.7,12.8,seasonal
MAC005041,2013-02-03,38.532,3.6,11.9,seasonal
MAC005041,2013-02-04,40.053001,7.9,7.6,seasonal
MAC005041,2013-02-05,38.089,3.6,11.9,seasonal
MAC005041,2013-02-06,40.857,3.5,12.0,seasonal
MAC005041,2013-02-07,37.665,1.9,13.6,seasonal
MAC005041,2013-02-08,38.221,1.2,14.3,seasonal
MAC005041,2013-02-09,44.657999,1.6,13.9,seasonal
MAC005041,2013-02-10,42.442,2.6,12.9,seasonal
MAC005041,2013-02-11,41.362,1.1,14.4,seasonal
MAC005041,2013-02-12,40.905,1.1,14.4,seasonal
MAC005041,2013-02-13,42.75,0.5,15.0,seasonal
MAC005041,2013-02-14,41.057,6.5,9.0,seasonal
MAC005041,2013-02-15,41.462,4.4,11.1,seasonal
MAC005041,2013-02-16,41.103,5.0,10.5,seasonal
MAC005041,2013-02-17,44.685,3.5,12.0,seasonal
MAC005041,2013-02-18,35.444,3.3,12.2,seasonal
MAC005041,2013-02-19,35.276,0.8,14.7,seasonal
MAC005041,2013-02-20,35.462,2.0,13.5,seasonal
MAC005041,2013-02-21,35.249,0.7,14.8,seasonal
MAC005041,2013-02-22,37.175,0.3,15.2,seasonal
MAC005041,2013-02-23,35.526,0.3,15.2,seasonal
MAC005041,2013-02-24,40.43,0.4,15.1,seasonal
MAC005041,2013-02-25,40.161,2.5,13.0,seasonal
MAC005041,2013-02-26,40.176,3.5,12.0,seasonal
MAC005041,2013-02-27,41.305,3.0,12.5,seasonal
MAC005041,2013-02-28,40.536,3.5,12.0,seasonal
MAC005041,2013-03-01,43.645999,3.9,11.6,seasonal
MAC005041,2013-03-02,41.611,2.3,13.2,seasonal
MAC005041,2013-03-03,39.189,2.6,12.9,seasonal
MAC005041,2013-03-04,41.374,3.6,11.9,seasonal
MAC005041,2013-03-05,37.732,5.8,9.7,seasonal
MAC005041,2013-03-06,38.222001,7.4,8.1,seasonal
MAC005041,2013-03-07,37.858,8.0,7.5,seasonal
MAC005041,2013-03-08,35.212,8.5,7.0,seasonal
MAC005041,2013-03-09,38.482,6.0,9.5,seasonal
MAC005041,2013-03-10,38.893999,2.1,13.4,seasonal
MAC005041,2013-03-11,37.593,-0.2,15.7,seasonal
MAC005041,2013-03-12,40.164001,0.1,15.4,seasonal
MAC005041,2013-03-13,43.991,1.9,13.6,seasonal
MAC005041,2013-03-14,35.351,1.0,14.5,seasonal
MAC005041,2013-03-15,38.798999,4.3,11.2,seasonal
MAC005041,2013-03-16,37.436,6.1,9.4,seasonal
MAC005041,2013-03-17,38.616,4.7,10.8,seasonal
MAC005041,2013-03-18,39.219,3.2,12.3,seasonal
MAC005041,2013-03-19,38.218,3.3,12.2,seasonal
MAC005041,2013-03-20,39.29,3.2,12.3,seasonal
MAC005041,2013-03-21,39.143,3.1,12.4,seasonal
MAC005041,2013-03-22,37.758,3.2,12.3,seasonal
MAC005041,2013-03-23,38.321,1.6,13.9,seasonal
MAC005041,2013-03-24,39.777,0.1,15.4,seasonal
MAC005041,2013-03-25,39.981,0.4,15.1,seasonal
MAC005041,2013-03-26,40.742,0.3,15.2,seasonal
MAC005041,2013-03-27,41.209,0.8,14.7,seasonal
MAC005041,2013-03-28,38.709,1.0,14.5,seasonal
MAC005041,2013-03-29,41.990999,0.2,15.3,seasonal
MAC005041,2013-03-30,38.885,1.2,14.3,seasonal
MAC005041,2013-03-31,38.092,0.5,15.0,seasonal
MAC005041,2013-04-01,40.897,1.8,13.7,seasonal
MAC005041,2013-04-02,36.228,2.6,12.9,seasonal
MAC005041,2013-04-03,38.884,1.7,13.8,seasonal
MAC005041,2013-04-04,38.432,1.9,13.6,seasonal
MAC005041,2013-04-05,39.267,3.3,12.2,seasonal
MAC005041,2013-04-06,41.276001,3.5,12.0,seasonal
MAC005041,2013-04-07,37.661,3.2,12.3,seasonal
MAC005041,2013-04-08,37.173,4.9,10.6,seasonal
MAC005041,2013-04-09,39.249,4.8,10.7,seasonal
MAC005041,2013-04-10,38.806,6.1,9.4,seasonal
MAC005041,2013-04-11,35.064999,7.1,8.4,seasonal
MAC005041,2013-04-12,34.475,8.4,7.1,seasonal
MAC005041,2013-04-13,33.727,8.2,7.3,seasonal
MAC005041,2013-04-14,33.08,13.4,2.1,seasonal
MAC005041,2013-04-15,33.814,11.5,4.0,seasonal
MAC005041,2013-04-16,32.694,11.3,4.2,seasonal
MAC005041,2013-04-17,33.773,11.8,3.7,seasonal
MAC005041,2013-04-18,25.54,10.1,5.4,seasonal
MAC005041,2013-04-19,29.717,8.4,7.1,seasonal
MAC005041,2013-04-20,27.339,5.9,9.6,seasonal
MAC005041,2013-04-21,30.798,7.0,8.5,seasonal
MAC005041,2013-04-22,28.249,9.3,6.2,seasonal
MAC005041,2013-04-23,27.591,13.1,2.4,seasonal
MAC005041,2013-04-24,19.154,12.5,3.0,seasonal
MAC005041,2013-04-25,16.414,14.2,1.3,seasonal
MAC005041,2013-04-26,17.208,8.9,6.6,seasonal
MAC005041,2013-04-27,19.75,6.0,9.5,seasonal
MAC005041,2013-04-28,18.753,6.2,9.3,seasonal
MAC005041,2013-04-29,20.211,9.2,6.3,seasonal
MAC005041,2013-04-30,20.485,7.9,7.6,seasonal
MAC005041,2013-05-01,18.698,8.4,7.1,seasonal
MAC005041,2013-05-02,17.509,9.1,6.4,seasonal
MAC005041,2013-05-03,22.185,11.1,4.4,seasonal
MAC005041,2013-05-04,18.989,10.9,4.6,seasonal
MAC005041,2013-05-05,18.622,11.4,4.1,seasonal
MAC005041,2013-05-06,17.418,13.2,2.3,seasonal
MAC005041,2013-05-07,17.116,13.8,1.7,seasonal
MAC005041,2013-05-08,17.184,12.9,2.6,seasonal
MAC005041,2013-05-09,18.44,10.5,5.0,seasonal
MAC005041,2013-05-10,18.153,12.4,3.1,seasonal
MAC005041,2013-05-11,22.558,10.4,5.1,seasonal
MAC005041,2013-05-12,17.251,9.6,5.9,seasonal
MAC005041,2013-05-13,18.946,11.0,4.5,seasonal
MAC005041,2013-05-14,19.263,8.6,6.9,seasonal
MAC005041,2013-05-15,22.04,9.1,6.4,seasonal
MAC005041,2013-05-16,21.394,9.5,6.0,seasonal
MAC005041,2013-05-17,18.121,9.1,6.4,seasonal
MAC005041,2013-05-18,21.766,10.9,4.6,seasonal
MAC005041,2013-05-19,17.717,12.7,2.8,seasonal
MAC005041,2013-05-20,17.145,13.4,2.1,seasonal
MAC005041,2013-05-21,17.706,12.9,2.6,seasonal
MAC005041,2013-05-22,18.569,11.4,4.1,seasonal
MAC005041,2013-05-23,19.555,8.1,7.4,seasonal
MAC005041,2013-05-24,19.207,7.1,8.4,seasonal
MAC005041,2013-05-25,19.29,9.5,6.0,seasonal
MAC005041,2013-05-26,18.248,11.5,4.0,seasonal
MAC005041,2013-05-27,17.863,11.0,4.5,seasonal
MAC005041,2013-05-28,19.2,10.8,4.7,seasonal
MAC005041,2013-05-29,21.788,10.7,4.8,seasonal
MAC005041,2013-05-30,16.821,12.4,3.1,seasonal
MAC005041,2013-05-31,18.144,14.5,1.0,seasonal
MAC005041,2013-06-01,21.416,12.9,2.6,seasonal
MAC005041,2013-06-02,18.629,12.8,2.7,seasonal
MAC005041,2013-06-03,14.095,11.9,3.6,seasonal
MAC005041,2013-06-04,13.334,12.1,3.4,seasonal
MAC005041,2013-06-05,12.692,12.6,2.9,seasonal
MAC005041,2013-06-06,11.99,13.3,2.2,seasonal
MAC005041,2013-06-07,13.762,14.1,1.4,seasonal
MAC005041,2013-06-08,11.813,12.4,3.1,seasonal
MAC005041,2013-06-09,12.244,12.5,3.0,seasonal
MAC005041,2013-06-10,12.476,12.4,3.1,seasonal
MAC005041,2013-06-11,10.647,13.3,2.2,seasonal
MAC005041,2013-06-12,8.251,15.2,0.3,seasonal
MAC005041,2013-06-13,13.922,14.6,0.9,seasonal
MAC005041,2013-06-14,7.646,13.5,2.0,seasonal
MAC005041,2013-06-15,7.134,13.9,1.6,seasonal
MAC005041,2013-06-16,8.378,13.5,2.0,seasonal
MAC005041,2013-06-17,6.414,14.9,0.6,seasonal
MAC005041,2013-06-18,7.268,17.2,0.0,seasonal
MAC005041,2013-06-19,5.865,19.0,0.0,seasonal
MAC005041,2013-06-20,5.842,17.3,0.0,seasonal
MAC005041,2013-06-21,5.922,16.6,0.0,seasonal
MAC005041,2013-06-22,6.665,14.3,1.2,seasonal
MAC005041,2013-06-23,7.706,14.8,0.7,seasonal
MAC005041,2013-06-24,7.841,12.8,2.7,seasonal
MAC005041,2013-06-25,9.43,14.1,1.4,seasonal
MAC005041,2013-06-26,7.71,16.0,0.0,seasonal
MAC005041,2013-06-27,10.544,14.5,1.0,seasonal
MAC005041,2013-06-28,7.24,15.4,0.1,seasonal
MAC005041,2013-06-29,8.886,15.8,0.0,seasonal
MAC005041,2013-06-30,12.378,18.5,0.0,seasonal
MAC005041,2013-07-01,7.775,16.3,0.0,seasonal
MAC005041,2013-07-02,8.85,14.5,1.0,seasonal
MAC005041,2013-07-03,9.686,16.4,0.0,seasonal
MAC005041,2013-07-04,8.192,17.1,0.0,seasonal
MAC005041,2013-07-05,8.904,18.3,0.0,seasonal
MAC005041,2013-07-06,7.284,18.9,0.0,seasonal
MAC005041,2013-07-07,8.081,20.5,0.0,seasonal
MAC005041,2013-07-08,8.933,18.9,0.0,seasonal
MAC005041,2013-07-09,8.257,18.1,0.0,seasonal
MAC005041,2013-07-10,7.965,17.2,0.0,seasonal
MAC005041,2013-07-11,7.943,15.2,0.3,seasonal
MAC005041,2013-07-12,8.827,17.0,0.0,seasonal
MAC005041,2013-07-13,10.462,21.6,0.0,seasonal
MAC005041,2013-07-14,9.619,22.1,0.0,seasonal
MAC005041,2013-07-15,9.701,21.8,0.0,seasonal
MAC005041,2013-07-16,8.733,22.8,0.0,seasonal
MAC005041,2013-07-17,8.65,22.9,0.0,seasonal
MAC005041,2013-07-18,9.827,21.2,0.0,seasonal
MAC005041,2013-07-19,7.572,20.3,0.0,seasonal
MAC005041,2013-07-20,13.448,18.8,0.0,seasonal
MAC005041,2013-07-21,8.171,20.2,0.0,seasonal
MAC005041,2013-07-22,8.168,23.8,0.0,seasonal
MAC005041,2013-07-23,9.776,23.1,0.0,seasonal
MAC005041,2013-07-24,10.921,20.5,0.0,seasonal
MAC005041,2013-07-25,8.287,19.8,0.0,seasonal
MAC005041,2013-07-26,9.115,19.6,0.0,seasonal
MAC005041,2013-07-27,10.822,20.0,0.0,seasonal
MAC005041,2013-07-28,8.08,18.7,0.0,seasonal
MAC005041,2013-07-29,8.714,17.9,0.0,seasonal
MAC005041,2013-07-30,9.13,16.8,0.0,seasonal
MAC005041,2013-07-31,7.177,18.6,0.0,seasonal
MAC005041,2013-08-01,7.493,22.8,0.0,seasonal
MAC005041,2013-08-02,9.765,19.6,0.0,seasonal
MAC005041,2013-08-03,8.846,18.1,0.0,seasonal
MAC005041,2013-08-04,9.462,17.9,0.0,seasonal
MAC005041,2013-08-05,7.974,18.3,0.0,seasonal
MAC005041,2013-08-06,7.653,16.8,0.0,seasonal
MAC005041,2013-08-07,7.945,17.3,0.0,seasonal
MAC005041,2013-08-08,7.784,16.6,0.0,seasonal
MAC005041,2013-08-09,7.804,18.3,0.0,seasonal
MAC005041,2013-08-10,10.082,16.9,0.0,seasonal
MAC005041,2013-08-11,11.162,18.2,0.0,seasonal
MAC005041,2013-08-12,8.421,16.3,0.0,seasonal
MAC005041,2013-08-13,7.448,15.3,0.2,seasonal
MAC005041,2013-08-14,9.232,16.4,0.0,seasonal
MAC005041,2013-08-15,6.917,19.2,0.0,seasonal
MAC005041,2013-08-16,10.447,17.9,0.0,seasonal
MAC005041,2013-08-17,10.872,16.6,0.0,seasonal
MAC005041,2013-08-18,13.73,18.8,0.0,seasonal
MAC005041,2013-08-19,7.807,17.0,0.0,seasonal
MAC005041,2013-08-20,7.001,17.6,0.0,seasonal
MAC005041,2013-08-21,7.596,18.1,0.0,seasonal
MAC005041,2013-08-22,12.447,18.7,0.0,seasonal
MAC005041,2013-08-23,9.353,20.0,0.0,seasonal
MAC005041,2013-08-24,8.991,17.0,0.0,seasonal
MAC005041,2013-08-25,11.439,17.1,0.0,seasonal
MAC005041,2013-08-26,10.431,18.2,0.0,seasonal
MAC005041,2013-08-27,10.311,16.1,0.0,seasonal
MAC005041,2013-08-28,9.593,16.1,0.0,seasonal
MAC005041,2013-08-29,7.196,17.9,0.0,seasonal
MAC005041,2013-08-30,10.068,18.3,0.0,seasonal
MAC005041,2013-08-31,8.507,16.3,0.0,seasonal
MAC005041,2013-09-01,10.617,14.7,0.8,seasonal
MAC005041,2013-09-02,8.839,16.8,0.0,seasonal
MAC005041,2013-09-03,8.795,18.5,0.0,seasonal
MAC005041,2013-09-04,11.463,18.7,0.0,seasonal
MAC005041,2013-09-05,9.217,20.4,0.0,seasonal
MAC005041,2013-09-06,8.914,15.4,0.1,seasonal
MAC005041,2013-09-07,9.374,13.6,1.9,seasonal
MAC005041,2013-09-08,9.191,11.8,3.7,seasonal
MAC005041,2013-09-09,9.758,11.6,3.9,seasonal
MAC005041,2013-09-10,9.594,12.5,3.0,seasonal
MAC005041,2013-09-11,9.62,13.5,2.0,seasonal
MAC005041,2013-09-12,6.501,14.1,1.4,seasonal
MAC005041,2013-09-13,6.836,16.2,0.0,seasonal
MAC005041,2013-09-14,8.498,11.7,3.8,seasonal
MAC005041,2013-09-15,10.535,11.3,4.2,seasonal
MAC005041,2013-09-16,7.095,11.2,4.3,seasonal
MAC005041,2013-09-17,15.873,11.0,4.5,seasonal
MAC005041,2013-09-18,19.146,12.3,3.2,seasonal
MAC005041,2013-09-19,19.129,12.0,3.5,seasonal
MAC005041,2013-09-20,18.663,13.4,2.1,seasonal
MAC005041,2013-09-21,23.126,13.5,2.0,seasonal
MAC005041,2013-09-22,20.634,16.8,0.0,seasonal
MAC005041,2013-09-23,20.159,16.6,0.0,seasonal
MAC005041,2013-09-24,18.643,15.1,0.4,seasonal
MAC005041,2013-09-25,18.653,15.7,0.0,seasonal
MAC005041,2013-09-26,18.763,14.5,1.0,seasonal
MAC005041,2013-09-27,18.483,12.6,2.9,seasonal
MAC005041,2013-09-28,15.881,14.3,1.2,seasonal
MAC005041,2013-09-29,19.85,14.3,1.2,seasonal
MAC005041,2013-09-30,23.638,14.9,0.6,seasonal
MAC005041,2013-10-01,19.026,14.3,1.2,seasonal
MAC005041,2013-10-02,18.083999,15.4,0.1,seasonal
MAC005041,2013-10-03,16.796,16.1,0.0,seasonal
MAC005041,2013-10-04,14.89,17.3,0.0,seasonal
MAC005041,2013-10-05,18.386,15.3,0.2,seasonal
MAC005041,2013-10-06,16.18,13.8,1.7,seasonal
MAC005041,2013-10-07,20.329,13.3,2.2,seasonal
MAC005041,2013-10-08,14.971,15.6,0.0,seasonal
MAC005041,2013-10-09,17.216,13.6,1.9,seasonal
MAC005041,2013-10-10,19.873,9.3,6.2,seasonal
MAC005041,2013-10-11,16.263,11.1,4.4,seasonal
MAC005041,2013-10-12,20.952,11.4,4.1,seasonal
MAC005041,2013-10-13,19.793,9.6,5.9,seasonal
MAC005041,2013-10-14,18.902,9.1,6.4,seasonal
MAC005041,2013-10-15,20.6,9.5,6.0,seasonal
MAC005041,2013-10-16,20.655,9.7,5.8,seasonal
MAC005041,2013-10-17,19.867,13.2,2.3,seasonal
MAC005041,2013-10-18,19.386,12.6,2.9,seasonal
MAC005041,2013-10-19,22.121,13.9,1.6,seasonal
MAC005041,2013-10-20,19.333,13.4,2.1,seasonal
MAC005041,2013-10-21,20.337,14.8,0.7,seasonal
MAC005041,2013-10-22,17.481,16.0,0.0,seasonal
MAC005041,2013-10-23,18.134,13.9,1.6,seasonal
MAC005041,2013-10-24,18.159,11.1,4.4,seasonal
MAC005041,2013-10-25,23.026,15.3,0.2,seasonal
MAC005041,2013-10-26,24.104,15.0,0.5,seasonal
MAC005041,2013-10-27,22.685,13.5,2.0,seasonal
MAC005041,2013-10-28,24.376,12.7,2.8,seasonal
MAC005041,2013-10-29,28.323,9.1,6.4,seasonal
MAC005041,2013-10-30,25.102,9.0,6.5,seasonal
MAC005041,2013-10-31,25.923,12.5,3.0,seasonal
MAC005041,2013-11-01,26.272,12.0,3.5,seasonal
MAC005041,2013-11-02,24.663,11.5,4.0,seasonal
MAC005041,2013-11-03,26.511,8.7,6.8,seasonal
MAC005041,2013-11-04,24.752,7.4,8.1,seasonal
MAC005041,2013-11-05,24.503,7.6,7.9,seasonal
MAC005041,2013-11-06,27.115,10.4,5.1,seasonal
MAC005041,2013-11-07,24.109,10.4,5.1,seasonal
MAC005041,2013-11-08,26.07,7.5,8.0,seasonal
MAC005041,2013-11-09,28.307,5.4,10.1,seasonal
MAC005041,2013-11-10,28.981,5.2,10.3,seasonal
MAC005041,2013-11-11,26.047001,8.5,7.0,seasonal
MAC005041,2013-11-12,27.321,10.0,5.5,seasonal
MAC005041,2013-11-13,27.17,5.1,10.4,seasonal
MAC005041,2013-11-14,25.88,7.2,8.3,seasonal
MAC005041,2013-11-15,25.174,4.8,10.7,seasonal
MAC005041,2013-11-16,25.205,4.0,11.5,seasonal
MAC005041,2013-11-17,29.885,6.0,9.5,seasonal
MAC005041,2013-11-18,25.968,7.8,7.7,seasonal
MAC005041,2013-11-19,27.027999,2.9,12.6,seasonal
MAC005041,2013-11-20,29.187,2.3,13.2,seasonal
MAC005041,2013-11-21,30.6,4.5,11.0,seasonal
MAC005041,2013-11-22,29.42,4.8,10.7,seasonal
MAC005041,2013-11-23,29.684,4.6,10.9,seasonal
MAC005041,2013-11-24,29.268,4.6,10.9,seasonal
MAC005041,2013-11-25,29.959,4.0,11.5,seasonal
MAC005041,2013-11-26,29.679,2.5,13.0,seasonal
MAC005041,2013-11-27,29.221,6.4,9.1,seasonal
MAC005041,2013-11-28,27.729,7.2,8.3,seasonal
MAC005041,2013-11-29,30.251,7.3,8.2,seasonal
MAC005041,2013-11-30,28.046,5.3,10.2,seasonal
MAC005041,2013-12-01,29.007,3.7,11.8,seasonal
MAC005041,2013-12-02,26.689,5.5,10.0,seasonal
MAC005041,2013-12-03,28.995,3.2,12.3,seasonal
MAC005041,2013-12-04,34.453,4.4,11.1,seasonal
MAC005041,2013-12-05,32.873,4.4,11.1,seasonal
MAC005041,2013-12-06,50.591,4.3,11.2,seasonal
MAC005041,2013-12-07,47.247,5.9,9.6,seasonal
MAC005041,2013-12-08,42.432001,7.3,8.2,seasonal
MAC005041,2013-12-09,39.999,6.7,8.8,seasonal
MAC005041,2013-12-10,39.901,3.9,11.6,seasonal
MAC005041,2013-12-11,40.344,2.8,12.7,seasonal
MAC005041,2013-12-12,39.01,5.2,10.3,seasonal
MAC005041,2013-12-13,39.834999,8.7,6.8,seasonal
MAC005041,2013-12-14,42.454,7.3,8.2,seasonal
MAC005041,2013-12-15,45.366001,10.7,4.8,seasonal
MAC005041,2013-12-16,45.632,11.4,4.1,seasonal
MAC005041,2013-12-17,35.174,6.3,9.2,seasonal
MAC005041,2013-12-18,37.473,8.1,7.4,seasonal
MAC005041,2013-12-19,35.338,6.1,9.4,seasonal
MAC005041,2013-12-20,37.372,5.4,10.1,seasonal
MAC005041,2013-12-21,37.784,10.2,5.3,seasonal
MAC005041,2013-12-22,39.344,7.1,8.4,seasonal
MAC005041,2013-12-23,36.971,8.1,7.4,seasonal
MAC005041,2013-12-24,36.006,8.5,7.0,seasonal
MAC005041,2013-12-25,43.135,4.7,10.8,seasonal
MAC005041,2013-12-26,41.088,4.1,11.4,seasonal
MAC005041,2013-12-27,40.111,9.0,6.5,seasonal
MAC005041,2013-12-28,37.191999,4.8,10.7,seasonal
MAC005041,2013-12-29,36.678001,2.3,13.2,seasonal
MAC005041,2013-12-30,40.544,7.8,7.7,seasonal
MAC005198,2013-01-01,63.853001,5.8,9.7,seasonal
MAC005198,2013-01-02,60.024,6.2,9.3,seasonal
MAC005198,2013-01-03,57.200999,10.2,5.3,seasonal
MAC005198,2013-01-04,62.89,8.8,6.7,seasonal
MAC005198,2013-01-05,55.719,8.6,6.9,seasonal
MAC005198,2013-01-06,55.987001,7.0,8.5,seasonal
MAC005198,2013-01-07,53.807,7.6,7.9,seasonal
MAC005198,2013-01-08,55.08,8.9,6.6,seasonal
MAC005198,2013-01-09,58.743,6.8,8.7,seasonal
MAC005198,2013-01-10,61.094,1.8,13.7,seasonal
MAC005198,2013-01-11,69.082999,2.7,12.8,seasonal
MAC005198,2013-01-12,72.408001,2.7,12.8,seasonal
MAC005198,2013-01-13,70.824001,1.1,14.4,seasonal
MAC005198,2013-01-14,70.669,0.2,15.3,seasonal
MAC005198,2013-01-15,70.490001,0.6,14.9,seasonal
MAC005198,2013-01-16,70.832,-2.2,17.7,seasonal
MAC005198,2013-01-17,70.634,-2.2,17.7,seasonal
MAC005198,2013-01-18,70.256001,-1.4,16.9,seasonal
MAC005198,2013-01-19,71.751,-0.2,15.7,seasonal
MAC005198,2013-01-20,71.375999,-1.2,16.7,seasonal
MAC005198,2013-01-21,71.900999,-1.5,17.0,seasonal
MAC005198,2013-01-22,69.447999,-1.5,17.0,seasonal
MAC005198,2013-01-23,71.312,0.9,14.6,seasonal
MAC005198,2013-01-24,71.865,-0.3,15.8,seasonal
MAC005198,2013-01-25,69.414,-1.5,17.0,seasonal
MAC005198,2013-01-26,70.686,3.3,12.2,seasonal
MAC005198,2013-01-27,67.761,7.6,7.9,seasonal
MAC005198,2013-01-28,65.946,5.8,9.7,seasonal
MAC005198,2013-01-29,59.835999,10.9,4.6,seasonal
MAC005198,2013-01-30,63.362,10.1,5.4,seasonal
MAC005198,2013-01-31,62.345,8.2,7.3,seasonal
MAC005198,2013-02-01,64.291,5.4,10.1,seasonal
MAC005198,2013-02-02,67.114,2.7,12.8,seasonal
MAC005198,2013-02-03,63.782,3.6,11.9,seasonal
MAC005198,2013-02-04,65.333,7.9,7.6,seasonal
MAC005198,2013-02-05,67.248,3.6,11.9,seasonal
MAC005198,2013-02-06,68.484,3.5,12.0,seasonal
MAC005198,2013-02-07,68.023999,1.9,13.6,seasonal
MAC005198,2013-02-08,68.267,1.2,14.3,seasonal
MAC005198,2013-02-09,70.948,1.6,13.9,seasonal
MAC005198,2013-02-10,68.763,2.6,12.9,seasonal
MAC005198,2013-02-11,69.328999,1.1,14.4,seasonal
MAC005198,2013-02-12,67.660999,1.1,14.4,seasonal
MAC005198,2013-02-13,68.636,0.5,15.0,seasonal
MAC005198,2013-02-14,67.674,6.5,9.0,seasonal
MAC005198,2013-02-15,66.094,4.4,11.1,seasonal
MAC005198,2013-02-16,66.761001,5.0,10.5,seasonal
MAC005198,2013-02-17,67.103,3.5,12.0,seasonal
MAC005198,2013-02-18,66.888,3.3,12.2,seasonal
MAC005198,2013-02-19,65.938999,0.8,14.7,seasonal
MAC005198,2013-02-20,67.433,2.0,13.5,seasonal
MAC005198,2013-02-21,68.869,0.7,14.8,seasonal
MAC005198,2013-02-22,68.873,0.3,15.2,seasonal
MAC005198,2013-02-23,72.318,0.3,15.2,seasonal
MAC005198,2013-02-24,70.812,0.4,15.1,seasonal
MAC005198,2013-02-25,69.805001,2.5,13.0,seasonal
MAC005198,2013-02-26,67.348,3.5,12.0,seasonal
MAC005198,2013-02-27,68.555,3.0,12.5,seasonal
MAC005198,2013-02-28,67.76,3.5,12.0,seasonal
MAC005198,2013-03-01,68.016,3.9,11.6,seasonal
MAC005198,2013-03-02,70.714,2.3,13.2,seasonal
MAC005198,2013-03-03,68.403,2.6,12.9,seasonal
MAC005198,2013-03-04,66.105,3.6,11.9,seasonal
MAC005198,2013-03-05,59.213,5.8,9.7,seasonal
MAC005198,2013-03-06,56.938,7.4,8.1,seasonal
MAC005198,2013-03-07,58.277,8.0,7.5,seasonal
MAC005198,2013-03-08,56.791,8.5,7.0,seasonal
MAC005198,2013-03-09,64.470999,6.0,9.5,seasonal
MAC005198,2013-03-10,68.553,2.1,13.4,seasonal
MAC005198,2013-03-11,69.772001,-0.2,15.7,seasonal
MAC005198,2013-03-12,69.117,0.1,15.4,seasonal
MAC005198,2013-03-13,65.253999,1.9,13.6,seasonal
MAC005198,2013-03-14,66.388,1.0,14.5,seasonal
MAC005198,2013-03-15,64.292001,4.3,11.2,seasonal
MAC005198,2013-03-16,64.725,6.1,9.4,seasonal
MAC005198,2013-03-17,64.585,4.7,10.8,seasonal
MAC005198,2013-03-18,63.087,3.2,12.3,seasonal
MAC005198,2013-03-19,65.714999,3.3,12.2,seasonal
MAC005198,2013-03-20,66.879,3.2,12.3,seasonal
MAC005198,2013-03-21,63.999,3.1,12.4,seasonal
MAC005198,2013-03-22,70.084,3.2,12.3,seasonal
MAC005198,2013-03-23,70.238,1.6,13.9,seasonal
MAC005198,2013-03-24,69.106999,0.1,15.4,seasonal
MAC005198,2013-03-25,68.64,0.4,15.1,seasonal
MAC005198,2013-03-26,70.376,0.3,15.2,seasonal
MAC005198,2013-03-27,70.418001,0.8,14.7,seasonal
MAC005198,2013-03-28,72.017,1.0,14.5,seasonal
MAC005198,2013-03-29,68.983999,0.2,15.3,seasonal
MAC005198,2013-03-30,68.625001,1.2,14.3,seasonal
MAC005198,2013-03-31,65.121,0.5,15.0,seasonal
MAC005198,2013-04-01,66.652,1.8,13.7,seasonal
MAC005198,2013-04-02,65.802,2.6,12.9,seasonal
MAC005198,2013-04-03,66.041,1.7,13.8,seasonal
MAC005198,2013-04-04,69.012,1.9,13.6,seasonal
MAC005198,2013-04-05,66.928,3.3,12.2,seasonal
MAC005198,2013-04-06,68.375,3.5,12.0,seasonal
MAC005198,2013-04-07,65.437,3.2,12.3,seasonal
MAC005198,2013-04-08,54.680999,4.9,10.6,seasonal
MAC005198,2013-04-09,59.727,4.8,10.7,seasonal
MAC005198,2013-04-10,55.197,6.1,9.4,seasonal
MAC005198,2013-04-11,55.554999,7.1,8.4,seasonal
MAC005198,2013-04-12,54.203,8.4,7.1,seasonal
MAC005198,2013-04-13,48.637,8.2,7.3,seasonal
MAC005198,2013-04-14,35.819,13.4,2.1,seasonal
MAC005198,2013-04-15,29.27,11.5,4.0,seasonal
MAC005198,2013-04-16,29.227001,11.3,4.2,seasonal
MAC005198,2013-04-17,14.783,11.8,3.7,seasonal
MAC005198,2013-04-18,24.814,10.1,5.4,seasonal
MAC005198,2013-04-19,26.213,8.4,7.1,seasonal
MAC005198,2013-04-20,43.042,5.9,9.6,seasonal
MAC005198,2013-04-21,33.791999,7.0,8.5,seasonal
MAC005198,2013-04-22,31.638001,9.3,6.2,seasonal
MAC005198,2013-04-23,6.767,13.1,2.4,seasonal
MAC005198,2013-04-24,9.059,12.5,3.0,seasonal
MAC005198,2013-04-25,8.591,14.2,1.3,seasonal
MAC005198,2013-04-26,41.363001,8.9,6.6,seasonal
MAC005198,2013-04-27,50.139,6.0,9.5,seasonal
MAC005198,2013-04-28,46.979,6.2,9.3,seasonal
MAC005198,2013-04-29,46.127,9.2,6.3,seasonal
MAC005198,2013-04-30,42.948,7.9,7.6,seasonal
MAC005198,2013-05-01,40.394001,8.4,7.1,seasonal
MAC005198,2013-05-02,18.028,9.1,6.4,seasonal
MAC005198,2013-05-03,8.176,11.1,4.4,seasonal
MAC005198,2013-05-04,14.809,10.9,4.6,seasonal
MAC005198,2013-05-05,9.041,11.4,4.1,seasonal
MAC005198,2013-05-06,7.657,13.2,2.3,seasonal
MAC005198,2013-05-07,12.107,13.8,1.7,seasonal
MAC005198,2013-05-08,10.912,12.9,2.6,seasonal
MAC005198,2013-05-09,7.854,10.5,5.0,seasonal
MAC005198,2013-05-10,8.093,12.4,3.1,seasonal
MAC005198,2013-05-11,9.675,10.4,5.1,seasonal
MAC005198,2013-05-12,9.275,9.6,5.9,seasonal
MAC005198,2013-05-13,8.925,11.0,4.5,seasonal
MAC005198,2013-05-14,8.686,8.6,6.9,seasonal
MAC005198,2013-05-15,10.053,9.1,6.4,seasonal
MAC005198,2013-05-16,32.95,9.5,6.0,seasonal
MAC005198,2013-05-17,42.484,9.1,6.4,seasonal
MAC005198,2013-05-18,37.577,10.9,4.6,seasonal
MAC005198,2013-05-19,35.353,12.7,2.8,seasonal
MAC005198,2013-05-20,34.416,13.4,2.1,seasonal
MAC005198,2013-05-21,36.676,12.9,2.6,seasonal
MAC005198,2013-05-22,50.232,11.4,4.1,seasonal
MAC005198,2013-05-23,41.222,8.1,7.4,seasonal
MAC005198,2013-05-24,45.914,7.1,8.4,seasonal
MAC005198,2013-05-25,44.137,9.5,6.0,seasonal
MAC005198,2013-05-26,22.7,11.5,4.0,seasonal
MAC005198,2013-05-27,8.222,11.0,4.5,seasonal
MAC005198,2013-05-28,16.253,10.8,4.7,seasonal
MAC005198,2013-05-29,38.139,10.7,4.8,seasonal
MAC005198,2013-05-30,34.626,12.4,3.1,seasonal
MAC005198,2013-05-31,29.971,14.5,1.0,seasonal
MAC005198,2013-06-01,29.864,12.9,2.6,seasonal
MAC005198,2013-06-02,23.977,12.8,2.7,seasonal
MAC005198,2013-06-03,57.561,11.9,3.6,seasonal
MAC005198,2013-06-04,7.57,12.1,3.4,seasonal
MAC005198,2013-06-05,11.799,12.6,2.9,seasonal
MAC005198,2013-06-06,12.851,13.3,2.2,seasonal
MAC005198,2013-06-07,5.914,14.1,1.4,seasonal
MAC005198,2013-06-08,2.452,12.4,3.1,seasonal
MAC005198,2013-06-09,20.187,12.5,3.0,seasonal
MAC005198,2013-06-10,23.526,12.4,3.1,seasonal
MAC005198,2013-06-11,27.58,13.3,2.2,seasonal
MAC005198,2013-06-12,25.388,15.2,0.3,seasonal
MAC005198,2013-06-13,25.359,14.6,0.9,seasonal
MAC005198,2013-06-14,23.411,13.5,2.0,seasonal
MAC005198,2013-06-15,29.674,13.9,1.6,seasonal
MAC005198,2013-06-16,25.462999,13.5,2.0,seasonal
MAC005198,2013-06-17,21.049,14.9,0.6,seasonal
MAC005198,2013-06-18,5.706,17.2,0.0,seasonal
MAC005198,2013-06-19,3.621,19.0,0.0,seasonal
MAC005198,2013-06-20,3.699,17.3,0.0,seasonal
MAC005198,2013-06-21,5.873,16.6,0.0,seasonal
MAC005198,2013-06-22,4.141,14.3,1.2,seasonal
MAC005198,2013-06-23,22.807,14.8,0.7,seasonal
MAC005198,2013-06-24,22.516,12.8,2.7,seasonal
MAC005198,2013-06-25,17.343,14.1,1.4,seasonal
MAC005198,2013-06-26,16.476,16.0,0.0,seasonal
MAC005198,2013-06-27,14.987,14.5,1.0,seasonal
MAC005198,2013-06-28,16.727,15.4,0.1,seasonal
MAC005198,2013-06-29,16.009,15.8,0.0,seasonal
MAC005198,2013-06-30,8.68,18.5,0.0,seasonal
MAC005198,2013-07-01,9.588,16.3,0.0,seasonal
MAC005198,2013-07-02,3.253,14.5,1.0,seasonal
MAC005198,2013-07-03,3.241,16.4,0.0,seasonal
MAC005198,2013-07-04,3.127,17.1,0.0,seasonal
MAC005198,2013-07-05,3.369,18.3,0.0,seasonal
MAC005198,2013-07-06,3.908,18.9,0.0,seasonal
MAC005198,2013-07-07,3.217,20.5,0.0,seasonal
MAC005198,2013-07-08,4.267,18.9,0.0,seasonal
MAC005198,2013-07-09,3.809,18.1,0.0,seasonal
MAC005198,2013-07-10,3.436,17.2,0.0,seasonal
MAC005198,2013-07-11,3.513,15.2,0.3,seasonal
MAC005198,2013-07-12,3.283,17.0,0.0,seasonal
MAC005198,2013-07-13,6.662,21.6,0.0,seasonal
MAC005198,2013-07-14,4.42,22.1,0.0,seasonal
MAC005198,2013-07-15,3.27,21.8,0.0,seasonal
MAC005198,2013-07-16,7.725,22.8,0.0,seasonal
MAC005198,2013-07-17,3.066,22.9,0.0,seasonal
MAC005198,2013-07-18,3.388,21.2,0.0,seasonal
MAC005198,2013-07-19,5.612,20.3,0.0,seasonal
MAC005198,2013-07-20,4.324,18.8,0.0,seasonal
MAC005198,2013-07-21,3.266,20.2,0.0,seasonal
MAC005198,2013-07-22,3.543,23.8,0.0,seasonal
MAC005198,2013-07-23,3.407,23.1,0.0,seasonal
MAC005198,2013-07-24,4.2,20.5,0.0,seasonal
MAC005198,2013-07-25,3.998,19.8,0.0,seasonal
MAC005198,2013-07-26,3.24,19.6,0.0,seasonal
MAC005198,2013-07-27,5.972,20.0,0.0,seasonal
MAC005198,2013-07-28,4.032,18.7,0.0,seasonal
MAC005198,2013-07-29,3.169,17.9,0.0,seasonal
MAC005198,2013-07-30,3.344,16.8,0.0,seasonal
MAC005198,2013-07-31,3.15,18.6,0.0,seasonal
MAC005198,2013-08-01,3.32,22.8,0.0,seasonal
MAC005198,2013-08-02,3.369,19.6,0.0,seasonal
MAC005198,2013-08-03,3.339,18.1,0.0,seasonal
MAC005198,2013-08-04,3.262,17.9,0.0,seasonal
MAC005198,2013-08-05,3.122,18.3,0.0,seasonal
MAC005198,2013-08-06,3.288,16.8,0.0,seasonal
MAC005198,2013-08-07,3.474,17.3,0.0,seasonal
MAC005198,2013-08-08,3.123,16.6,0.0,seasonal
MAC005198,2013-08-09,3.085,18.3,0.0,seasonal
MAC005198,2013-08-10,6.173,16.9,0.0,seasonal
MAC005198,2013-08-11,4.92,18.2,0.0,seasonal
MAC005198,2013-08-12,3.794,16.3,0.0,seasonal
MAC005198,2013-08-13,3.156,15.3,0.2,seasonal
MAC005198,2013-08-14,3.623,16.4,0.0,seasonal
MAC005198,2013-08-15,3.227,19.2,0.0,seasonal
MAC005198,2013-08-16,3.577,17.9,0.0,seasonal
MAC005198,2013-08-17,4.024,16.6,0.0,seasonal
MAC005198,2013-08-18,3.64,18.8,0.0,seasonal
MAC005198,2013-08-19,3.621,17.0,0.0,seasonal
MAC005198,2013-08-20,3.579,17.6,0.0,seasonal
MAC005198,2013-08-21,3.924,18.1,0.0,seasonal
MAC005198,2013-08-22,3.714,18.7,0.0,seasonal
MAC005198,2013-08-23,3.544,20.0,0.0,seasonal
MAC005198,2013-08-24,6.319,17.0,0.0,seasonal
MAC005198,2013-08-25,5.067,17.1,0.0,seasonal
MAC005198,2013-08-26,3.933,18.2,0.0,seasonal
MAC005198,2013-08-27,3.579,16.1,0.0,seasonal
MAC005198,2013-08-28,3.57,16.1,0.0,seasonal
MAC005198,2013-08-29,4.274,17.9,0.0,seasonal
MAC005198,2013-08-30,3.584,18.3,0.0,seasonal
MAC005198,2013-08-31,5.112,16.3,0.0,seasonal
MAC005198,2013-09-01,4.173,14.7,0.8,seasonal
MAC005198,2013-09-02,4.003,16.8,0.0,seasonal
MAC005198,2013-09-03,3.686,18.5,0.0,seasonal
MAC005198,2013-09-04,3.636,18.7,0.0,seasonal
MAC005198,2013-09-05,3.98,20.4,0.0,seasonal
MAC005198,2013-09-06,3.749,15.4,0.1,seasonal
MAC005198,2013-09-07,6.767,13.6,1.9,seasonal
MAC005198,2013-09-08,4.373,11.8,3.7,seasonal
MAC005198,2013-09-09,27.559,11.6,3.9,seasonal
MAC005198,2013-09-10,20.226,12.5,3.0,seasonal
MAC005198,2013-09-11,22.139,13.5,2.0,seasonal
MAC005198,2013-09-12,17.652,14.1,1.4,seasonal
MAC005198,2013-09-13,18.246,16.2,0.0,seasonal
MAC005198,2013-09-14,25.848,11.7,3.8,seasonal
MAC005198,2013-09-15,22.513,11.3,4.2,seasonal
MAC005198,2013-09-16,24.938,11.2,4.3,seasonal
MAC005198,2013-09-17,24.537,11.0,4.5,seasonal
MAC005198,2013-09-18,25.07,12.3,3.2,seasonal
MAC005198,2013-09-19,24.437,12.0,3.5,seasonal
MAC005198,2013-09-20,23.421,13.4,2.1,seasonal
MAC005198,2013-09-21,21.496,13.5,2.0,seasonal
MAC005198,2013-09-22,22.561,16.8,0.0,seasonal
MAC005198,2013-09-23,21.027,16.6,0.0,seasonal
MAC005198,2013-09-24,21.634,15.1,0.4,seasonal
MAC005198,2013-09-25,19.718,15.7,0.0,seasonal
MAC005198,2013-09-26,23.358,14.5,1.0,seasonal
MAC005198,2013-09-27,21.625,12.6,2.9,seasonal
MAC005198,2013-09-28,25.33,14.3,1.2,seasonal
MAC005198,2013-09-29,22.69,14.3,1.2,seasonal
MAC005198,2013-09-30,21.758,14.9,0.6,seasonal
MAC005198,2013-10-01,20.009,14.3,1.2,seasonal
MAC005198,2013-10-02,20.627,15.4,0.1,seasonal
MAC005198,2013-10-03,17.66,16.1,0.0,seasonal
MAC005198,2013-10-04,19.767,17.3,0.0,seasonal
MAC005198,2013-10-05,22.424,15.3,0.2,seasonal
MAC005198,2013-10-06,22.53,13.8,1.7,seasonal
MAC005198,2013-10-07,21.485,13.3,2.2,seasonal
MAC005198,2013-10-08,20.607,15.6,0.0,seasonal
MAC005198,2013-10-09,40.871001,13.6,1.9,seasonal
MAC005198,2013-10-10,40.131,9.3,6.2,seasonal
MAC005198,2013-10-11,40.937,11.1,4.4,seasonal
MAC005198,2013-10-12,43.761,11.4,4.1,seasonal
MAC005198,2013-10-13,41.082,9.6,5.9,seasonal
MAC005198,2013-10-14,42.864,9.1,6.4,seasonal
MAC005198,2013-10-15,43.03,9.5,6.0,seasonal
MAC005198,2013-10-16,39.884,9.7,5.8,seasonal
MAC005198,2013-10-17,38.933,13.2,2.3,seasonal
MAC005198,2013-10-18,38.14,12.6,2.9,seasonal
MAC005198,2013-10-19,37.249,13.9,1.6,seasonal
MAC005198,2013-10-20,37.476,13.4,2.1,seasonal
MAC005198,2013-10-21,35.057,14.8,0.7,seasonal
MAC005198,2013-10-22,26.448,16.0,0.0,seasonal
MAC005198,2013-10-23,32.297,13.9,1.6,seasonal
MAC005198,2013-10-24,29.616,11.1,4.4,seasonal
MAC005198,2013-10-25,27.428,15.3,0.2,seasonal
MAC005198,2013-10-26,30.821,15.0,0.5,seasonal
MAC005198,2013-10-27,28.781,13.5,2.0,seasonal
MAC005198,2013-10-28,34.971,12.7,2.8,seasonal
MAC005198,2013-10-29,43.327,9.1,6.4,seasonal
MAC005198,2013-10-30,35.796,9.0,6.5,seasonal
MAC005198,2013-10-31,35.618,12.5,3.0,seasonal
MAC005198,2013-11-01,33.996,12.0,3.5,seasonal
MAC005198,2013-11-02,36.649,11.5,4.0,seasonal
MAC005198,2013-11-03,42.196999,8.7,6.8,seasonal
MAC005198,2013-11-04,44.934,7.4,8.1,seasonal
MAC005198,2013-11-05,49.015,7.6,7.9,seasonal
MAC005198,2013-11-06,50.594999,10.4,5.1,seasonal
MAC005198,2013-11-07,49.498,10.4,5.1,seasonal
MAC005198,2013-11-08,52.742,7.5,8.0,seasonal
MAC005198,2013-11-09,58.386,5.4,10.1,seasonal
MAC005198,2013-11-10,54.895,5.2,10.3,seasonal
MAC005198,2013-11-11,49.739,8.5,7.0,seasonal
MAC005198,2013-11-12,56.905,10.0,5.5,seasonal
MAC005198,2013-11-13,53.22,5.1,10.4,seasonal
MAC005198,2013-11-14,54.115,7.2,8.3,seasonal
MAC005198,2013-11-15,57.095,4.8,10.7,seasonal
MAC005198,2013-11-16,53.914,4.0,11.5,seasonal
MAC005198,2013-11-17,50.774,6.0,9.5,seasonal
MAC005198,2013-11-18,53.803,7.8,7.7,seasonal
MAC005198,2013-11-19,59.955,2.9,12.6,seasonal
MAC005198,2013-11-20,59.264,2.3,13.2,seasonal
MAC005198,2013-11-21,63.146,4.5,11.0,seasonal
MAC005198,2013-11-22,60.782999,4.8,10.7,seasonal
MAC005198,2013-11-23,64.624,4.6,10.9,seasonal
MAC005198,2013-11-24,60.284999,4.6,10.9,seasonal
MAC005198,2013-11-25,62.504999,4.0,11.5,seasonal
MAC005198,2013-11-26,60.305,2.5,13.0,seasonal
MAC005198,2013-11-27,57.847001,6.4,9.1,seasonal
MAC005198,2013-11-28,55.459001,7.2,8.3,seasonal
MAC005198,2013-11-29,55.339,7.3,8.2,seasonal
MAC005198,2013-11-30,60.610999,5.3,10.2,seasonal
MAC005198,2013-12-01,57.184,3.7,11.8,seasonal
MAC005198,2013-12-02,56.283,5.5,10.0,seasonal
MAC005198,2013-12-03,56.543001,3.2,12.3,seasonal
MAC005198,2013-12-04,59.610001,4.4,11.1,seasonal
MAC005198,2013-12-05,65.697,4.4,11.1,seasonal
MAC005198,2013-12-06,64.036999,4.3,11.2,seasonal
MAC005198,2013-12-07,61.812,5.9,9.6,seasonal
MAC005198,2013-12-08,56.347999,7.3,8.2,seasonal
MAC005198,2013-12-09,59.543,6.7,8.8,seasonal
MAC005198,2013-12-10,61.983001,3.9,11.6,seasonal
MAC005198,2013-12-11,64.968999,2.8,12.7,seasonal
MAC005198,2013-12-12,61.774,5.2,10.3,seasonal
MAC005198,2013-12-13,61.801001,8.7,6.8,seasonal
MAC005198,2013-12-14,60.928,7.3,8.2,seasonal
MAC005198,2013-12-15,57.384,10.7,4.8,seasonal
MAC005198,2013-12-16,52.7,11.4,4.1,seasonal
MAC005198,2013-12-17,57.865,6.3,9.2,seasonal
MAC005198,2013-12-18,56.944,8.1,7.4,seasonal
MAC005198,2013-12-19,58.985,6.1,9.4,seasonal
MAC005198,2013-12-20,57.968001,5.4,10.1,seasonal
MAC005198,2013-12-21,60.756001,10.2,5.3,seasonal
MAC005198,2013-12-22,58.941,7.1,8.4,seasonal
MAC005198,2013-12-23,56.515001,8.1,7.4,seasonal
MAC005198,2013-12-24,57.682,8.5,7.0,seasonal
MAC005198,2013-12-25,60.856001,4.7,10.8,seasonal
MAC005198,2013-12-26,59.99,4.1,11.4,seasonal
MAC005198,2013-12-27,59.127001,9.0,6.5,seasonal
MAC005198,2013-12-28,63.587001,4.8,10.7,seasonal
MAC005198,2013-12-29,65.04,2.3,13.2,seasonal
MAC005198,2013-12-30,63.74,7.8,7.7,seasonal
MAC005216,2013-01-01,21.384,5.8,9.7,seasonal
MAC005216,2013-01-02,18.876,6.2,9.3,seasonal
MAC005216,2013-01-03,22.63,10.2,5.3,seasonal
MAC005216,2013-01-04,18.167,8.8,6.7,seasonal
MAC005216,2013-01-05,18.768,8.6,6.9,seasonal
MAC005216,2013-01-06,20.07,7.0,8.5,seasonal
MAC005216,2013-01-07,20.931,7.6,7.9,seasonal
MAC005216,2013-01-08,19.27,8.9,6.6,seasonal
MAC005216,2013-01-09,24.926,6.8,8.7,seasonal
MAC005216,2013-01-10,24.469,1.8,13.7,seasonal
MAC005216,2013-01-11,25.022,2.7,12.8,seasonal
MAC005216,2013-01-12,23.949,2.7,12.8,seasonal
MAC005216,2013-01-13,23.365,1.1,14.4,seasonal
MAC005216,2013-01-14,25.521,0.2,15.3,seasonal
MAC005216,2013-01-15,24.125,0.6,14.9,seasonal
MAC005216,2013-01-16,25.333,-2.2,17.7,seasonal
MAC005216,2013-01-17,25.402,-2.2,17.7,seasonal
MAC005216,2013-01-18,22.919,-1.4,16.9,seasonal
MAC005216,2013-01-19,23.613,-0.2,15.7,seasonal
MAC005216,2013-01-20,27.203,-1.2,16.7,seasonal
MAC005216,2013-01-21,27.105,-1.5,17.0,seasonal
MAC005216,2013-01-22,28.539,-1.5,17.0,seasonal
MAC005216,2013-01-23,27.032,0.9,14.6,seasonal
MAC005216,2013-01-24,25.497,-0.3,15.8,seasonal
MAC005216,2013-01-25,26.713,-1.5,17.0,seasonal
MAC005216,2013-01-26,24.195,3.3,12.2,seasonal
MAC005216,2013-01-27,21.951,7.6,7.9,seasonal
MAC005216,2013-01-28,20.399,5.8,9.7,seasonal
MAC005216,2013-01-29,19.623,10.9,4.6,seasonal
MAC005216,2013-01-30,20.859,10.1,5.4,seasonal
MAC005216,2013-01-31,22.051,8.2,7.3,seasonal
MAC005216,2013-02-01,19.673,5.4,10.1,seasonal
MAC005216,2013-02-02,21.588,2.7,12.8,seasonal
MAC005216,2013-02-03,18.986,3.6,11.9,seasonal
MAC005216,2013-02-04,20.401,7.9,7.6,seasonal
MAC005216,2013-02-05,21.767,3.6,11.9,seasonal
MAC005216,2013-02-06,21.035,3.5,12.0,seasonal
MAC005216,2013-02-07,23.074,1.9,13.6,seasonal
MAC005216,2013-02-08,23.778,1.2,14.3,seasonal
MAC005216,2013-02-09,23.468,1.6,13.9,seasonal
MAC005216,2013-02-10,22.599,2.6,12.9,seasonal
MAC005216,2013-02-11,21.671,1.1,14.4,seasonal
MAC005216,2013-02-12,24.875,1.1,14.4,seasonal
MAC005216,2013-02-13,23.424,0.5,15.0,seasonal
MAC005216,2013-02-14,20.889,6.5,9.0,seasonal
MAC005216,2013-02-15,18.754,4.4,11.1,seasonal
MAC005216,2013-02-16,22.191,5.0,10.5,seasonal
MAC005216,2013-02-17,20.607,3.5,12.0,seasonal
MAC005216,2013-02-18,21.7,3.3,12.2,seasonal
MAC005216,2013-02-19,23.541,0.8,14.7,seasonal
MAC005216,2013-02-20,23.269,2.0,13.5,seasonal
MAC005216,2013-02-21,22.951,0.7,14.8,seasonal
MAC005216,2013-02-22,23.028,0.3,15.2,seasonal
MAC005216,2013-02-23,21.868,0.3,15.2,seasonal
MAC005216,2013-02-24,22.402,0.4,15.1,seasonal
MAC005216,2013-02-25,23.109,2.5,13.0,seasonal
MAC005216,2013-02-26,23.316,3.5,12.0,seasonal
MAC005216,2013-02-27,17.161,3.0,12.5,seasonal
MAC005216,2013-02-28,18.613,3.5,12.0,seasonal
MAC005216,2013-03-01,19.773,3.9,11.6,seasonal
MAC005216,2013-03-02,19.421,2.3,13.2,seasonal
MAC005216,2013-03-03,23.903,2.6,12.9,seasonal
MAC005216,2013-03-04,17.44,3.6,11.9,seasonal
MAC005216,2013-03-05,17.363,5.8,9.7,seasonal
MAC005216,2013-03-06,18.284,7.4,8.1,seasonal
MAC005216,2013-03-07,20.066,8.0,7.5,seasonal
MAC005216,2013-03-08,18.199,8.5,7.0,seasonal
MAC005216,2013-03-09,17.234,6.0,9.5,seasonal
MAC005216,2013-03-10,21.531,2.1,13.4,seasonal
MAC005216,2013-03-11,21.299,-0.2,15.7,seasonal
MAC005216,2013-03-12,21.345,0.1,15.4,seasonal
MAC005216,2013-03-13,21.545,1.9,13.6,seasonal
MAC005216,2013-03-14,22.519,1.0,14.5,seasonal
MAC005216,2013-03-15,21.158,4.3,11.2,seasonal
MAC005216,2013-03-16,23.324,6.1,9.4,seasonal
MAC005216,2013-03-17,23.71,4.7,10.8,seasonal
MAC005216,2013-03-18,20.917,3.2,12.3,seasonal
MAC005216,2013-03-19,21.801,3.3,12.2,seasonal
MAC005216,2013-03-20,23.4,3.2,12.3,seasonal
MAC005216,2013-03-21,22.611,3.1,12.4,seasonal
MAC005216,2013-03-22,20.914,3.2,12.3,seasonal
MAC005216,2013-03-23,23.902,1.6,13.9,seasonal
MAC005216,2013-03-24,20.725,0.1,15.4,seasonal
MAC005216,2013-03-25,23.589,0.4,15.1,seasonal
MAC005216,2013-03-26,23.395,0.3,15.2,seasonal
MAC005216,2013-03-27,23.094,0.8,14.7,seasonal
MAC005216,2013-03-28,23.801,1.0,14.5,seasonal
MAC005216,2013-03-29,24.02,0.2,15.3,seasonal
MAC005216,2013-03-30,22.02,1.2,14.3,seasonal
MAC005216,2013-03-31,22.754,0.5,15.0,seasonal
MAC005216,2013-04-01,24.307,1.8,13.7,seasonal
MAC005216,2013-04-02,21.375,2.6,12.9,seasonal
MAC005216,2013-04-03,23.564,1.7,13.8,seasonal
MAC005216,2013-04-04,24.091,1.9,13.6,seasonal
MAC005216,2013-04-05,22.275,3.3,12.2,seasonal
MAC005216,2013-04-06,20.405,3.5,12.0,seasonal
MAC005216,2013-04-07,18.425,3.2,12.3,seasonal
MAC005216,2013-04-08,20.076,4.9,10.6,seasonal
MAC005216,2013-04-09,21.604,4.8,10.7,seasonal
MAC005216,2013-04-10,14.925,6.1,9.4,seasonal
MAC005216,2013-04-11,13.942,7.1,8.4,seasonal
MAC005216,2013-04-12,16.301,8.4,7.1,seasonal
MAC005216,2013-04-13,13.837,8.2,7.3,seasonal
MAC005216,2013-04-14,14.93,13.4,2.1,seasonal
MAC005216,2013-04-15,12.768,11.5,4.0,seasonal
MAC005216,2013-04-16,9.809,11.3,4.2,seasonal
MAC005216,2013-04-17,11.256,11.8,3.7,seasonal
MAC005216,2013-04-18,12.913,10.1,5.4,seasonal
MAC005216,2013-04-19,14.031,8.4,7.1,seasonal
MAC005216,2013-04-20,13.449,5.9,9.6,seasonal
MAC005216,2013-04-21,6.757,7.0,8.5,seasonal
MAC005216,2013-04-22,5.249,9.3,6.2,seasonal
MAC005216,2013-04-23,5.805,13.1,2.4,seasonal
MAC005216,2013-04-24,6.632,12.5,3.0,seasonal
MAC005216,2013-04-25,7.8,14.2,1.3,seasonal
MAC005216,2013-04-26,4.717,8.9,6.6,seasonal
MAC005216,2013-04-27,8.76,6.0,9.5,seasonal
MAC005216,2013-04-28,6.453,6.2,9.3,seasonal
MAC005216,2013-04-29,7.518,9.2,6.3,seasonal
MAC005216,2013-04-30,6.044,7.9,7.6,seasonal
MAC005216,2013-05-01,6.382,8.4,7.1,seasonal
MAC005216,2013-05-02,6.496,9.1,6.4,seasonal
MAC005216,2013-05-03,6.122,11.1,4.4,seasonal
MAC005216,2013-05-04,6.305,10.9,4.6,seasonal
MAC005216,2013-05-05,4.911,11.4,4.1,seasonal
MAC005216,2013-05-06,7.058,13.2,2.3,seasonal
MAC005216,2013-05-07,6.24,13.8,1.7,seasonal
MAC005216,2013-05-08,7.433,12.9,2.6,seasonal
MAC005216,2013-05-09,7.129,10.5,5.0,seasonal
MAC005216,2013-05-10,6.481,12.4,3.1,seasonal
MAC005216,2013-05-11,8.162,10.4,5.1,seasonal
MAC005216,2013-05-12,8.061,9.6,5.9,seasonal
MAC005216,2013-05-13,6.916,11.0,4.5,seasonal
MAC005216,2013-05-14,4.984,8.6,6.9,seasonal
MAC005216,2013-05-15,5.729,9.1,6.4,seasonal
MAC005216,2013-05-16,6.019,9.5,6.0,seasonal
MAC005216,2013-05-17,8.356,9.1,6.4,seasonal
MAC005216,2013-05-18,5.751,10.9,4.6,seasonal
MAC005216,2013-05-19,4.327,12.7,2.8,seasonal
MAC005216,2013-05-20,9.35,13.4,2.1,seasonal
MAC005216,2013-05-21,7.308,12.9,2.6,seasonal
MAC005216,2013-05-22,10.937,11.4,4.1,seasonal
MAC005216,2013-05-23,13.603,8.1,7.4,seasonal
MAC005216,2013-05-24,13.443,7.1,8.4,seasonal
MAC005216,2013-05-25,6.261,9.5,6.0,seasonal
MAC005216,2013-05-26,5.689,11.5,4.0,seasonal
MAC005216,2013-05-27,5.42,11.0,4.5,seasonal
MAC005216,2013-05-28,6.246,10.8,4.7,seasonal
MAC005216,2013-05-29,15.386,10.7,4.8,seasonal
MAC005216,2013-05-30,4.959,12.4,3.1,seasonal
MAC005216,2013-05-31,5.412,14.5,1.0,seasonal
MAC005216,2013-06-01,6.327,12.9,2.6,seasonal
MAC005216,2013-06-02,5.946,12.8,2.7,seasonal
MAC005216,2013-06-03,5.881,11.9,3.6,seasonal
MAC005216,2013-06-04,6.198,12.1,3.4,seasonal
MAC005216,2013-06-05,5.599,12.6,2.9,seasonal
MAC005216,2013-06-06,6.198,13.3,2.2,seasonal
MAC005216,2013-06-07,4.934,14.1,1.4,seasonal
MAC005216,2013-06-08,7.288,12.4,3.1,seasonal
MAC005216,2013-06-09,8.506,12.5,3.0,seasonal
MAC005216,2013-06-10,3.188,12.4,3.1,seasonal
MAC005216,2013-06-11,10.644,13.3,2.2,seasonal
MAC005216,2013-06-12,4.491,15.2,0.3,seasonal
MAC005216,2013-06-13,5.696,14.6,0.9,seasonal
MAC005216,2013-06-14,6.648,13.5,2.0,seasonal
MAC005216,2013-06-15,5.657,13.9,1.6,seasonal
MAC005216,2013-06-16,6.17,13.5,2.0,seasonal
MAC005216,2013-06-17,4.889,14.9,0.6,seasonal
MAC005216,2013-06-18,6.428,17.2,0.0,seasonal
MAC005216,2013-06-19,4.93,19.0,0.0,seasonal
MAC005216,2013-06-20,6.69,17.3,0.0,seasonal
MAC005216,2013-06-21,5.148,16.6,0.0,seasonal
MAC005216,2013-06-22,4.663,14.3,1.2,seasonal
MAC005216,2013-06-23,6.549,14.8,0.7,seasonal
MAC005216,2013-06-24,5.167,12.8,2.7,seasonal
MAC005216,2013-06-25,6.804,14.1,1.4,seasonal
MAC005216,2013-06-26,4.552,16.0,0.0,seasonal
MAC005216,2013-06-27,8.915,14.5,1.0,seasonal
MAC005216,2013-06-28,4.501,15.4,0.1,seasonal
MAC005216,2013-06-29,5.426,15.8,0.0,seasonal
MAC005216,2013-06-30,4.787,18.5,0.0,seasonal
MAC005216,2013-07-01,4.61,16.3,0.0,seasonal
MAC005216,2013-07-02,5.055,14.5,1.0,seasonal
MAC005216,2013-07-03,4.915,16.4,0.0,seasonal
MAC005216,2013-07-04,5.581,17.1,0.0,seasonal
MAC005216,2013-07-05,4.856,18.3,0.0,seasonal
MAC005216,2013-07-06,6.172,18.9,0.0,seasonal
MAC005216,2013-07-07,5.342,20.5,0.0,seasonal
MAC005216,2013-07-08,4.278,18.9,0.0,seasonal
MAC005216,2013-07-09,6.615,18.1,0.0,seasonal
MAC005216,2013-07-10,4.398,17.2,0.0,seasonal
MAC005216,2013-07-11,7.446,15.2,0.3,seasonal
MAC005216,2013-07-12,6.061,17.0,0.0,seasonal
MAC005216,2013-07-13,4.773,21.6,0.0,seasonal
MAC005216,2013-07-14,5.753,22.1,0.0,seasonal
MAC005216,2013-07-15,4.359,21.8,0.0,seasonal
MAC005216,2013-07-16,6.185,22.8,0.0,seasonal
MAC005216,2013-07-17,6.12,22.9,0.0,seasonal
MAC005216,2013-07-18,4.813,21.2,0.0,seasonal
MAC005216,2013-07-19,5.805,20.3,0.0,seasonal
MAC005216,2013-07-20,4.902,18.8,0.0,seasonal
MAC005216,2013-07-21,5.903,20.2,0.0,seasonal
MAC005216,2013-07-22,4.707,23.8,0.0,seasonal
MAC005216,2013-07-23,6.217,23.1,0.0,seasonal
MAC005216,2013-07-24,5.144,20.5,0.0,seasonal
MAC005216,2013-07-25,5.306,19.8,0.0,seasonal
MAC005216,2013-07-26,4.198,19.6,0.0,seasonal
MAC005216,2013-07-27,4.46,20.0,0.0,seasonal
MAC005216,2013-07-28,4.939,18.7,0.0,seasonal
MAC005216,2013-07-29,4.699,17.9,0.0,seasonal
MAC005216,2013-07-30,4.812,16.8,0.0,seasonal
MAC005216,2013-07-31,4.934,18.6,0.0,seasonal
MAC005216,2013-08-01,3.895,22.8,0.0,seasonal
MAC005216,2013-08-02,5.201,19.6,0.0,seasonal
MAC005216,2013-08-03,5.965,18.1,0.0,seasonal
MAC005216,2013-08-04,4.632,17.9,0.0,seasonal
MAC005216,2013-08-05,5.584,18.3,0.0,seasonal
MAC005216,2013-08-06,4.662,16.8,0.0,seasonal
MAC005216,2013-08-07,6.521,17.3,0.0,seasonal
MAC005216,2013-08-08,6.577,16.6,0.0,seasonal
MAC005216,2013-08-09,4.191,18.3,0.0,seasonal
MAC005216,2013-08-10,5.066,16.9,0.0,seasonal
MAC005216,2013-08-11,5.85,18.2,0.0,seasonal
MAC005216,2013-08-12,3.548,16.3,0.0,seasonal
MAC005216,2013-08-13,6.66,15.3,0.2,seasonal
MAC005216,2013-08-14,5.76,16.4,0.0,seasonal
MAC005216,2013-08-15,3.277,19.2,0.0,seasonal
MAC005216,2013-08-16,4.586,17.9,0.0,seasonal
MAC005216,2013-08-17,6.584,16.6,0.0,seasonal
MAC005216,2013-08-18,6.06,18.8,0.0,seasonal
MAC005216,2013-08-19,4.514,17.0,0.0,seasonal
MAC005216,2013-08-20,4.172,17.6,0.0,seasonal
MAC005216,2013-08-21,6.67,18.1,0.0,seasonal
MAC005216,2013-08-22,6.365,18.7,0.0,seasonal
MAC005216,2013-08-23,4.17,20.0,0.0,seasonal
MAC005216,2013-08-24,4.552,17.0,0.0,seasonal
MAC005216,2013-08-25,4.42,17.1,0.0,seasonal
MAC005216,2013-08-26,4.558,18.2,0.0,seasonal
MAC005216,2013-08-27,5.341,16.1,0.0,seasonal
MAC005216,2013-08-28,5.276,16.1,0.0,seasonal
MAC005216,2013-08-29,6.375,17.9,0.0,seasonal
MAC005216,2013-08-30,4.567,18.3,0.0,seasonal
MAC005216,2013-08-31,7.119,16.3,0.0,seasonal
MAC005216,2013-09-01,5.219,14.7,0.8,seasonal
MAC005216,2013-09-02,5.497,16.8,0.0,seasonal
MAC005216,2013-09-03,3.793,18.5,0.0,seasonal
MAC005216,2013-09-04,5.936,18.7,0.0,seasonal
MAC005216,2013-09-05,4.772,20.4,0.0,seasonal
MAC005216,2013-09-06,4.631,15.4,0.1,seasonal
MAC005216,2013-09-07,5.729,13.6,1.9,seasonal
MAC005216,2013-09-08,6.335,11.8,3.7,seasonal
MAC005216,2013-09-09,6.202,11.6,3.9,seasonal
MAC005216,2013-09-10,5.828,12.5,3.0,seasonal
MAC005216,2013-09-11,6.595,13.5,2.0,seasonal
MAC005216,2013-09-12,7.083,14.1,1.4,seasonal
MAC005216,2013-09-13,4.539,16.2,0.0,seasonal
MAC005216,2013-09-14,7.795,11.7,3.8,seasonal
MAC005216,2013-09-15,4.879,11.3,4.2,seasonal
MAC005216,2013-09-16,7.376,11.2,4.3,seasonal
MAC005216,2013-09-17,6.961,11.0,4.5,seasonal
MAC005216,2013-09-18,6.002,12.3,3.2,seasonal
MAC005216,2013-09-19,5.288,12.0,3.5,seasonal
MAC005216,2013-09-20,6.907,13.4,2.1,seasonal
MAC005216,2013-09-21,4.532,13.5,2.0,seasonal
MAC005216,2013-09-22,4.63,16.8,0.0,seasonal
MAC005216,2013-09-23,6.223,16.6,0.0,seasonal
MAC005216,2013-09-24,5.584,15.1,0.4,seasonal
MAC005216,2013-09-25,4.88,15.7,0.0,seasonal
MAC005216,2013-09-26,5.472,14.5,1.0,seasonal
MAC005216,2013-09-27,6.262,12.6,2.9,seasonal
MAC005216,2013-09-28,4.054,14.3,1.2,seasonal
MAC005216,2013-09-29,4.883,14.3,1.2,seasonal
MAC005216,2013-09-30,5.73,14.9,0.6,seasonal
MAC005216,2013-10-01,5.433,14.3,1.2,seasonal
MAC005216,2013-10-02,5.902,15.4,0.1,seasonal
MAC005216,2013-10-03,4.789,16.1,0.0,seasonal
MAC005216,2013-10-04,4.787,17.3,0.0,seasonal
MAC005216,2013-10-05,6.558,15.3,0.2,seasonal
MAC005216,2013-10-06,7.022,13.8,1.7,seasonal
MAC005216,2013-10-07,6.065,13.3,2.2,seasonal
MAC005216,2013-10-08,5.669,15.6,0.0,seasonal
MAC005216,2013-10-09,5.746,13.6,1.9,seasonal
MAC005216,2013-10-10,4.009,9.3,6.2,seasonal
MAC005216,2013-10-11,6.79,11.1,4.4,seasonal
MAC005216,2013-10-12,4.274,11.4,4.1,seasonal
MAC005216,2013-10-13,4.761,9.6,5.9,seasonal
MAC005216,2013-10-14,4.337,9.1,6.4,seasonal
MAC005216,2013-10-15,6.484,9.5,6.0,seasonal
MAC005216,2013-10-16,6.785,9.7,5.8,seasonal
MAC005216,2013-10-17,5.125,13.2,2.3,seasonal
MAC005216,2013-10-18,6.514,12.6,2.9,seasonal
MAC005216,2013-10-19,4.08,13.9,1.6,seasonal
MAC005216,2013-10-20,6.425,13.4,2.1,seasonal
MAC005216,2013-10-21,4.376,14.8,0.7,seasonal
MAC005216,2013-10-22,3.828,16.0,0.0,seasonal
MAC005216,2013-10-23,7.84,13.9,1.6,seasonal
MAC005216,2013-10-24,6.477,11.1,4.4,seasonal
MAC005216,2013-10-25,7.493,15.3,0.2,seasonal
MAC005216,2013-10-26,6.59,15.0,0.5,seasonal
MAC005216,2013-10-27,6.789,13.5,2.0,seasonal
MAC005216,2013-10-28,5.79,12.7,2.8,seasonal
MAC005216,2013-10-29,6.227,9.1,6.4,seasonal
MAC005216,2013-10-30,4.086,9.0,6.5,seasonal
MAC005216,2013-10-31,5.623,12.5,3.0,seasonal
MAC005216,2013-11-01,4.138,12.0,3.5,seasonal
MAC005216,2013-11-02,3.872,11.5,4.0,seasonal
MAC005216,2013-11-03,6.845,8.7,6.8,seasonal
MAC005216,2013-11-04,17.944,7.4,8.1,seasonal
MAC005216,2013-11-05,13.638,7.6,7.9,seasonal
MAC005216,2013-11-06,10.557,10.4,5.1,seasonal
MAC005216,2013-11-07,19.427,10.4,5.1,seasonal
MAC005216,2013-11-08,26.563,7.5,8.0,seasonal
MAC005216,2013-11-09,11.974,5.4,10.1,seasonal
MAC005216,2013-11-10,14.88,5.2,10.3,seasonal
MAC005216,2013-11-11,16.406,8.5,7.0,seasonal
MAC005216,2013-11-12,16.48,10.0,5.5,seasonal
MAC005216,2013-11-13,17.528,5.1,10.4,seasonal
MAC005216,2013-11-14,19.301,7.2,8.3,seasonal
MAC005216,2013-11-15,18.378,4.8,10.7,seasonal
MAC005216,2013-11-16,18.379,4.0,11.5,seasonal
MAC005216,2013-11-17,17.274,6.0,9.5,seasonal
MAC005216,2013-11-18,17.644,7.8,7.7,seasonal
MAC005216,2013-11-19,17.162,2.9,12.6,seasonal
MAC005216,2013-11-20,21.54,2.3,13.2,seasonal
MAC005216,2013-11-21,18.87,4.5,11.0,seasonal
MAC005216,2013-11-22,19.542,4.8,10.7,seasonal
MAC005216,2013-11-23,17.077,4.6,10.9,seasonal
MAC005216,2013-11-24,20.43,4.6,10.9,seasonal
MAC005216,2013-11-25,17.883,4.0,11.5,seasonal
MAC005216,2013-11-26,20.372,2.5,13.0,seasonal
MAC005216,2013-11-27,18.843,6.4,9.1,seasonal
MAC005216,2013-11-28,12.258,7.2,8.3,seasonal
MAC005216,2013-11-29,18.126,7.3,8.2,seasonal
MAC005216,2013-11-30,17.753,5.3,10.2,seasonal
MAC005216,2013-12-01,19.299,3.7,11.8,seasonal
MAC005216,2013-12-02,18.209,5.5,10.0,seasonal
MAC005216,2013-12-03,19.135,3.2,12.3,seasonal
MAC005216,2013-12-04,18.487,4.4,11.1,seasonal
MAC005216,2013-12-05,21.29,4.4,11.1,seasonal
MAC005216,2013-12-06,19.275,4.3,11.2,seasonal
MAC005216,2013-12-07,19.394,5.9,9.6,seasonal
MAC005216,2013-12-08,17.57,7.3,8.2,seasonal
MAC005216,2013-12-09,17.632,6.7,8.8,seasonal
MAC005216,2013-12-10,18.833,3.9,11.6,seasonal
MAC005216,2013-12-11,17.002,2.8,12.7,seasonal
MAC005216,2013-12-12,21.205,5.2,10.3,seasonal
MAC005216,2013-12-13,17.574,8.7,6.8,seasonal
MAC005216,2013-12-14,16.65,7.3,8.2,seasonal
MAC005216,2013-12-15,15.961,10.7,4.8,seasonal
MAC005216,2013-12-16,14.855,11.4,4.1,seasonal
MAC005216,2013-12-17,17.537,6.3,9.2,seasonal
MAC005216,2013-12-18,18.226,8.1,7.4,seasonal
MAC005216,2013-12-19,20.921,6.1,9.4,seasonal
MAC005216,2013-12-20,19.763,5.4,10.1,seasonal
MAC005216,2013-12-21,17.456,10.2,5.3,seasonal
MAC005216,2013-12-22,19.323,7.1,8.4,seasonal
MAC005216,2013-12-23,18.768,8.1,7.4,seasonal
MAC005216,2013-12-24,20.243,8.5,7.0,seasonal
MAC005216,2013-12-25,17.068,4.7,10.8,seasonal
MAC005216,2013-12-26,21.084,4.1,11.4,seasonal
MAC005216,2013-12-27,16.683,9.0,6.5,seasonal
MAC005216,2013-12-28,21.201,4.8,10.7,seasonal
MAC005216,2013-12-29,20.102,2.3,13.2,seasonal
MAC005216,2013-12-30,18.181,7.8,7.7,seasonal
MAC005267,2013-01-01,21.489,5.8,9.7,seasonal
MAC005267,2013-01-02,24.299,6.2,9.3,seasonal
MAC005267,2013-01-03,23.681,10.2,5.3,seasonal
MAC005267,2013-01-04,25.435,8.8,6.7,seasonal
MAC005267,2013-01-05,25.406,8.6,6.9,seasonal
MAC005267,2013-01-06,22.211,7.0,8.5,seasonal
MAC005267,2013-01-07,25.622,7.6,7.9,seasonal
MAC005267,2013-01-08,23.745,8.9,6.6,seasonal
MAC005267,2013-01-09,23.627,6.8,8.7,seasonal
MAC005267,2013-01-10,22.55,1.8,13.7,seasonal
MAC005267,2013-01-11,24.834,2.7,12.8,seasonal
MAC005267,2013-01-12,28.022,2.7,12.8,seasonal
MAC005267,2013-01-13,23.315,1.1,14.4,seasonal
MAC005267,2013-01-14,24.824,0.2,15.3,seasonal
MAC005267,2013-01-15,25.959,0.6,14.9,seasonal
MAC005267,2013-01-16,28.004,-2.2,17.7,seasonal
MAC005267,2013-01-17,24.889,-2.2,17.7,seasonal
MAC005267,2013-01-18,30.648,-1.4,16.9,seasonal
MAC005267,2013-01-19,27.947,-0.2,15.7,seasonal
MAC005267,2013-01-20,26.403,-1.2,16.7,seasonal
MAC005267,2013-01-21,28.209,-1.5,17.0,seasonal
MAC005267,2013-01-22,27.361,-1.5,17.0,seasonal
MAC005267,2013-01-23,27.652,0.9,14.6,seasonal
MAC005267,2013-01-24,27.036,-0.3,15.8,seasonal
MAC005267,2013-01-25,27.17,-1.5,17.0,seasonal
MAC005267,2013-01-26,27.486,3.3,12.2,seasonal
MAC005267,2013-01-27,24.645,7.6,7.9,seasonal
MAC005267,2013-01-28,22.661,5.8,9.7,seasonal
MAC005267,2013-01-29,26.074,10.9,4.6,seasonal
MAC005267,2013-01-30,25.446,10.1,5.4,seasonal
MAC005267,2013-01-31,23.664,8.2,7.3,seasonal
MAC005267,2013-02-01,23.746,5.4,10.1,seasonal
MAC005267,2013-02-02,27.268,2.7,12.8,seasonal
MAC005267,2013-02-03,26.075,3.6,11.9,seasonal
MAC005267,2013-02-04,26.61,7.9,7.6,seasonal
MAC005267,2013-02-05,24.944,3.6,11.9,seasonal
MAC005267,2013-02-06,24.057,3.5,12.0,seasonal
MAC005267,2013-02-07,26.253,1.9,13.6,seasonal
MAC005267,2013-02-08,26.863,1.2,14.3,seasonal
MAC005267,2013-02-09,41.519,1.6,13.9,seasonal
MAC005267,2013-02-10,25.25,2.6,12.9,seasonal
MAC005267,2013-02-11,26.375,1.1,14.4,seasonal
MAC005267,2013-02-12,26.038,1.1,14.4,seasonal
MAC005267,2013-02-13,22.672,0.5,15.0,seasonal
MAC005267,2013-02-14,26.066,6.5,9.0,seasonal
MAC005267,2013-02-15,27.566,4.4,11.1,seasonal
MAC005267,2013-02-16,26.024,5.0,10.5,seasonal
MAC005267,2013-02-17,27.474,3.5,12.0,seasonal
MAC005267,2013-02-18,23.482,3.3,12.2,seasonal
MAC005267,2013-02-19,24.237,0.8,14.7,seasonal
MAC005267,2013-02-20,26.252,2.0,13.5,seasonal
MAC005267,2013-02-21,22.228,0.7,14.8,seasonal
MAC005267,2013-02-22,29.97,0.3,15.2,seasonal
MAC005267,2013-02-23,33.772,0.3,15.2,seasonal
MAC005267,2013-02-24,30.233,0.4,15.1,seasonal
MAC005267,2013-02-25,29.139,2.5,13.0,seasonal
MAC005267,2013-02-26,26.443,3.5,12.0,seasonal
MAC005267,2013-02-27,29.937,3.0,12.5,seasonal
MAC005267,2013-02-28,27.196,3.5,12.0,seasonal
MAC005267,2013-03-01,25.821,3.9,11.6,seasonal
MAC005267,2013-03-02,27.755,2.3,13.2,seasonal
MAC005267,2013-03-03,21.962,2.6,12.9,seasonal
MAC005267,2013-03-04,26.554,3.6,11.9,seasonal
MAC005267,2013-03-05,27.482,5.8,9.7,seasonal
MAC005267,2013-03-06,24.28,7.4,8.1,seasonal
MAC005267,2013-03-07,22.067,8.0,7.5,seasonal
MAC005267,2013-03-08,27.616,8.5,7.0,seasonal
MAC005267,2013-03-09,24.339,6.0,9.5,seasonal
MAC005267,2013-03-10,24.162,2.1,13.4,seasonal
MAC005267,2013-03-11,29.54,-0.2,15.7,seasonal
MAC005267,2013-03-12,25.788,0.1,15.4,seasonal
MAC005267,2013-03-13,21.849,1.9,13.6,seasonal
MAC005267,2013-03-14,22.487001,1.0,14.5,seasonal
MAC005267,2013-03-15,24.678999,4.3,11.2,seasonal
MAC005267,2013-03-16,24.563,6.1,9.4,seasonal
MAC005267,2013-03-17,27.937,4.7,10.8,seasonal
MAC005267,2013-03-18,26.423,3.2,12.3,seasonal
MAC005267,2013-03-19,25.662,3.3,12.2,seasonal
MAC005267,2013-03-20,22.112,3.2,12.3,seasonal
MAC005267,2013-03-21,28.069,3.1,12.4,seasonal
MAC005267,2013-03-22,27.797,3.2,12.3,seasonal
MAC005267,2013-03-23,33.09,1.6,13.9,seasonal
MAC005267,2013-03-24,29.399,0.1,15.4,seasonal
MAC005267,2013-03-25,29.527,0.4,15.1,seasonal
MAC005267,2013-03-26,29.012,0.3,15.2,seasonal
MAC005267,2013-03-27,25.93,0.8,14.7,seasonal
MAC005267,2013-03-28,28.119,1.0,14.5,seasonal
MAC005267,2013-03-29,29.466,0.2,15.3,seasonal
MAC005267,2013-03-30,25.507,1.2,14.3,seasonal
MAC005267,2013-03-31,24.911,0.5,15.0,seasonal
MAC005267,2013-04-01,25.068,1.8,13.7,seasonal
MAC005267,2013-04-02,27.224,2.6,12.9,seasonal
MAC005267,2013-04-03,22.65,1.7,13.8,seasonal
MAC005267,2013-04-04,22.389,1.9,13.6,seasonal
MAC005267,2013-04-05,25.001,3.3,12.2,seasonal
MAC005267,2013-04-06,31.182,3.5,12.0,seasonal
MAC005267,2013-04-07,29.901,3.2,12.3,seasonal
MAC005267,2013-04-08,27.277,4.9,10.6,seasonal
MAC005267,2013-04-09,27.856,4.8,10.7,seasonal
MAC005267,2013-04-10,17.863,6.1,9.4,seasonal
MAC005267,2013-04-11,19.387,7.1,8.4,seasonal
MAC005267,2013-04-12,20.033,8.4,7.1,seasonal
MAC005267,2013-04-13,19.557,8.2,7.3,seasonal
MAC005267,2013-04-14,22.25,13.4,2.1,seasonal
MAC005267,2013-04-15,18.938,11.5,4.0,seasonal
MAC005267,2013-04-16,19.75,11.3,4.2,seasonal
MAC005267,2013-04-17,17.686,11.8,3.7,seasonal
MAC005267,2013-04-18,20.712,10.1,5.4,seasonal
MAC005267,2013-04-19,18.83,8.4,7.1,seasonal
MAC005267,2013-04-20,20.249,5.9,9.6,seasonal
MAC005267,2013-04-21,18.123,7.0,8.5,seasonal
MAC005267,2013-04-22,21.32,9.3,6.2,seasonal
MAC005267,2013-04-23,20.069,13.1,2.4,seasonal
MAC005267,2013-04-24,4.772,12.5,3.0,seasonal
MAC005267,2013-04-25,6.306,14.2,1.3,seasonal
MAC005267,2013-04-26,9.478,8.9,6.6,seasonal
MAC005267,2013-04-27,6.442,6.0,9.5,seasonal
MAC005267,2013-04-28,9.304,6.2,9.3,seasonal
MAC005267,2013-04-29,8.747,9.2,6.3,seasonal
MAC005267,2013-04-30,9.692,7.9,7.6,seasonal
MAC005267,2013-05-01,5.093,8.4,7.1,seasonal
MAC005267,2013-05-02,2.912,9.1,6.4,seasonal
MAC005267,2013-05-03,3.371,11.1,4.4,seasonal
MAC005267,2013-05-04,3.904,10.9,4.6,seasonal
MAC005267,2013-05-05,7.793,11.4,4.1,seasonal
MAC005267,2013-05-06,1.507,13.2,2.3,seasonal
MAC005267,2013-05-07,1.511,13.8,1.7,seasonal
MAC005267,2013-05-08,1.491,12.9,2.6,seasonal
MAC005267,2013-05-09,1.454,10.5,5.0,seasonal
MAC005267,2013-05-10,1.427,12.4,3.1,seasonal
MAC005267,2013-05-11,7.731,10.4,5.1,seasonal
MAC005267,2013-05-12,8.594,9.6,5.9,seasonal
MAC005267,2013-05-13,7.134,11.0,4.5,seasonal
MAC005267,2013-05-14,9.213,8.6,6.9,seasonal
MAC005267,2013-05-15,6.695,9.1,6.4,seasonal
MAC005267,2013-05-16,5.165,9.5,6.0,seasonal
MAC005267,2013-05-17,5.536,9.1,6.4,seasonal
MAC005267,2013-05-18,3.384,10.9,4.6,seasonal
MAC005267,2013-05-19,5.948,12.7,2.8,seasonal
MAC005267,2013-05-20,7.589,13.4,2.1,seasonal
MAC005267,2013-05-21,6.307,12.9,2.6,seasonal
MAC005267,2013-05-22,3.074,11.4,4.1,seasonal
MAC005267,2013-05-23,6.005,8.1,7.4,seasonal
MAC005267,2013-05-24,5.28,7.1,8.4,seasonal
MAC005267,2013-05-25,6.714,9.5,6.0,seasonal
MAC005267,2013-05-26,5.22,11.5,4.0,seasonal
MAC005267,2013-05-27,7.009,11.0,4.5,seasonal
MAC005267,2013-05-28,6.041,10.8,4.7,seasonal
MAC005267,2013-05-29,6.975,10.7,4.8,seasonal
MAC005267,2013-05-30,6.417,12.4,3.1,seasonal
MAC005267,2013-05-31,8.451,14.5,1.0,seasonal
MAC005267,2013-06-01,9.591,12.9,2.6,seasonal
MAC005267,2013-06-02,6.548,12.8,2.7,seasonal
MAC005267,2013-06-03,5.513,11.9,3.6,seasonal
MAC005267,2013-06-04,5.073,12.1,3.4,seasonal
MAC005267,2013-06-05,3.37,12.6,2.9,seasonal
MAC005267,2013-06-06,3.55,13.3,2.2,seasonal
MAC005267,2013-06-07,4.965,14.1,1.4,seasonal
MAC005267,2013-06-08,9.897,12.4,3.1,seasonal
MAC005267,2013-06-09,7.871,12.5,3.0,seasonal
MAC005267,2013-06-10,4.499,12.4,3.1,seasonal
MAC005267,2013-06-11,4.411,13.3,2.2,seasonal
MAC005267,2013-06-12,5.222,15.2,0.3,seasonal
MAC005267,2013-06-13,5.103,14.6,0.9,seasonal
MAC005267,2013-06-14,5.532,13.5,2.0,seasonal
MAC005267,2013-06-15,8.634,13.9,1.6,seasonal
MAC005267,2013-06-16,5.983,13.5,2.0,seasonal
MAC005267,2013-06-17,4.155,14.9,0.6,seasonal
MAC005267,2013-06-18,3.213,17.2,0.0,seasonal
MAC005267,2013-06-19,6.187,19.0,0.0,seasonal
MAC005267,2013-06-20,4.583,17.3,0.0,seasonal
MAC005267,2013-06-21,6.118,16.6,0.0,seasonal
MAC005267,2013-06-22,6.894,14.3,1.2,seasonal
MAC005267,2013-06-23,7.162,14.8,0.7,seasonal
MAC005267,2013-06-24,4.884,12.8,2.7,seasonal
MAC005267,2013-06-25,5.651,14.1,1.4,seasonal
MAC005267,2013-06-26,6.418,16.0,0.0,seasonal
MAC005267,2013-06-27,5.068,14.5,1.0,seasonal
MAC005267,2013-06-28,6.696,15.4,0.1,seasonal
MAC005267,2013-06-29,6.08,15.8,0.0,seasonal
MAC005267,2013-06-30,3.887,18.5,0.0,seasonal
MAC005267,2013-07-01,4.678,16.3,0.0,seasonal
MAC005267,2013-07-02,4.321,14.5,1.0,seasonal
MAC005267,2013-07-03,6.064,16.4,0.0,seasonal
MAC005267,2013-07-04,3.57,17.1,0.0,seasonal
MAC005267,2013-07-05,4.283,18.3,0.0,seasonal
MAC005267,2013-07-06,7.415,18.9,0.0,seasonal
MAC005267,2013-07-07,5.22,20.5,0.0,seasonal
MAC005267,2013-07-08,4.17,18.9,0.0,seasonal
MAC005267,2013-07-09,6.229,18.1,0.0,seasonal
MAC005267,2013-07-10,7.274,17.2,0.0,seasonal
MAC005267,2013-07-11,4.791,15.2,0.3,seasonal
MAC005267,2013-07-12,3.593,17.0,0.0,seasonal
MAC005267,2013-07-13,3.031,21.6,0.0,seasonal
MAC005267,2013-07-14,3.629,22.1,0.0,seasonal
MAC005267,2013-07-15,5.18,21.8,0.0,seasonal
MAC005267,2013-07-16,5.146,22.8,0.0,seasonal
MAC005267,2013-07-17,2.75,22.9,0.0,seasonal
MAC005267,2013-07-18,2.517,21.2,0.0,seasonal
MAC005267,2013-07-19,5.289,20.3,0.0,seasonal
MAC005267,2013-07-20,4.242,18.8,0.0,seasonal
MAC005267,2013-07-21,7.141,20.2,0.0,seasonal
MAC005267,2013-07-22,4.41,23.8,0.0,seasonal
MAC005267,2013-07-23,2.816,23.1,0.0,seasonal
MAC005267,2013-07-24,4.214,20.5,0.0,seasonal
MAC005267,2013-07-25,3.36,19.8,0.0,seasonal
MAC005267,2013-07-26,2.265,19.6,0.0,seasonal
MAC005267,2013-07-27,2.335,20.0,0.0,seasonal
MAC005267,2013-07-28,2.806,18.7,0.0,seasonal
MAC005267,2013-07-29,1.739,17.9,0.0,seasonal
MAC005267,2013-07-30,2.491,16.8,0.0,seasonal
MAC005267,2013-07-31,2.742,18.6,0.0,seasonal
MAC005267,2013-08-01,2.774,22.8,0.0,seasonal
MAC005267,2013-08-02,4.547,19.6,0.0,seasonal
MAC005267,2013-08-03,3.909,18.1,0.0,seasonal
MAC005267,2013-08-04,2.738,17.9,0.0,seasonal
MAC005267,2013-08-05,3.819,18.3,0.0,seasonal
MAC005267,2013-08-06,6.82,16.8,0.0,seasonal
MAC005267,2013-08-07,3.404,17.3,0.0,seasonal
MAC005267,2013-08-08,5.266,16.6,0.0,seasonal
MAC005267,2013-08-09,6.345,18.3,0.0,seasonal
MAC005267,2013-08-10,5.217,16.9,0.0,seasonal
MAC005267,2013-08-11,5.283,18.2,0.0,seasonal
MAC005267,2013-08-12,4.733,16.3,0.0,seasonal
MAC005267,2013-08-13,3.909,15.3,0.2,seasonal
MAC005267,2013-08-14,2.263,16.4,0.0,seasonal
MAC005267,2013-08-15,6.14,19.2,0.0,seasonal
MAC005267,2013-08-16,4.641,17.9,0.0,seasonal
MAC005267,2013-08-17,4.58,16.6,0.0,seasonal
MAC005267,2013-08-18,3.569,18.8,0.0,seasonal
MAC005267,2013-08-19,5.359,17.0,0.0,seasonal
MAC005267,2013-08-20,3.225,17.6,0.0,seasonal
MAC005267,2013-08-21,3.651,18.1,0.0,seasonal
MAC005267,2013-08-22,2.469,18.7,0.0,seasonal
MAC005267,2013-08-23,4.289,20.0,0.0,seasonal
MAC005267,2013-08-24,6.305,17.0,0.0,seasonal
MAC005267,2013-08-25,5.454,17.1,0.0,seasonal
MAC005267,2013-08-26,5.993,18.2,0.0,seasonal
MAC005267,2013-08-27,4.909,16.1,0.0,seasonal
MAC005267,2013-08-28,5.314,16.1,0.0,seasonal
MAC005267,2013-08-29,4.188,17.9,0.0,seasonal
MAC005267,2013-08-30,3.805,18.3,0.0,seasonal
MAC005267,2013-08-31,7.097,16.3,0.0,seasonal
MAC005267,2013-09-01,7.058,14.7,0.8,seasonal
MAC005267,2013-09-02,3.715,16.8,0.0,seasonal
MAC005267,2013-09-03,2.184,18.5,0.0,seasonal
MAC005267,2013-09-04,2.776,18.7,0.0,seasonal
MAC005267,2013-09-05,3.568,20.4,0.0,seasonal
MAC005267,2013-09-06,4.386,15.4,0.1,seasonal
MAC005267,2013-09-07,5.627,13.6,1.9,seasonal
MAC005267,2013-09-08,6.585,11.8,3.7,seasonal
MAC005267,2013-09-09,5.823,11.6,3.9,seasonal
MAC005267,2013-09-10,3.895,12.5,3.0,seasonal
MAC005267,2013-09-11,4.145,13.5,2.0,seasonal
MAC005267,2013-09-12,2.394,14.1,1.4,seasonal
MAC005267,2013-09-13,3.744,16.2,0.0,seasonal
MAC005267,2013-09-14,1.988,11.7,3.8,seasonal
MAC005267,2013-09-15,2.536,11.3,4.2,seasonal
MAC005267,2013-09-16,2.639,11.2,4.3,seasonal
MAC005267,2013-09-17,3.277,11.0,4.5,seasonal
MAC005267,2013-09-18,5.552,12.3,3.2,seasonal
MAC005267,2013-09-19,4.842,12.0,3.5,seasonal
MAC005267,2013-09-20,3.622,13.4,2.1,seasonal
MAC005267,2013-09-21,5.483,13.5,2.0,seasonal
MAC005267,2013-09-22,4.843,16.8,0.0,seasonal
MAC005267,2013-09-23,5.886,16.6,0.0,seasonal
MAC005267,2013-09-24,6.222,15.1,0.4,seasonal
MAC005267,2013-09-25,4.007,15.7,0.0,seasonal
MAC005267,2013-09-26,7.9,14.5,1.0,seasonal
MAC005267,2013-09-27,5.492,12.6,2.9,seasonal
MAC005267,2013-09-28,6.031,14.3,1.2,seasonal
MAC005267,2013-09-29,3.864,14.3,1.2,seasonal
MAC005267,2013-09-30,4.527,14.9,0.6,seasonal
MAC005267,2013-10-01,3.665,14.3,1.2,seasonal
MAC005267,2013-10-02,5.882,15.4,0.1,seasonal
MAC005267,2013-10-03,3.819,16.1,0.0,seasonal
MAC005267,2013-10-04,3.635,17.3,0.0,seasonal
MAC005267,2013-10-05,4.441,15.3,0.2,seasonal
MAC005267,2013-10-06,6.174,13.8,1.7,seasonal
MAC005267,2013-10-07,4.387,13.3,2.2,seasonal
MAC005267,2013-10-08,3.689,15.6,0.0,seasonal
MAC005267,2013-10-09,2.973,13.6,1.9,seasonal
MAC005267,2013-10-10,3.926,9.3,6.2,seasonal
MAC005267,2013-10-11,3.563,11.1,4.4,seasonal
MAC005267,2013-10-12,7.88,11.4,4.1,seasonal
MAC005267,2013-10-13,6.466,9.6,5.9,seasonal
MAC005267,2013-10-14,3.392,9.1,6.4,seasonal
MAC005267,2013-10-15,6.188,9.5,6.0,seasonal
MAC005267,2013-10-16,3.264,9.7,5.8,seasonal
MAC005267,2013-10-17,6.977,13.2,2.3,seasonal
MAC005267,2013-10-18,2.604,12.6,2.9,seasonal
MAC005267,2013-10-19,3.486,13.9,1.6,seasonal
MAC005267,2013-10-20,8.864,13.4,2.1,seasonal
MAC005267,2013-10-21,4.974,14.8,0.7,seasonal
MAC005267,2013-10-22,4.578,16.0,0.0,seasonal
MAC005267,2013-10-23,4.587,13.9,1.6,seasonal
MAC005267,2013-10-24,2.246,11.1,4.4,seasonal
MAC005267,2013-10-25,5.209,15.3,0.2,seasonal
MAC005267,2013-10-26,5.156,15.0,0.5,seasonal
MAC005267,2013-10-27,6.446,13.5,2.0,seasonal
MAC005267,2013-10-28,4.698,12.7,2.8,seasonal
MAC005267,2013-10-29,3.689,9.1,6.4,seasonal
MAC005267,2013-10-30,2.635,9.0,6.5,seasonal
MAC005267,2013-10-31,2.776,12.5,3.0,seasonal
MAC005267,2013-11-01,4.119,12.0,3.5,seasonal
MAC005267,2013-11-02,6.709,11.5,4.0,seasonal
MAC005267,2013-11-03,6.03,8.7,6.8,seasonal
MAC005267,2013-11-04,3.055,7.4,8.1,seasonal
MAC005267,2013-11-05,3.872,7.6,7.9,seasonal
MAC005267,2013-11-06,4.338,10.4,5.1,seasonal
MAC005267,2013-11-07,2.822,10.4,5.1,seasonal
MAC005267,2013-11-08,16.923,7.5,8.0,seasonal
MAC005267,2013-11-09,19.645,5.4,10.1,seasonal
MAC005267,2013-11-10,14.341,5.2,10.3,seasonal
MAC005267,2013-11-11,12.608,8.5,7.0,seasonal
MAC005267,2013-11-12,10.828,10.0,5.5,seasonal
MAC005267,2013-11-13,12.718,5.1,10.4,seasonal
MAC005267,2013-11-14,14.27,7.2,8.3,seasonal
MAC005267,2013-11-15,19.938,4.8,10.7,seasonal
MAC005267,2013-11-16,20.74,4.0,11.5,seasonal
MAC005267,2013-11-17,21.297,6.0,9.5,seasonal
MAC005267,2013-11-18,20.184,7.8,7.7,seasonal
MAC005267,2013-11-19,18.96,2.9,12.6,seasonal
MAC005267,2013-11-20,21.777,2.3,13.2,seasonal
MAC005267,2013-11-21,19.044,4.5,11.0,seasonal
MAC005267,2013-11-22,20.69,4.8,10.7,seasonal
MAC005267,2013-11-23,21.104,4.6,10.9,seasonal
MAC005267,2013-11-24,22.339,4.6,10.9,seasonal
MAC005267,2013-11-25,16.873,4.0,11.5,seasonal
MAC005267,2013-11-26,17.614,2.5,13.0,seasonal
MAC005267,2013-11-27,19.193,6.4,9.1,seasonal
MAC005267,2013-11-28,23.912,7.2,8.3,seasonal
MAC005267,2013-11-29,19.435,7.3,8.2,seasonal
MAC005267,2013-11-30,24.602,5.3,10.2,seasonal
MAC005267,2013-12-01,24.132,3.7,11.8,seasonal
MAC005267,2013-12-02,22.407,5.5,10.0,seasonal
MAC005267,2013-12-03,20.511,3.2,12.3,seasonal
MAC005267,2013-12-04,26.047,4.4,11.1,seasonal
MAC005267,2013-12-05,24.702,4.4,11.1,seasonal
MAC005267,2013-12-06,23.244,4.3,11.2,seasonal
MAC005267,2013-12-07,23.66,5.9,9.6,seasonal
MAC005267,2013-12-08,24.513,7.3,8.2,seasonal
MAC005267,2013-12-09,20.22,6.7,8.8,seasonal
MAC005267,2013-12-10,19.203,3.9,11.6,seasonal
MAC005267,2013-12-11,22.449,2.8,12.7,seasonal
MAC005267,2013-12-12,18.855,5.2,10.3,seasonal
MAC005267,2013-12-13,24.572,8.7,6.8,seasonal
MAC005267,2013-12-14,24.379,7.3,8.2,seasonal
MAC005267,2013-12-15,21.539,10.7,4.8,seasonal
MAC005267,2013-12-16,19.448,11.4,4.1,seasonal
MAC005267,2013-12-17,18.13,6.3,9.2,seasonal
MAC005267,2013-12-18,19.295,8.1,7.4,seasonal
MAC005267,2013-12-19,22.031,6.1,9.4,seasonal
MAC005267,2013-12-20,20.794,5.4,10.1,seasonal
MAC005267,2013-12-21,20.595,10.2,5.3,seasonal
MAC005267,2013-12-22,19.799,7.1,8.4,seasonal
MAC005267,2013-12-23,20.538,8.1,7.4,seasonal
MAC005267,2013-12-24,5.977,8.5,7.0,seasonal
MAC005267,2013-12-25,0.66,4.7,10.8,seasonal
MAC005267,2013-12-26,0.659,4.1,11.4,seasonal
MAC005267,2013-12-27,0.595,9.0,6.5,seasonal
MAC005267,2013-12-28,0.707,4.8,10.7,seasonal
MAC005267,2013-12-29,0.643,2.3,13.2,seasonal
MAC005267,2013-12-30,0.654,7.8,7.7,seasonal
MAC005307,2013-01-01,28.591,5.8,9.7,seasonal
MAC005307,2013-01-02,27.714,6.2,9.3,seasonal
MAC005307,2013-01-03,25.816,10.2,5.3,seasonal
MAC005307,2013-01-04,27.243,8.8,6.7,seasonal
MAC005307,2013-01-05,28.615,8.6,6.9,seasonal
MAC005307,2013-01-06,27.596,7.0,8.5,seasonal
MAC005307,2013-01-07,28.23,7.6,7.9,seasonal
MAC005307,2013-01-08,27.27,8.9,6.6,seasonal
MAC005307,2013-01-09,27.448,6.8,8.7,seasonal
MAC005307,2013-01-10,28.803,1.8,13.7,seasonal
MAC005307,2013-01-11,36.661,2.7,12.8,seasonal
MAC005307,2013-01-12,32.851,2.7,12.8,seasonal
MAC005307,2013-01-13,36.859,1.1,14.4,seasonal
MAC005307,2013-01-14,35.736,0.2,15.3,seasonal
MAC005307,2013-01-15,34.735,0.6,14.9,seasonal
MAC005307,2013-01-16,36.786,-2.2,17.7,seasonal
MAC005307,2013-01-17,32.83,-2.2,17.7,seasonal
MAC005307,2013-01-18,35.196,-1.4,16.9,seasonal
MAC005307,2013-01-19,35.153999,-0.2,15.7,seasonal
MAC005307,2013-01-20,33.269001,-1.2,16.7,seasonal
MAC005307,2013-01-21,34.336,-1.5,17.0,seasonal
MAC005307,2013-01-22,32.569,-1.5,17.0,seasonal
MAC005307,2013-01-23,33.041,0.9,14.6,seasonal
MAC005307,2013-01-24,32.595,-0.3,15.8,seasonal
MAC005307,2013-01-25,36.132,-1.5,17.0,seasonal
MAC005307,2013-01-26,28.697,3.3,12.2,seasonal
MAC005307,2013-01-27,27.953,7.6,7.9,seasonal
MAC005307,2013-01-28,28.027,5.8,9.7,seasonal
MAC005307,2013-01-29,27.266,10.9,4.6,seasonal
MAC005307,2013-01-30,23.181,10.1,5.4,seasonal
MAC005307,2013-01-31,22.03,8.2,7.3,seasonal
MAC005307,2013-02-01,21.387,5.4,10.1,seasonal
MAC005307,2013-02-02,35.635,2.7,12.8,seasonal
MAC005307,2013-02-03,29.564,3.6,11.9,seasonal
MAC005307,2013-02-04,30.943,7.9,7.6,seasonal
MAC005307,2013-02-05,31.266,3.6,11.9,seasonal
MAC005307,2013-02-06,33.575,3.5,12.0,seasonal
MAC005307,2013-02-07,31.6,1.9,13.6,seasonal
MAC005307,2013-02-08,32.974,1.2,14.3,seasonal
MAC005307,2013-02-09,32.255,1.6,13.9,seasonal
MAC005307,2013-02-10,32.692,2.6,12.9,seasonal
MAC005307,2013-02-11,0.493,1.1,14.4,seasonal
MAC005307,2013-02-12,0.41,1.1,14.4,seasonal
MAC005307,2013-02-13,0.398,0.5,15.0,seasonal
MAC005307,2013-02-14,0.402,6.5,9.0,seasonal
MAC005307,2013-02-15,0.398,4.4,11.1,seasonal
MAC005307,2013-02-16,0.401,5.0,10.5,seasonal
MAC005307,2013-02-17,0.423,3.5,12.0,seasonal
MAC005307,2013-02-18,0.4,3.3,12.2,seasonal
MAC005307,2013-02-19,0.432,0.8,14.7,seasonal
MAC005307,2013-02-20,0.409,2.0,13.5,seasonal
MAC005307,2013-02-21,0.401,0.7,14.8,seasonal
MAC005307,2013-02-22,0.367,0.3,15.2,seasonal
MAC005307,2013-02-23,0.396,0.3,15.2,seasonal
MAC005307,2013-02-24,0.367,0.4,15.1,seasonal
MAC005307,2013-02-25,0.389,2.5,13.0,seasonal
MAC005307,2013-02-26,0.37,3.5,12.0,seasonal
MAC005307,2013-02-27,0.406,3.0,12.5,seasonal
MAC005307,2013-02-28,0.392,3.5,12.0,seasonal
MAC005307,2013-03-01,0.425,3.9,11.6,seasonal
MAC005307,2013-03-02,0.411,2.3,13.2,seasonal
MAC005307,2013-03-03,0.407,2.6,12.9,seasonal
MAC005307,2013-03-04,0.401,3.6,11.9,seasonal
MAC005307,2013-03-05,0.421,5.8,9.7,seasonal
MAC005307,2013-03-06,0.432,7.4,8.1,seasonal
MAC005307,2013-03-07,0.421,8.0,7.5,seasonal
MAC005307,2013-03-08,0.454,8.5,7.0,seasonal
MAC005307,2013-03-09,0.427,6.0,9.5,seasonal
MAC005307,2013-03-10,0.432,2.1,13.4,seasonal
MAC005307,2013-03-11,0.389,-0.2,15.7,seasonal
MAC005307,2013-03-12,0.357,0.1,15.4,seasonal
MAC005307,2013-03-13,0.374,1.9,13.6,seasonal
MAC005307,2013-03-14,0.394,1.0,14.5,seasonal
MAC005307,2013-03-15,0.401,4.3,11.2,seasonal
MAC005307,2013-03-16,0.428,6.1,9.4,seasonal
MAC005307,2013-03-17,0.41,4.7,10.8,seasonal
MAC005307,2013-03-18,0.419,3.2,12.3,seasonal
MAC005307,2013-03-19,41.658,3.3,12.2,seasonal
MAC005307,2013-03-20,40.174,3.2,12.3,seasonal
MAC005307,2013-03-21,32.712,3.1,12.4,seasonal
MAC005307,2013-03-22,31.599,3.2,12.3,seasonal
MAC005307,2013-03-23,37.059,1.6,13.9,seasonal
MAC005307,2013-03-24,36.29,0.1,15.4,seasonal
MAC005307,2013-03-25,35.998,0.4,15.1,seasonal
MAC005307,2013-03-26,34.058,0.3,15.2,seasonal
MAC005307,2013-03-27,35.816,0.8,14.7,seasonal
MAC005307,2013-03-28,33.658,1.0,14.5,seasonal
MAC005307,2013-03-29,28.758,0.2,15.3,seasonal
MAC005307,2013-03-30,28.341,1.2,14.3,seasonal
MAC005307,2013-03-31,29.146,0.5,15.0,seasonal
MAC005307,2013-04-01,30.993,1.8,13.7,seasonal
MAC005307,2013-04-02,30.013,2.6,12.9,seasonal
MAC005307,2013-04-03,33.747,1.7,13.8,seasonal
MAC005307,2013-04-04,32.272,1.9,13.6,seasonal
MAC005307,2013-04-05,33.632,3.3,12.2,seasonal
MAC005307,2013-04-06,27.019,3.5,12.0,seasonal
MAC005307,2013-04-07,28.455,3.2,12.3,seasonal
MAC005307,2013-04-08,28.224,4.9,10.6,seasonal
MAC005307,2013-04-09,29.197,4.8,10.7,seasonal
MAC005307,2013-04-10,25.63,6.1,9.4,seasonal
MAC005307,2013-04-11,22.806,7.1,8.4,seasonal
MAC005307,2013-04-12,22.45,8.4,7.1,seasonal
MAC005307,2013-04-13,21.499,8.2,7.3,seasonal
MAC005307,2013-04-14,20.271,13.4,2.1,seasonal
MAC005307,2013-04-15,21.487,11.5,4.0,seasonal
MAC005307,2013-04-16,21.374,11.3,4.2,seasonal
MAC005307,2013-04-17,21.636,11.8,3.7,seasonal
MAC005307,2013-04-18,22.354,10.1,5.4,seasonal
MAC005307,2013-04-19,22.172,8.4,7.1,seasonal
MAC005307,2013-04-20,21.009,5.9,9.6,seasonal
MAC005307,2013-04-21,22.008,7.0,8.5,seasonal
MAC005307,2013-04-22,21.456,9.3,6.2,seasonal
MAC005307,2013-04-23,4.179,13.1,2.4,seasonal
MAC005307,2013-04-24,4.441,12.5,3.0,seasonal
MAC005307,2013-04-25,3.399,14.2,1.3,seasonal
MAC005307,2013-04-26,22.166,8.9,6.6,seasonal
MAC005307,2013-04-27,22.521,6.0,9.5,seasonal
MAC005307,2013-04-28,22.925,6.2,9.3,seasonal
MAC005307,2013-04-29,20.364,9.2,6.3,seasonal
MAC005307,2013-04-30,21.57,7.9,7.6,seasonal
MAC005307,2013-05-01,22.171,8.4,7.1,seasonal
MAC005307,2013-05-02,3.773,9.1,6.4,seasonal
MAC005307,2013-05-03,4.281,11.1,4.4,seasonal
MAC005307,2013-05-04,19.314,10.9,4.6,seasonal
MAC005307,2013-05-05,4.749,11.4,4.1,seasonal
MAC005307,2013-05-06,2.854,13.2,2.3,seasonal
MAC005307,2013-05-07,20.118,13.8,1.7,seasonal
MAC005307,2013-05-08,21.242,12.9,2.6,seasonal
MAC005307,2013-05-09,20.743,10.5,5.0,seasonal
MAC005307,2013-05-10,21.3,12.4,3.1,seasonal
MAC005307,2013-05-11,21.845,10.4,5.1,seasonal
MAC005307,2013-05-12,22.223,9.6,5.9,seasonal
MAC005307,2013-05-13,21.617,11.0,4.5,seasonal
MAC005307,2013-05-14,21.362,8.6,6.9,seasonal
MAC005307,2013-05-15,22.43,9.1,6.4,seasonal
MAC005307,2013-05-16,21.261,9.5,6.0,seasonal
MAC005307,2013-05-17,21.054,9.1,6.4,seasonal
MAC005307,2013-05-18,20.818,10.9,4.6,seasonal
MAC005307,2013-05-19,20.108,12.7,2.8,seasonal
MAC005307,2013-05-20,21.729,13.4,2.1,seasonal
MAC005307,2013-05-21,21.144,12.9,2.6,seasonal
MAC005307,2013-05-22,20.002,11.4,4.1,seasonal
MAC005307,2013-05-23,20.786,8.1,7.4,seasonal
MAC005307,2013-05-24,21.822,7.1,8.4,seasonal
MAC005307,2013-05-25,20.43,9.5,6.0,seasonal
MAC005307,2013-05-26,21.109,11.5,4.0,seasonal
MAC005307,2013-05-27,21.655,11.0,4.5,seasonal
MAC005307,2013-05-28,21.256,10.8,4.7,seasonal
MAC005307,2013-05-29,19.649,10.7,4.8,seasonal
MAC005307,2013-05-30,0.474,12.4,3.1,seasonal
MAC005307,2013-05-31,0.445,14.5,1.0,seasonal
MAC005307,2013-06-01,0.426,12.9,2.6,seasonal
MAC005307,2013-06-02,0.439,12.8,2.7,seasonal
MAC005307,2013-06-03,0.429,11.9,3.6,seasonal
MAC005307,2013-06-04,0.439,12.1,3.4,seasonal
MAC005307,2013-06-05,0.437,12.6,2.9,seasonal
MAC005307,2013-06-06,0.442,13.3,2.2,seasonal
MAC005307,2013-06-07,0.432,14.1,1.4,seasonal
MAC005307,2013-06-08,0.432,12.4,3.1,seasonal
MAC005307,2013-06-09,0.424,12.5,3.0,seasonal
MAC005307,2013-06-10,0.419,12.4,3.1,seasonal
MAC005307,2013-06-11,0.45,13.3,2.2,seasonal
MAC005307,2013-06-12,0.402,15.2,0.3,seasonal
MAC005307,2013-06-13,0.407,14.6,0.9,seasonal
MAC005307,2013-06-14,0.421,13.5,2.0,seasonal
MAC005307,2013-06-15,0.413,13.9,1.6,seasonal
MAC005307,2013-06-16,27.629,13.5,2.0,seasonal
MAC005307,2013-06-17,19.96,14.9,0.6,seasonal
MAC005307,2013-06-18,3.954,17.2,0.0,seasonal
MAC005307,2013-06-19,3.097,19.0,0.0,seasonal
MAC005307,2013-06-20,3.23,17.3,0.0,seasonal
MAC005307,2013-06-21,3.626,16.6,0.0,seasonal
MAC005307,2013-06-22,3.703,14.3,1.2,seasonal
MAC005307,2013-06-23,4.364,14.8,0.7,seasonal
MAC005307,2013-06-24,21.365,12.8,2.7,seasonal
MAC005307,2013-06-25,20.579,14.1,1.4,seasonal
MAC005307,2013-06-26,3.077,16.0,0.0,seasonal
MAC005307,2013-06-27,3.095,14.5,1.0,seasonal
MAC005307,2013-06-28,4.194,15.4,0.1,seasonal
MAC005307,2013-06-29,2.789,15.8,0.0,seasonal
MAC005307,2013-06-30,3.49,18.5,0.0,seasonal
MAC005307,2013-07-01,3.791,16.3,0.0,seasonal
MAC005307,2013-07-02,2.943,14.5,1.0,seasonal
MAC005307,2013-07-03,3.376,16.4,0.0,seasonal
MAC005307,2013-07-04,3.741,17.1,0.0,seasonal
MAC005307,2013-07-05,3.304,18.3,0.0,seasonal
MAC005307,2013-07-06,3.287,18.9,0.0,seasonal
MAC005307,2013-07-07,3.149,20.5,0.0,seasonal
MAC005307,2013-07-08,3.279,18.9,0.0,seasonal
MAC005307,2013-07-09,1.151,18.1,0.0,seasonal
MAC005307,2013-07-10,0.459,17.2,0.0,seasonal
MAC005307,2013-07-11,0.447,15.2,0.3,seasonal
MAC005307,2013-07-12,6.47,17.0,0.0,seasonal
MAC005307,2013-07-13,0.925,21.6,0.0,seasonal
MAC005307,2013-07-14,0.566,22.1,0.0,seasonal
MAC005307,2013-07-15,6.601,21.8,0.0,seasonal
MAC005307,2013-07-16,0.59,22.8,0.0,seasonal
MAC005307,2013-07-17,0.589,22.9,0.0,seasonal
MAC005307,2013-07-18,1.181,21.2,0.0,seasonal
MAC005307,2013-07-19,5.78,20.3,0.0,seasonal
MAC005307,2013-07-20,0.6,18.8,0.0,seasonal
MAC005307,2013-07-21,3.322,20.2,0.0,seasonal
MAC005307,2013-07-22,0.569,23.8,0.0,seasonal
MAC005307,2013-07-23,0.474,23.1,0.0,seasonal
MAC005307,2013-07-24,2.095,20.5,0.0,seasonal
MAC005307,2013-07-25,6.145,19.8,0.0,seasonal
MAC005307,2013-07-26,0.553,19.6,0.0,seasonal
MAC005307,2013-07-27,0.455,20.0,0.0,seasonal
MAC005307,2013-07-28,6.002,18.7,0.0,seasonal
MAC005307,2013-07-29,0.524,17.9,0.0,seasonal
MAC005307,2013-07-30,0.704,16.8,0.0,seasonal
MAC005307,2013-07-31,6.776,18.6,0.0,seasonal
MAC005307,2013-08-01,0.658,22.8,0.0,seasonal
MAC005307,2013-08-02,1.805,19.6,0.0,seasonal
MAC005307,2013-08-03,5.372,18.1,0.0,seasonal
MAC005307,2013-08-04,3.706,17.9,0.0,seasonal
MAC005307,2013-08-05,0.507,18.3,0.0,seasonal
MAC005307,2013-08-06,0.661,16.8,0.0,seasonal
MAC005307,2013-08-07,0.51,17.3,0.0,seasonal
MAC005307,2013-08-08,7.576,16.6,0.0,seasonal
MAC005307,2013-08-09,0.798,18.3,0.0,seasonal
MAC005307,2013-08-10,0.678,16.9,0.0,seasonal
MAC005307,2013-08-11,0.58,18.2,0.0,seasonal
MAC005307,2013-08-12,6.957,16.3,0.0,seasonal
MAC005307,2013-08-13,3.884,15.3,0.2,seasonal
MAC005307,2013-08-14,0.587,16.4,0.0,seasonal
MAC005307,2013-08-15,4.566,19.2,0.0,seasonal
MAC005307,2013-08-16,0.744,17.9,0.0,seasonal
MAC005307,2013-08-17,0.623,16.6,0.0,seasonal
MAC005307,2013-08-18,0.496,18.8,0.0,seasonal
MAC005307,2013-08-19,7.52,17.0,0.0,seasonal
MAC005307,2013-08-20,4.632,17.6,0.0,seasonal
MAC005307,2013-08-21,0.761,18.1,0.0,seasonal
MAC005307,2013-08-22,4.157,18.7,0.0,seasonal
MAC005307,2013-08-23,3.301,20.0,0.0,seasonal
MAC005307,2013-08-24,0.546,17.0,0.0,seasonal
MAC005307,2013-08-25,0.714,17.1,0.0,seasonal
MAC005307,2013-08-26,2.835,18.2,0.0,seasonal
MAC005307,2013-08-27,5.823,16.1,0.0,seasonal
MAC005307,2013-08-28,0.611,16.1,0.0,seasonal
MAC005307,2013-08-29,0.472,17.9,0.0,seasonal
MAC005307,2013-08-30,4.928,18.3,0.0,seasonal
MAC005307,2013-08-31,5.128,16.3,0.0,seasonal
MAC005307,2013-09-01,0.883,14.7,0.8,seasonal
MAC005307,2013-09-02,2.256,16.8,0.0,seasonal
MAC005307,2013-09-03,2.24,18.5,0.0,seasonal
MAC005307,2013-09-04,3.303,18.7,0.0,seasonal
MAC005307,2013-09-05,2.459,20.4,0.0,seasonal
MAC005307,2013-09-06,3.854,15.4,0.1,seasonal
MAC005307,2013-09-07,0.647,13.6,1.9,seasonal
MAC005307,2013-09-08,0.641,11.8,3.7,seasonal
MAC005307,2013-09-09,25.296,11.6,3.9,seasonal
MAC005307,2013-09-10,17.875,12.5,3.0,seasonal
MAC005307,2013-09-11,18.009,13.5,2.0,seasonal
MAC005307,2013-09-12,24.825,14.1,1.4,seasonal
MAC005307,2013-09-13,1.049,16.2,0.0,seasonal
MAC005307,2013-09-14,18.738,11.7,3.8,seasonal
MAC005307,2013-09-15,22.153,11.3,4.2,seasonal
MAC005307,2013-09-16,21.135,11.2,4.3,seasonal
MAC005307,2013-09-17,19.983,11.0,4.5,seasonal
MAC005307,2013-09-18,22.932,12.3,3.2,seasonal
MAC005307,2013-09-19,18.798,12.0,3.5,seasonal
MAC005307,2013-09-20,20.481,13.4,2.1,seasonal
MAC005307,2013-09-21,18.453,13.5,2.0,seasonal
MAC005307,2013-09-22,20.694,16.8,0.0,seasonal
MAC005307,2013-09-23,20.321,16.6,0.0,seasonal
MAC005307,2013-09-24,1.759,15.1,0.4,seasonal
MAC005307,2013-09-25,6.55,15.7,0.0,seasonal
MAC005307,2013-09-26,1.63,14.5,1.0,seasonal
MAC005307,2013-09-27,5.293,12.6,2.9,seasonal
MAC005307,2013-09-28,23.816,14.3,1.2,seasonal
MAC005307,2013-09-29,8.195,14.3,1.2,seasonal
MAC005307,2013-09-30,9.612,14.9,0.6,seasonal
MAC005307,2013-10-01,9.392,14.3,1.2,seasonal
MAC005307,2013-10-02,24.28,15.4,0.1,seasonal
MAC005307,2013-10-03,1.084,16.1,0.0,seasonal
MAC005307,2013-10-04,0.505,17.3,0.0,seasonal
MAC005307,2013-10-05,24.481,15.3,0.2,seasonal
MAC005307,2013-10-06,0.673,13.8,1.7,seasonal
MAC005307,2013-10-07,18.864,13.3,2.2,seasonal
MAC005307,2013-10-08,5.195,15.6,0.0,seasonal
MAC005307,2013-10-09,11.883,13.6,1.9,seasonal
MAC005307,2013-10-10,28.042,9.3,6.2,seasonal
MAC005307,2013-10-11,24.427,11.1,4.4,seasonal
MAC005307,2013-10-12,23.865,11.4,4.1,seasonal
MAC005307,2013-10-13,24.621,9.6,5.9,seasonal
MAC005307,2013-10-14,17.636,9.1,6.4,seasonal
MAC005307,2013-10-15,20.539,9.5,6.0,seasonal
MAC005307,2013-10-16,20.295,9.7,5.8,seasonal
MAC005307,2013-10-17,17.499,13.2,2.3,seasonal
MAC005307,2013-10-18,16.753,12.6,2.9,seasonal
MAC005307,2013-10-19,18.749,13.9,1.6,seasonal
MAC005307,2013-10-20,18.685,13.4,2.1,seasonal
MAC005307,2013-10-21,24.007,14.8,0.7,seasonal
MAC005307,2013-10-22,17.869,16.0,0.0,seasonal
MAC005307,2013-10-23,18.921,13.9,1.6,seasonal
MAC005307,2013-10-24,24.312,11.1,4.4,seasonal
MAC005307,2013-10-25,7.488,15.3,0.2,seasonal
MAC005307,2013-10-26,24.635,15.0,0.5,seasonal
MAC005307,2013-10-27,20.066,13.5,2.0,seasonal
MAC005307,2013-10-28,22.072,12.7,2.8,seasonal
MAC005307,2013-10-29,18.865,9.1,6.4,seasonal
MAC005307,2013-10-30,24.318,9.0,6.5,seasonal
MAC005307,2013-10-31,22.034,12.5,3.0,seasonal
MAC005307,2013-11-01,18.064,12.0,3.5,seasonal
MAC005307,2013-11-02,22.598,11.5,4.0,seasonal
MAC005307,2013-11-03,20.964,8.7,6.8,seasonal
MAC005307,2013-11-04,22.214,7.4,8.1,seasonal
MAC005307,2013-11-05,21.384,7.6,7.9,seasonal
MAC005307,2013-11-06,22.665,10.4,5.1,seasonal
MAC005307,2013-11-07,21.846,10.4,5.1,seasonal
MAC005307,2013-11-08,20.883,7.5,8.0,seasonal
MAC005307,2013-11-09,18.137,5.4,10.1,seasonal
MAC005307,2013-11-10,24.73,5.2,10.3,seasonal
MAC005307,2013-11-11,18.408,8.5,7.0,seasonal
MAC005307,2013-11-12,24.371,10.0,5.5,seasonal
MAC005307,2013-11-13,22.559,5.1,10.4,seasonal
MAC005307,2013-11-14,19.17,7.2,8.3,seasonal
MAC005307,2013-11-15,18.031,4.8,10.7,seasonal
MAC005307,2013-11-16,25.63,4.0,11.5,seasonal
MAC005307,2013-11-17,22.403,6.0,9.5,seasonal
MAC005307,2013-11-18,19.277,7.8,7.7,seasonal
MAC005307,2013-11-19,33.697,2.9,12.6,seasonal
MAC005307,2013-11-20,32.439,2.3,13.2,seasonal
MAC005307,2013-11-21,29.41,4.5,11.0,seasonal
MAC005307,2013-11-22,29.592,4.8,10.7,seasonal
MAC005307,2013-11-23,25.61,4.6,10.9,seasonal
MAC005307,2013-11-24,34.832,4.6,10.9,seasonal
MAC005307,2013-11-25,28.785,4.0,11.5,seasonal
MAC005307,2013-11-26,26.955,2.5,13.0,seasonal
MAC005307,2013-11-27,24.977,6.4,9.1,seasonal
MAC005307,2013-11-28,30.633,7.2,8.3,seasonal
MAC005307,2013-11-29,29.127,7.3,8.2,seasonal
MAC005307,2013-11-30,30.401,5.3,10.2,seasonal
MAC005307,2013-12-01,29.318,3.7,11.8,seasonal
MAC005307,2013-12-02,23.942,5.5,10.0,seasonal
MAC005307,2013-12-03,19.633,3.2,12.3,seasonal
MAC005307,2013-12-04,25.853,4.4,11.1,seasonal
MAC005307,2013-12-05,31.022,4.4,11.1,seasonal
MAC005307,2013-12-06,30.395,4.3,11.2,seasonal
MAC005307,2013-12-07,22.384,5.9,9.6,seasonal
MAC005307,2013-12-08,22.564,7.3,8.2,seasonal
MAC005307,2013-12-09,22.154,6.7,8.8,seasonal
MAC005307,2013-12-10,23.136,3.9,11.6,seasonal
MAC005307,2013-12-11,24.366,2.8,12.7,seasonal
MAC005307,2013-12-12,22.837,5.2,10.3,seasonal
MAC005307,2013-12-13,21.861,8.7,6.8,seasonal
MAC005307,2013-12-14,22.524,7.3,8.2,seasonal
MAC005307,2013-12-15,20.794,10.7,4.8,seasonal
MAC005307,2013-12-16,21.314,11.4,4.1,seasonal
MAC005307,2013-12-17,0.43,6.3,9.2,seasonal
MAC005307,2013-12-18,23.148,8.1,7.4,seasonal
MAC005307,2013-12-19,19.0,6.1,9.4,seasonal
MAC005307,2013-12-20,28.723,5.4,10.1,seasonal
MAC005307,2013-12-21,27.307,10.2,5.3,seasonal
MAC005307,2013-12-22,27.06,7.1,8.4,seasonal
MAC005307,2013-12-23,24.334,8.1,7.4,seasonal
MAC005307,2013-12-24,29.931,8.5,7.0,seasonal
MAC005307,2013-12-25,27.701,4.7,10.8,seasonal
MAC005307,2013-12-26,27.232,4.1,11.4,seasonal
MAC005307,2013-12-27,28.356,9.0,6.5,seasonal
MAC005307,2013-12-28,28.557,4.8,10.7,seasonal
MAC005307,2013-12-29,28.712,2.3,13.2,seasonal
MAC005307,2013-12-30,27.243,7.8,7.7,seasonal
MAC005336,2013-01-01,13.355,5.8,9.7,seasonal
MAC005336,2013-01-02,18.114,6.2,9.3,seasonal
MAC005336,2013-01-03,13.303,10.2,5.3,seasonal
MAC005336,2013-01-04,12.885,8.8,6.7,seasonal
MAC005336,2013-01-05,12.965,8.6,6.9,seasonal
MAC005336,2013-01-06,17.074,7.0,8.5,seasonal
MAC005336,2013-01-07,15.884,7.6,7.9,seasonal
MAC005336,2013-01-08,15.964,8.9,6.6,seasonal
MAC005336,2013-01-09,23.461,6.8,8.7,seasonal
MAC005336,2013-01-10,15.958,1.8,13.7,seasonal
MAC005336,2013-01-11,16.081,2.7,12.8,seasonal
MAC005336,2013-01-12,26.938,2.7,12.8,seasonal
MAC005336,2013-01-13,19.352,1.1,14.4,seasonal
MAC005336,2013-01-14,19.059,0.2,15.3,seasonal
MAC005336,2013-01-15,19.142,0.6,14.9,seasonal
MAC005336,2013-01-16,25.847,-2.2,17.7,seasonal
MAC005336,2013-01-17,19.236,-2.2,17.7,seasonal
MAC005336,2013-01-18,19.336,-1.4,16.9,seasonal
MAC005336,2013-01-19,19.457,-0.2,15.7,seasonal
MAC005336,2013-01-20,19.165,-1.2,16.7,seasonal
MAC005336,2013-01-21,19.321,-1.5,17.0,seasonal
MAC005336,2013-01-22,19.237,-1.5,17.0,seasonal
MAC005336,2013-01-23,24.683,0.9,14.6,seasonal
MAC005336,2013-01-24,19.202,-0.3,15.8,seasonal
MAC005336,2013-01-25,23.313,-1.5,17.0,seasonal
MAC005336,2013-01-26,15.275,3.3,12.2,seasonal
MAC005336,2013-01-27,15.768,7.6,7.9,seasonal
MAC005336,2013-01-28,15.468,5.8,9.7,seasonal
MAC005336,2013-01-29,19.352,10.9,4.6,seasonal
MAC005336,2013-01-30,14.35,10.1,5.4,seasonal
MAC005336,2013-01-31,9.377,8.2,7.3,seasonal
MAC005336,2013-02-01,9.626,5.4,10.1,seasonal
MAC005336,2013-02-02,18.21,2.7,12.8,seasonal
MAC005336,2013-02-03,16.07,3.6,11.9,seasonal
MAC005336,2013-02-04,16.251,7.9,7.6,seasonal
MAC005336,2013-02-05,16.596,3.6,11.9,seasonal
MAC005336,2013-02-06,21.786,3.5,12.0,seasonal
MAC005336,2013-02-07,16.22,1.9,13.6,seasonal
MAC005336,2013-02-08,19.922,1.2,14.3,seasonal
MAC005336,2013-02-09,16.537,1.6,13.9,seasonal
MAC005336,2013-02-10,16.237,2.6,12.9,seasonal
MAC005336,2013-02-11,16.48,1.1,14.4,seasonal
MAC005336,2013-02-12,16.628,1.1,14.4,seasonal
MAC005336,2013-02-13,25.262,0.5,15.0,seasonal
MAC005336,2013-02-14,16.158,6.5,9.0,seasonal
MAC005336,2013-02-15,19.346,4.4,11.1,seasonal
MAC005336,2013-02-16,16.959,5.0,10.5,seasonal
MAC005336,2013-02-17,16.321,3.5,12.0,seasonal
MAC005336,2013-02-18,16.494,3.3,12.2,seasonal
MAC005336,2013-02-19,16.556,0.8,14.7,seasonal
MAC005336,2013-02-20,21.369,2.0,13.5,seasonal
MAC005336,2013-02-21,16.375,0.7,14.8,seasonal
MAC005336,2013-02-22,19.741,0.3,15.2,seasonal
MAC005336,2013-02-23,17.255,0.3,15.2,seasonal
MAC005336,2013-02-24,16.782,0.4,15.1,seasonal
MAC005336,2013-02-25,16.696,2.5,13.0,seasonal
MAC005336,2013-02-26,16.616,3.5,12.0,seasonal
MAC005336,2013-02-27,23.88,3.0,12.5,seasonal
MAC005336,2013-02-28,16.389,3.5,12.0,seasonal
MAC005336,2013-03-01,19.501,3.9,11.6,seasonal
MAC005336,2013-03-02,16.466,2.3,13.2,seasonal
MAC005336,2013-03-03,16.085,2.6,12.9,seasonal
MAC005336,2013-03-04,16.079,3.6,11.9,seasonal
MAC005336,2013-03-05,15.925,5.8,9.7,seasonal
MAC005336,2013-03-06,22.737,7.4,8.1,seasonal
MAC005336,2013-03-07,15.561,8.0,7.5,seasonal
MAC005336,2013-03-08,15.721,8.5,7.0,seasonal
MAC005336,2013-03-09,15.988,6.0,9.5,seasonal
MAC005336,2013-03-10,15.754,2.1,13.4,seasonal
MAC005336,2013-03-11,16.153,-0.2,15.7,seasonal
MAC005336,2013-03-12,16.072,0.1,15.4,seasonal
MAC005336,2013-03-13,22.384,1.9,13.6,seasonal
MAC005336,2013-03-14,16.207,1.0,14.5,seasonal
MAC005336,2013-03-15,20.86,4.3,11.2,seasonal
MAC005336,2013-03-16,16.026,6.1,9.4,seasonal
MAC005336,2013-03-17,21.546,4.7,10.8,seasonal
MAC005336,2013-03-18,17.249,3.2,12.3,seasonal
MAC005336,2013-03-19,16.11,3.3,12.2,seasonal
MAC005336,2013-03-20,21.613,3.2,12.3,seasonal
MAC005336,2013-03-21,16.258,3.1,12.4,seasonal
MAC005336,2013-03-22,19.127,3.2,12.3,seasonal
MAC005336,2013-03-23,16.717,1.6,13.9,seasonal
MAC005336,2013-03-24,16.537,0.1,15.4,seasonal
MAC005336,2013-03-25,16.398,0.4,15.1,seasonal
MAC005336,2013-03-26,24.294,0.3,15.2,seasonal
MAC005336,2013-03-27,16.465,0.8,14.7,seasonal
MAC005336,2013-03-28,16.889,1.0,14.5,seasonal
MAC005336,2013-03-29,21.092,0.2,15.3,seasonal
MAC005336,2013-03-30,16.809,1.2,14.3,seasonal
MAC005336,2013-03-31,16.816,0.5,15.0,seasonal
MAC005336,2013-04-01,16.429,1.8,13.7,seasonal
MAC005336,2013-04-02,20.431,2.6,12.9,seasonal
MAC005336,2013-04-03,22.476,1.7,13.8,seasonal
MAC005336,2013-04-04,16.358,1.9,13.6,seasonal
MAC005336,2013-04-05,20.52,3.3,12.2,seasonal
MAC005336,2013-04-06,15.762,3.5,12.0,seasonal
MAC005336,2013-04-07,16.011,3.2,12.3,seasonal
MAC005336,2013-04-08,6.932,4.9,10.6,seasonal
MAC005336,2013-04-09,8.42,4.8,10.7,seasonal
MAC005336,2013-04-10,14.624,6.1,9.4,seasonal
MAC005336,2013-04-11,8.784,7.1,8.4,seasonal
MAC005336,2013-04-12,10.445,8.4,7.1,seasonal
MAC005336,2013-04-13,4.857,8.2,7.3,seasonal
MAC005336,2013-04-14,5.334,13.4,2.1,seasonal
MAC005336,2013-04-15,5.649,11.5,4.0,seasonal
MAC005336,2013-04-16,0.613,11.3,4.2,seasonal
MAC005336,2013-04-17,7.778,11.8,3.7,seasonal
MAC005336,2013-04-18,0.704,10.1,5.4,seasonal
MAC005336,2013-04-19,7.067,8.4,7.1,seasonal
MAC005336,2013-04-20,5.634,5.9,9.6,seasonal
MAC005336,2013-04-21,0.617,7.0,8.5,seasonal
MAC005336,2013-04-22,0.616,9.3,6.2,seasonal
MAC005336,2013-04-23,3.752,13.1,2.4,seasonal
MAC005336,2013-04-24,6.715,12.5,3.0,seasonal
MAC005336,2013-04-25,0.661,14.2,1.3,seasonal
MAC005336,2013-04-26,6.678,8.9,6.6,seasonal
MAC005336,2013-04-27,6.247,6.0,9.5,seasonal
MAC005336,2013-04-28,0.805,6.2,9.3,seasonal
MAC005336,2013-04-29,0.645,9.2,6.3,seasonal
MAC005336,2013-04-30,7.407,7.9,7.6,seasonal
MAC005336,2013-05-01,0.838,8.4,7.1,seasonal
MAC005336,2013-05-02,0.597,9.1,6.4,seasonal
MAC005336,2013-05-03,7.369,11.1,4.4,seasonal
MAC005336,2013-05-04,2.223,10.9,4.6,seasonal
MAC005336,2013-05-05,0.706,11.4,4.1,seasonal
MAC005336,2013-05-06,0.654,13.2,2.3,seasonal
MAC005336,2013-05-07,2.384,13.8,1.7,seasonal
MAC005336,2013-05-08,6.677,12.9,2.6,seasonal
MAC005336,2013-05-09,0.599,10.5,5.0,seasonal
MAC005336,2013-05-10,6.611,12.4,3.1,seasonal
MAC005336,2013-05-11,0.707,10.4,5.1,seasonal
MAC005336,2013-05-12,0.675,9.6,5.9,seasonal
MAC005336,2013-05-13,7.595,11.0,4.5,seasonal
MAC005336,2013-05-14,5.726,8.6,6.9,seasonal
MAC005336,2013-05-15,0.707,9.1,6.4,seasonal
MAC005336,2013-05-16,2.526,9.5,6.0,seasonal
MAC005336,2013-05-17,7.999,9.1,6.4,seasonal
MAC005336,2013-05-18,0.763,10.9,4.6,seasonal
MAC005336,2013-05-19,2.768,12.7,2.8,seasonal
MAC005336,2013-05-20,0.675,13.4,2.1,seasonal
MAC005336,2013-05-21,5.366,12.9,2.6,seasonal
MAC005336,2013-05-22,0.658,11.4,4.1,seasonal
MAC005336,2013-05-23,3.445,8.1,7.4,seasonal
MAC005336,2013-05-24,0.861,7.1,8.4,seasonal
MAC005336,2013-05-25,6.747,9.5,6.0,seasonal
MAC005336,2013-05-26,0.578,11.5,4.0,seasonal
MAC005336,2013-05-27,0.633,11.0,4.5,seasonal
MAC005336,2013-05-28,7.343,10.8,4.7,seasonal
MAC005336,2013-05-29,0.683,10.7,4.8,seasonal
MAC005336,2013-05-30,1.191,12.4,3.1,seasonal
MAC005336,2013-05-31,7.378,14.5,1.0,seasonal
MAC005336,2013-06-01,0.915,12.9,2.6,seasonal
MAC005336,2013-06-02,0.665,12.8,2.7,seasonal
MAC005336,2013-06-03,0.683,11.9,3.6,seasonal
MAC005336,2013-06-04,0.827,12.1,3.4,seasonal
MAC005336,2013-06-05,8.103,12.6,2.9,seasonal
MAC005336,2013-06-06,0.616,13.3,2.2,seasonal
MAC005336,2013-06-07,7.103,14.1,1.4,seasonal
MAC005336,2013-06-08,3.733,12.4,3.1,seasonal
MAC005336,2013-06-09,0.616,12.5,3.0,seasonal
MAC005336,2013-06-10,0.706,12.4,3.1,seasonal
MAC005336,2013-06-11,2.459,13.3,2.2,seasonal
MAC005336,2013-06-12,6.411,15.2,0.3,seasonal
MAC005336,2013-06-13,0.671,14.6,0.9,seasonal
MAC005336,2013-06-14,5.355,13.5,2.0,seasonal
MAC005336,2013-06-15,0.661,13.9,1.6,seasonal
MAC005336,2013-06-16,0.681,13.5,2.0,seasonal
MAC005336,2013-06-17,7.058,14.9,0.6,seasonal
MAC005336,2013-06-18,0.642,17.2,0.0,seasonal
MAC005336,2013-06-19,0.657,19.0,0.0,seasonal
MAC005336,2013-06-20,0.632,17.3,0.0,seasonal
MAC005336,2013-06-21,5.94,16.6,0.0,seasonal
MAC005336,2013-06-22,0.663,14.3,1.2,seasonal
MAC005336,2013-06-23,0.685,14.8,0.7,seasonal
MAC005336,2013-06-24,0.625,12.8,2.7,seasonal
MAC005336,2013-06-25,0.678,14.1,1.4,seasonal
MAC005336,2013-06-26,8.154,16.0,0.0,seasonal
MAC005336,2013-06-27,0.672,14.5,1.0,seasonal
MAC005336,2013-06-28,6.327,15.4,0.1,seasonal
MAC005336,2013-06-29,0.667,15.8,0.0,seasonal
MAC005336,2013-06-30,0.761,18.5,0.0,seasonal
MAC005336,2013-07-01,0.667,16.3,0.0,seasonal
MAC005336,2013-07-02,0.871,14.5,1.0,seasonal
MAC005336,2013-07-03,7.406,16.4,0.0,seasonal
MAC005336,2013-07-04,0.439,17.1,0.0,seasonal
MAC005336,2013-07-05,5.733,18.3,0.0,seasonal
MAC005336,2013-07-06,0.762,18.9,0.0,seasonal
MAC005336,2013-07-07,0.751,20.5,0.0,seasonal
MAC005336,2013-07-08,0.839,18.9,0.0,seasonal
MAC005336,2013-07-09,0.82,18.1,0.0,seasonal
MAC005336,2013-07-10,7.572,17.2,0.0,seasonal
MAC005336,2013-07-11,0.721,15.2,0.3,seasonal
MAC005336,2013-07-12,2.536,17.0,0.0,seasonal
MAC005336,2013-07-13,5.254,21.6,0.0,seasonal
MAC005336,2013-07-14,0.73,22.1,0.0,seasonal
MAC005336,2013-07-15,0.74,21.8,0.0,seasonal
MAC005336,2013-07-16,6.766,22.8,0.0,seasonal
MAC005336,2013-07-17,0.87,22.9,0.0,seasonal
MAC005336,2013-07-18,0.828,21.2,0.0,seasonal
MAC005336,2013-07-19,2.764,20.3,0.0,seasonal
MAC005336,2013-07-20,1.752,18.8,0.0,seasonal
MAC005336,2013-07-21,1.035,20.2,0.0,seasonal
MAC005336,2013-07-22,0.818,23.8,0.0,seasonal
MAC005336,2013-07-23,5.495,23.1,0.0,seasonal
MAC005336,2013-07-24,2.977,20.5,0.0,seasonal
MAC005336,2013-07-25,0.885,19.8,0.0,seasonal
MAC005336,2013-07-26,7.17,19.6,0.0,seasonal
MAC005336,2013-07-27,5.369,20.0,0.0,seasonal
MAC005336,2013-07-28,0.939,18.7,0.0,seasonal
MAC005336,2013-07-29,0.776,17.9,0.0,seasonal
MAC005336,2013-07-30,0.76,16.8,0.0,seasonal
MAC005336,2013-07-31,5.697,18.6,0.0,seasonal
MAC005336,2013-08-01,0.752,22.8,0.0,seasonal
MAC005336,2013-08-02,6.229,19.6,0.0,seasonal
MAC005336,2013-08-03,0.729,18.1,0.0,seasonal
MAC005336,2013-08-04,0.769,17.9,0.0,seasonal
MAC005336,2013-08-05,0.724,18.3,0.0,seasonal
MAC005336,2013-08-06,0.742,16.8,0.0,seasonal
MAC005336,2013-08-07,7.068,17.3,0.0,seasonal
MAC005336,2013-08-08,0.931,16.6,0.0,seasonal
MAC005336,2013-08-09,0.749,18.3,0.0,seasonal
MAC005336,2013-08-10,1.448,16.9,0.0,seasonal
MAC005336,2013-08-11,0.766,18.2,0.0,seasonal
MAC005336,2013-08-12,4.767,16.3,0.0,seasonal
MAC005336,2013-08-13,0.702,15.3,0.2,seasonal
MAC005336,2013-08-14,1.562,16.4,0.0,seasonal
MAC005336,2013-08-15,0.832,19.2,0.0,seasonal
MAC005336,2013-08-16,5.978,17.9,0.0,seasonal
MAC005336,2013-08-17,1.63,16.6,0.0,seasonal
MAC005336,2013-08-18,0.749,18.8,0.0,seasonal
MAC005336,2013-08-19,0.725,17.0,0.0,seasonal
MAC005336,2013-08-20,0.774,17.6,0.0,seasonal
MAC005336,2013-08-21,7.353,18.1,0.0,seasonal
MAC005336,2013-08-22,0.786,18.7,0.0,seasonal
MAC005336,2013-08-23,4.273,20.0,0.0,seasonal
MAC005336,2013-08-24,0.855,17.0,0.0,seasonal
MAC005336,2013-08-25,0.755,17.1,0.0,seasonal
MAC005336,2013-08-26,0.917,18.2,0.0,seasonal
MAC005336,2013-08-27,0.769,16.1,0.0,seasonal
MAC005336,2013-08-28,4.904,16.1,0.0,seasonal
MAC005336,2013-08-29,0.773,17.9,0.0,seasonal
MAC005336,2013-08-30,4.925,18.3,0.0,seasonal
MAC005336,2013-08-31,0.825,16.3,0.0,seasonal
MAC005336,2013-09-01,0.766,14.7,0.8,seasonal
MAC005336,2013-09-02,1.604,16.8,0.0,seasonal
MAC005336,2013-09-03,1.349,18.5,0.0,seasonal
MAC005336,2013-09-04,6.096,18.7,0.0,seasonal
MAC005336,2013-09-05,0.649,20.4,0.0,seasonal
MAC005336,2013-09-06,4.813,15.4,0.1,seasonal
MAC005336,2013-09-07,1.569,13.6,1.9,seasonal
MAC005336,2013-09-08,0.795,11.8,3.7,seasonal
MAC005336,2013-09-09,0.699,11.6,3.9,seasonal
MAC005336,2013-09-10,0.686,12.5,3.0,seasonal
MAC005336,2013-09-11,8.276,13.5,2.0,seasonal
MAC005336,2013-09-12,0.685,14.1,1.4,seasonal
MAC005336,2013-09-13,0.749,16.2,0.0,seasonal
MAC005336,2013-09-14,0.833,11.7,3.8,seasonal
MAC005336,2013-09-15,0.669,11.3,4.2,seasonal
MAC005336,2013-09-16,0.794,11.2,4.3,seasonal
MAC005336,2013-09-17,0.672,11.0,4.5,seasonal
MAC005336,2013-09-18,8.147,12.3,3.2,seasonal
MAC005336,2013-09-19,0.704,12.0,3.5,seasonal
MAC005336,2013-09-20,1.917,13.4,2.1,seasonal
MAC005336,2013-09-21,0.634,13.5,2.0,seasonal
MAC005336,2013-09-22,4.243,16.8,0.0,seasonal
MAC005336,2013-09-23,0.644,16.6,0.0,seasonal
MAC005336,2013-09-24,1.243,15.1,0.4,seasonal
MAC005336,2013-09-25,3.72,15.7,0.0,seasonal
MAC005336,2013-09-26,1.066,14.5,1.0,seasonal
MAC005336,2013-09-27,4.312,12.6,2.9,seasonal
MAC005336,2013-09-28,0.737,14.3,1.2,seasonal
MAC005336,2013-09-29,0.647,14.3,1.2,seasonal
MAC005336,2013-09-30,0.635,14.9,0.6,seasonal
MAC005336,2013-10-01,3.946,14.3,1.2,seasonal
MAC005336,2013-10-02,0.705,15.4,0.1,seasonal
MAC005336,2013-10-03,1.46,16.1,0.0,seasonal
MAC005336,2013-10-04,3.783,17.3,0.0,seasonal
MAC005336,2013-10-05,5.839,15.3,0.2,seasonal
MAC005336,2013-10-06,0.598,13.8,1.7,seasonal
MAC005336,2013-10-07,0.585,13.3,2.2,seasonal
MAC005336,2013-10-08,0.781,15.6,0.0,seasonal
MAC005336,2013-10-09,0.999,13.6,1.9,seasonal
MAC005336,2013-10-10,0.669,9.3,6.2,seasonal
MAC005336,2013-10-11,6.411,11.1,4.4,seasonal
MAC005336,2013-10-12,0.805,11.4,4.1,seasonal
MAC005336,2013-10-13,0.758,9.6,5.9,seasonal
MAC005336,2013-10-14,1.233,9.1,6.4,seasonal
MAC005336,2013-10-15,1.203,9.5,6.0,seasonal
MAC005336,2013-10-16,1.171,9.7,5.8,seasonal
MAC005336,2013-10-17,1.169,13.2,2.3,seasonal
MAC005336,2013-10-18,1.201,12.6,2.9,seasonal
MAC005336,2013-10-19,1.213,13.9,1.6,seasonal
MAC005336,2013-10-20,1.174,13.4,2.1,seasonal
MAC005336,2013-10-21,1.202,14.8,0.7,seasonal
MAC005336,2013-10-22,1.191,16.0,0.0,seasonal
MAC005336,2013-10-23,0.754,13.9,1.6,seasonal
MAC005336,2013-10-24,0.771,11.1,4.4,seasonal
MAC005336,2013-10-25,0.768,15.3,0.2,seasonal
MAC005336,2013-10-26,0.745,15.0,0.5,seasonal
MAC005336,2013-10-27,0.736,13.5,2.0,seasonal
MAC005336,2013-10-28,0.691,12.7,2.8,seasonal
MAC005336,2013-10-29,0.638,9.1,6.4,seasonal
MAC005336,2013-10-30,0.603,9.0,6.5,seasonal
MAC005336,2013-10-31,0.589,12.5,3.0,seasonal
MAC005336,2013-11-01,0.62,12.0,3.5,seasonal
MAC005336,2013-11-02,0.606,11.5,4.0,seasonal
MAC005336,2013-11-03,0.607,8.7,6.8,seasonal
MAC005336,2013-11-04,0.589,7.4,8.1,seasonal
MAC005336,2013-11-05,0.576,7.6,7.9,seasonal
MAC005336,2013-11-06,0.573,10.4,5.1,seasonal
MAC005336,2013-11-07,0.569,10.4,5.1,seasonal
MAC005336,2013-11-08,0.532,7.5,8.0,seasonal
MAC005336,2013-11-09,0.529,5.4,10.1,seasonal
MAC005336,2013-11-10,0.514,5.2,10.3,seasonal
MAC005336,2013-11-11,0.521,8.5,7.0,seasonal
MAC005336,2013-11-12,0.519,10.0,5.5,seasonal
MAC005336,2013-11-13,0.516,5.1,10.4,seasonal
MAC005336,2013-11-14,0.514,7.2,8.3,seasonal
MAC005336,2013-11-15,29.12,4.8,10.7,seasonal
MAC005336,2013-11-16,19.084,4.0,11.5,seasonal
MAC005336,2013-11-17,15.104,6.0,9.5,seasonal
MAC005336,2013-11-18,16.956,7.8,7.7,seasonal
MAC005336,2013-11-19,15.597,2.9,12.6,seasonal
MAC005336,2013-11-20,21.767,2.3,13.2,seasonal
MAC005336,2013-11-21,15.306,4.5,11.0,seasonal
MAC005336,2013-11-22,15.34,4.8,10.7,seasonal
MAC005336,2013-11-23,19.491,4.6,10.9,seasonal
MAC005336,2013-11-24,15.241,4.6,10.9,seasonal
MAC005336,2013-11-25,15.212,4.0,11.5,seasonal
MAC005336,2013-11-26,21.813,2.5,13.0,seasonal
MAC005336,2013-11-27,15.826,6.4,9.1,seasonal
MAC005336,2013-11-28,15.047,7.2,8.3,seasonal
MAC005336,2013-11-29,19.973,7.3,8.2,seasonal
MAC005336,2013-11-30,15.445,5.3,10.2,seasonal
MAC005336,2013-12-01,15.136,3.7,11.8,seasonal
MAC005336,2013-12-02,15.2,5.5,10.0,seasonal
MAC005336,2013-12-03,15.279,3.2,12.3,seasonal
MAC005336,2013-12-04,22.609,4.4,11.1,seasonal
MAC005336,2013-12-05,15.338,4.4,11.1,seasonal
MAC005336,2013-12-06,18.609,4.3,11.2,seasonal
MAC005336,2013-12-07,15.504,5.9,9.6,seasonal
MAC005336,2013-12-08,15.098,7.3,8.2,seasonal
MAC005336,2013-12-09,15.136,6.7,8.8,seasonal
MAC005336,2013-12-10,15.412,3.9,11.6,seasonal
MAC005336,2013-12-11,22.574,2.8,12.7,seasonal
MAC005336,2013-12-12,15.173,5.2,10.3,seasonal
MAC005336,2013-12-13,15.133,8.7,6.8,seasonal
MAC005336,2013-12-14,15.495,7.3,8.2,seasonal
MAC005336,2013-12-15,15.056,10.7,4.8,seasonal
MAC005336,2013-12-16,15.242,11.4,4.1,seasonal
MAC005336,2013-12-17,15.398,6.3,9.2,seasonal
MAC005336,2013-12-18,23.051,8.1,7.4,seasonal
MAC005336,2013-12-19,15.482,6.1,9.4,seasonal
MAC005336,2013-12-20,18.264,5.4,10.1,seasonal
MAC005336,2013-12-21,15.442,10.2,5.3,seasonal
MAC005336,2013-12-22,15.277,7.1,8.4,seasonal
MAC005336,2013-12-23,15.314,8.1,7.4,seasonal
MAC005336,2013-12-24,15.555,8.5,7.0,seasonal
MAC005336,2013-12-25,23.258,4.7,10.8,seasonal
MAC005336,2013-12-26,15.658,4.1,11.4,seasonal
MAC005336,2013-12-27,19.757,9.0,6.5,seasonal
MAC005336,2013-12-28,22.56,4.8,10.7,seasonal
MAC005336,2013-12-29,19.598,2.3,13.2,seasonal
MAC005336,2013-12-30,16.406,7.8,7.7,seasonal
MAC005337,2013-01-01,11.467,5.8,9.7,year_round
MAC005337,2013-01-02,9.247,6.2,9.3,year_round
MAC005337,2013-01-03,9.378,10.2,5.3,year_round
MAC005337,2013-01-04,8.739,8.8,6.7,year_round
MAC005337,2013-01-05,9.752,8.6,6.9,year_round
MAC005337,2013-01-06,9.336,7.0,8.5,year_round
MAC005337,2013-01-07,8.94,7.6,7.9,year_round
MAC005337,2013-01-08,8.735,8.9,6.6,year_round
MAC005337,2013-01-09,9.154,6.8,8.7,year_round
MAC005337,2013-01-10,8.562,1.8,13.7,year_round
MAC005337,2013-01-11,10.578,2.7,12.8,year_round
MAC005337,2013-01-12,9.536,2.7,12.8,year_round
MAC005337,2013-01-13,10.299,1.1,14.4,year_round
MAC005337,2013-01-14,10.206,0.2,15.3,year_round
MAC005337,2013-01-15,10.593,0.6,14.9,year_round
MAC005337,2013-01-16,10.398,-2.2,17.7,year_round
MAC005337,2013-01-17,5.62,-2.2,17.7,year_round
MAC005337,2013-01-18,9.074,-1.4,16.9,year_round
MAC005337,2013-01-19,9.464,-0.2,15.7,year_round
MAC005337,2013-01-20,9.994,-1.2,16.7,year_round
MAC005337,2013-01-21,10.724,-1.5,17.0,year_round
MAC005337,2013-01-22,12.417,-1.5,17.0,year_round
MAC005337,2013-01-23,10.732,0.9,14.6,year_round
MAC005337,2013-01-24,9.481,-0.3,15.8,year_round
MAC005337,2013-01-25,10.327,-1.5,17.0,year_round
MAC005337,2013-01-26,11.837,3.3,12.2,year_round
MAC005337,2013-01-27,7.71,7.6,7.9,year_round
MAC005337,2013-01-28,10.869,5.8,9.7,year_round
MAC005337,2013-01-29,5.728,10.9,4.6,year_round
MAC005337,2013-01-30,9.47,10.1,5.4,year_round
MAC005337,2013-01-31,8.634,8.2,7.3,year_round
MAC005337,2013-02-01,11.467,5.4,10.1,year_round
MAC005337,2013-02-02,5.069,2.7,12.8,year_round
MAC005337,2013-02-03,9.594,3.6,11.9,year_round
MAC005337,2013-02-04,9.837,7.9,7.6,year_round
MAC005337,2013-02-05,11.374,3.6,11.9,year_round
MAC005337,2013-02-06,12.897,3.5,12.0,year_round
MAC005337,2013-02-07,15.587,1.9,13.6,year_round
MAC005337,2013-02-08,10.729,1.2,14.3,year_round
MAC005337,2013-02-09,9.408,1.6,13.9,year_round
MAC005337,2013-02-10,10.155,2.6,12.9,year_round
MAC005337,2013-02-11,9.073,1.1,14.4,year_round
MAC005337,2013-02-12,10.253,1.1,14.4,year_round
MAC005337,2013-02-13,10.529,0.5,15.0,year_round
MAC005337,2013-02-14,6.019,6.5,9.0,year_round
MAC005337,2013-02-15,8.801,4.4,11.1,year_round
MAC005337,2013-02-16,10.823,5.0,10.5,year_round
MAC005337,2013-02-17,9.9,3.5,12.0,year_round
MAC005337,2013-02-18,10.557,3.3,12.2,year_round
MAC005337,2013-02-19,7.097,0.8,14.7,year_round
MAC005337,2013-02-20,8.906,2.0,13.5,year_round
MAC005337,2013-02-21,11.195,0.7,14.8,year_round
MAC005337,2013-02-22,12.424,0.3,15.2,year_round
MAC005337,2013-02-23,5.696,0.3,15.2,year_round
MAC005337,2013-02-24,9.426,0.4,15.1,year_round
MAC005337,2013-02-25,8.108,2.5,13.0,year_round
MAC005337,2013-02-26,12.121,3.5,12.0,year_round
MAC005337,2013-02-27,9.537,3.0,12.5,year_round
MAC005337,2013-02-28,10.566,3.5,12.0,year_round
MAC005337,2013-03-01,10.065,3.9,11.6,year_round
MAC005337,2013-03-02,6.701,2.3,13.2,year_round
MAC005337,2013-03-03,10.554,2.6,12.9,year_round
MAC005337,2013-03-04,9.819,3.6,11.9,year_round
MAC005337,2013-03-05,4.557,5.8,9.7,year_round
MAC005337,2013-03-06,8.593,7.4,8.1,year_round
MAC005337,2013-03-07,8.283,8.0,7.5,year_round
MAC005337,2013-03-08,4.483,8.5,7.0,year_round
MAC005337,2013-03-09,9.187,6.0,9.5,year_round
MAC005337,2013-03-10,8.754,2.1,13.4,year_round
MAC005337,2013-03-11,9.967,-0.2,15.7,year_round
MAC005337,2013-03-12,10.216,0.1,15.4,year_round
MAC005337,2013-03-13,9.979,1.9,13.6,year_round
MAC005337,2013-03-14,4.814,1.0,14.5,year_round
MAC005337,2013-03-15,10.465,4.3,11.2,year_round
MAC005337,2013-03-16,8.511,6.1,9.4,year_round
MAC005337,2013-03-17,8.156,4.7,10.8,year_round
MAC005337,2013-03-18,10.857,3.2,12.3,year_round
MAC005337,2013-03-19,5.04,3.3,12.2,year_round
MAC005337,2013-03-20,7.861,3.2,12.3,year_round
MAC005337,2013-03-21,10.116,3.1,12.4,year_round
MAC005337,2013-03-22,11.461,3.2,12.3,year_round
MAC005337,2013-03-23,9.696,1.6,13.9,year_round
MAC005337,2013-03-24,9.807,0.1,15.4,year_round
MAC005337,2013-03-25,5.015,0.4,15.1,year_round
MAC005337,2013-03-26,10.777,0.3,15.2,year_round
MAC005337,2013-03-27,9.781,0.8,14.7,year_round
MAC005337,2013-03-28,9.489,1.0,14.5,year_round
MAC005337,2013-03-29,10.548,0.2,15.3,year_round
MAC005337,2013-03-30,10.865,1.2,14.3,year_round
MAC005337,2013-03-31,9.661,0.5,15.0,year_round
MAC005337,2013-04-01,8.475,1.8,13.7,year_round
MAC005337,2013-04-02,10.997,2.6,12.9,year_round
MAC005337,2013-04-03,9.386,1.7,13.8,year_round
MAC005337,2013-04-04,17.79,1.9,13.6,year_round
MAC005337,2013-04-05,10.585,3.3,12.2,year_round
MAC005337,2013-04-06,4.831,3.5,12.0,year_round
MAC005337,2013-04-07,8.983,3.2,12.3,year_round
MAC005337,2013-04-08,9.514,4.9,10.6,year_round
MAC005337,2013-04-09,4.929,4.8,10.7,year_round
MAC005337,2013-04-10,9.88,6.1,9.4,year_round
MAC005337,2013-04-11,7.391,7.1,8.4,year_round
MAC005337,2013-04-12,4.53,8.4,7.1,year_round
MAC005337,2013-04-13,8.975,8.2,7.3,year_round
MAC005337,2013-04-14,4.496,13.4,2.1,year_round
MAC005337,2013-04-15,4.503,11.5,4.0,year_round
MAC005337,2013-04-16,8.818,11.3,4.2,year_round
MAC005337,2013-04-17,4.785,11.8,3.7,year_round
MAC005337,2013-04-18,4.761,10.1,5.4,year_round
MAC005337,2013-04-19,8.728,8.4,7.1,year_round
MAC005337,2013-04-20,9.05,5.9,9.6,year_round
MAC005337,2013-04-21,8.575,7.0,8.5,year_round
MAC005337,2013-04-22,9.174,9.3,6.2,year_round
MAC005337,2013-04-23,4.764,13.1,2.4,year_round
MAC005337,2013-04-24,5.016,12.5,3.0,year_round
MAC005337,2013-04-25,9.429,14.2,1.3,year_round
MAC005337,2013-04-26,10.305,8.9,6.6,year_round
MAC005337,2013-04-27,8.708,6.0,9.5,year_round
MAC005337,2013-04-28,4.977,6.2,9.3,year_round
MAC005337,2013-04-29,8.733,9.2,6.3,year_round
MAC005337,2013-04-30,9.733,7.9,7.6,year_round
MAC005337,2013-05-01,9.06,8.4,7.1,year_round
MAC005337,2013-05-02,10.277,9.1,6.4,year_round
MAC005337,2013-05-03,10.826,11.1,4.4,year_round
MAC005337,2013-05-04,5.181,10.9,4.6,year_round
MAC005337,2013-05-05,5.171,11.4,4.1,year_round
MAC005337,2013-05-06,4.843,13.2,2.3,year_round
MAC005337,2013-05-07,8.308,13.8,1.7,year_round
MAC005337,2013-05-08,8.93,12.9,2.6,year_round
MAC005337,2013-05-09,4.864,10.5,5.0,year_round
MAC005337,2013-05-10,4.712,12.4,3.1,year_round
MAC005337,2013-05-11,4.769,10.4,5.1,year_round
MAC005337,2013-05-12,10.06,9.6,5.9,year_round
MAC005337,2013-05-13,9.68,11.0,4.5,year_round
MAC005337,2013-05-14,4.983,8.6,6.9,year_round
MAC005337,2013-05-15,4.804,9.1,6.4,year_round
MAC005337,2013-05-16,4.835,9.5,6.0,year_round
MAC005337,2013-05-17,8.92,9.1,6.4,year_round
MAC005337,2013-05-18,4.825,10.9,4.6,year_round
MAC005337,2013-05-19,8.527,12.7,2.8,year_round
MAC005337,2013-05-20,4.566,13.4,2.1,year_round
MAC005337,2013-05-21,4.919,12.9,2.6,year_round
MAC005337,2013-05-22,9.158,11.4,4.1,year_round
MAC005337,2013-05-23,5.042,8.1,7.4,year_round
MAC005337,2013-05-24,4.775,7.1,8.4,year_round
MAC005337,2013-05-25,4.735,9.5,6.0,year_round
MAC005337,2013-05-26,4.923,11.5,4.0,year_round
MAC005337,2013-05-27,4.75,11.0,4.5,year_round
MAC005337,2013-05-28,4.707,10.8,4.7,year_round
MAC005337,2013-05-29,8.553,10.7,4.8,year_round
MAC005337,2013-05-30,4.807,12.4,3.1,year_round
MAC005337,2013-05-31,4.743,14.5,1.0,year_round
MAC005337,2013-06-01,4.63,12.9,2.6,year_round
MAC005337,2013-06-02,4.922,12.8,2.7,year_round
MAC005337,2013-06-03,4.726,11.9,3.6,year_round
MAC005337,2013-06-04,4.707,12.1,3.4,year_round
MAC005337,2013-06-05,4.828,12.6,2.9,year_round
MAC005337,2013-06-06,9.371,13.3,2.2,year_round
MAC005337,2013-06-07,4.94,14.1,1.4,year_round
MAC005337,2013-06-08,4.668,12.4,3.1,year_round
MAC005337,2013-06-09,4.356,12.5,3.0,year_round
MAC005337,2013-06-10,4.497,12.4,3.1,year_round
MAC005337,2013-06-11,8.871,13.3,2.2,year_round
MAC005337,2013-06-12,4.282,15.2,0.3,year_round
MAC005337,2013-06-13,4.496,14.6,0.9,year_round
MAC005337,2013-06-14,10.097,13.5,2.0,year_round
MAC005337,2013-06-15,4.338,13.9,1.6,year_round
MAC005337,2013-06-16,4.53,13.5,2.0,year_round
MAC005337,2013-06-17,4.529,14.9,0.6,year_round
MAC005337,2013-06-18,4.545,17.2,0.0,year_round
MAC005337,2013-06-19,9.649,19.0,0.0,year_round
MAC005337,2013-06-20,4.992,17.3,0.0,year_round
MAC005337,2013-06-21,4.866,16.6,0.0,year_round
MAC005337,2013-06-22,4.736,14.3,1.2,year_round
MAC005337,2013-06-23,10.578,14.8,0.7,year_round
MAC005337,2013-06-24,5.075,12.8,2.7,year_round
MAC005337,2013-06-25,5.136,14.1,1.4,year_round
MAC005337,2013-06-26,4.305,16.0,0.0,year_round
MAC005337,2013-06-27,4.284,14.5,1.0,year_round
MAC005337,2013-06-28,8.288,15.4,0.1,year_round
MAC005337,2013-06-29,4.428,15.8,0.0,year_round
MAC005337,2013-06-30,4.695,18.5,0.0,year_round
MAC005337,2013-07-01,4.619,16.3,0.0,year_round
MAC005337,2013-07-02,4.273,14.5,1.0,year_round
MAC005337,2013-07-03,8.397,16.4,0.0,year_round
MAC005337,2013-07-04,4.207,17.1,0.0,year_round
MAC005337,2013-07-05,4.266,18.3,0.0,year_round
MAC005337,2013-07-06,4.179,18.9,0.0,year_round
MAC005337,2013-07-07,10.493,20.5,0.0,year_round
MAC005337,2013-07-08,3.978,18.9,0.0,year_round
MAC005337,2013-07-09,8.649,18.1,0.0,year_round
MAC005337,2013-07-10,4.282,17.2,0.0,year_round
MAC005337,2013-07-11,4.615,15.2,0.3,year_round
MAC005337,2013-07-12,4.25,17.0,0.0,year_round
MAC005337,2013-07-13,9.316,21.6,0.0,year_round
MAC005337,2013-07-14,4.138,22.1,0.0,year_round
MAC005337,2013-07-15,10.152,21.8,0.0,year_round
MAC005337,2013-07-16,4.097,22.8,0.0,year_round
MAC005337,2013-07-17,10.326,22.9,0.0,year_round
MAC005337,2013-07-18,4.511,21.2,0.0,year_round
MAC005337,2013-07-19,4.144,20.3,0.0,year_round
MAC005337,2013-07-20,4.406,18.8,0.0,year_round
MAC005337,2013-07-21,4.682,20.2,0.0,year_round
MAC005337,2013-07-22,4.018,23.8,0.0,year_round
MAC005337,2013-07-23,4.244,23.1,0.0,year_round
MAC005337,2013-07-24,8.559,20.5,0.0,year_round
MAC005337,2013-07-25,4.285,19.8,0.0,year_round
MAC005337,2013-07-26,4.195,19.6,0.0,year_round
MAC005337,2013-07-27,4.135,20.0,0.0,year_round
MAC005337,2013-07-28,4.313,18.7,0.0,year_round
MAC005337,2013-07-29,4.241,17.9,0.0,year_round
MAC005337,2013-07-30,4.303,16.8,0.0,year_round
MAC005337,2013-07-31,7.813,18.6,0.0,year_round
MAC005337,2013-08-01,4.742,22.8,0.0,year_round
MAC005337,2013-08-02,4.359,19.6,0.0,year_round
MAC005337,2013-08-03,4.24,18.1,0.0,year_round
MAC005337,2013-08-04,4.304,17.9,0.0,year_round
MAC005337,2013-08-05,9.871,18.3,0.0,year_round
MAC005337,2013-08-06,4.321,16.8,0.0,year_round
MAC005337,2013-08-07,4.424,17.3,0.0,year_round
MAC005337,2013-08-08,4.156,16.6,0.0,year_round
MAC005337,2013-08-09,4.18,18.3,0.0,year_round
MAC005337,2013-08-10,4.071,16.9,0.0,year_round
MAC005337,2013-08-11,9.806,18.2,0.0,year_round
MAC005337,2013-08-12,4.13,16.3,0.0,year_round
MAC005337,2013-08-13,3.964,15.3,0.2,year_round
MAC005337,2013-08-14,9.297,16.4,0.0,year_round
MAC005337,2013-08-15,3.977,19.2,0.0,year_round
MAC005337,2013-08-16,9.552,17.9,0.0,year_round
MAC005337,2013-08-17,3.792,16.6,0.0,year_round
MAC005337,2013-08-18,3.975,18.8,0.0,year_round
MAC005337,2013-08-19,9.146,17.0,0.0,year_round
MAC005337,2013-08-20,4.07,17.6,0.0,year_round
MAC005337,2013-08-21,7.315,18.1,0.0,year_round
MAC005337,2013-08-22,4.02,18.7,0.0,year_round
MAC005337,2013-08-23,3.962,20.0,0.0,year_round
MAC005337,2013-08-24,3.976,17.0,0.0,year_round
MAC005337,2013-08-25,4.134,17.1,0.0,year_round
MAC005337,2013-08-26,4.044,18.2,0.0,year_round
MAC005337,2013-08-27,4.064,16.1,0.0,year_round
MAC005337,2013-08-28,8.788,16.1,0.0,year_round
MAC005337,2013-08-29,3.938,17.9,0.0,year_round
MAC005337,2013-08-30,4.059,18.3,0.0,year_round
MAC005337,2013-08-31,3.882,16.3,0.0,year_round
MAC005337,2013-09-01,4.64,14.7,0.8,year_round
MAC005337,2013-09-02,3.885,16.8,0.0,year_round
MAC005337,2013-09-03,10.393,18.5,0.0,year_round
MAC005337,2013-09-04,3.879,18.7,0.0,year_round
MAC005337,2013-09-05,5.807,20.4,0.0,year_round
MAC005337,2013-09-06,10.134,15.4,0.1,year_round
MAC005337,2013-09-07,4.065,13.6,1.9,year_round
MAC005337,2013-09-08,4.029,11.8,3.7,year_round
MAC005337,2013-09-09,4.436,11.6,3.9,year_round
MAC005337,2013-09-10,4.455,12.5,3.0,year_round
MAC005337,2013-09-11,4.396,13.5,2.0,year_round
MAC005337,2013-09-12,4.416,14.1,1.4,year_round
MAC005337,2013-09-13,4.315,16.2,0.0,year_round
MAC005337,2013-09-14,8.318,11.7,3.8,year_round
MAC005337,2013-09-15,4.151,11.3,4.2,year_round
MAC005337,2013-09-16,4.272,11.2,4.3,year_round
MAC005337,2013-09-17,4.072,11.0,4.5,year_round
MAC005337,2013-09-18,4.235,12.3,3.2,year_round
MAC005337,2013-09-19,4.973,12.0,3.5,year_round
MAC005337,2013-09-20,9.317,13.4,2.1,year_round
MAC005337,2013-09-21,4.104,13.5,2.0,year_round
MAC005337,2013-09-22,4.028,16.8,0.0,year_round
MAC005337,2013-09-23,4.075,16.6,0.0,year_round
MAC005337,2013-09-24,4.125,15.1,0.4,year_round
MAC005337,2013-09-25,4.177,15.7,0.0,year_round
MAC005337,2013-09-26,4.101,14.5,1.0,year_round
MAC005337,2013-09-27,9.532,12.6,2.9,year_round
MAC005337,2013-09-28,4.052,14.3,1.2,year_round
MAC005337,2013-09-29,4.13,14.3,1.2,year_round
MAC005337,2013-09-30,4.238,14.9,0.6,year_round
MAC005337,2013-10-01,4.167,14.3,1.2,year_round
MAC005337,2013-10-02,4.111,15.4,0.1,year_round
MAC005337,2013-10-03,4.204,16.1,0.0,year_round
MAC005337,2013-10-04,10.36,17.3,0.0,year_round
MAC005337,2013-10-05,8.775,15.3,0.2,year_round
MAC005337,2013-10-06,4.583,13.8,1.7,year_round
MAC005337,2013-10-07,11.009,13.3,2.2,year_round
MAC005337,2013-10-08,4.243,15.6,0.0,year_round
MAC005337,2013-10-09,4.631,13.6,1.9,year_round
MAC005337,2013-10-10,9.932,9.3,6.2,year_round
MAC005337,2013-10-11,10.592,11.1,4.4,year_round
MAC005337,2013-10-12,4.719,11.4,4.1,year_round
MAC005337,2013-10-13,4.457,9.6,5.9,year_round
MAC005337,2013-10-14,4.597,9.1,6.4,year_round
MAC005337,2013-10-15,9.02,9.5,6.0,year_round
MAC005337,2013-10-16,4.152,9.7,5.8,year_round
MAC005337,2013-10-17,4.279,13.2,2.3,year_round
MAC005337,2013-10-18,4.217,12.6,2.9,year_round
MAC005337,2013-10-19,4.471,13.9,1.6,year_round
MAC005337,2013-10-20,10.875,13.4,2.1,year_round
MAC005337,2013-10-21,10.604,14.8,0.7,year_round
MAC005337,2013-10-22,4.378,16.0,0.0,year_round
MAC005337,2013-10-23,4.194,13.9,1.6,year_round
MAC005337,2013-10-24,4.315,11.1,4.4,year_round
MAC005337,2013-10-25,9.692,15.3,0.2,year_round
MAC005337,2013-10-26,4.165,15.0,0.5,year_round
MAC005337,2013-10-27,4.53,13.5,2.0,year_round
MAC005337,2013-10-28,10.943,12.7,2.8,year_round
MAC005337,2013-10-29,4.482,9.1,6.4,year_round
MAC005337,2013-10-30,11.919,9.0,6.5,year_round
MAC005337,2013-10-31,4.26,12.5,3.0,year_round
MAC005337,2013-11-01,4.725,12.0,3.5,year_round
MAC005337,2013-11-02,4.772,11.5,4.0,year_round
MAC005337,2013-11-03,9.021,8.7,6.8,year_round
MAC005337,2013-11-04,4.468,7.4,8.1,year_round
MAC005337,2013-11-05,4.257,7.6,7.9,year_round
MAC005337,2013-11-06,11.592,10.4,5.1,year_round
MAC005337,2013-11-07,4.251,10.4,5.1,year_round
MAC005337,2013-11-08,4.527,7.5,8.0,year_round
MAC005337,2013-11-09,4.57,5.4,10.1,year_round
MAC005337,2013-11-10,5.262,5.2,10.3,year_round
MAC005337,2013-11-11,11.625,8.5,7.0,year_round
MAC005337,2013-11-12,10.024,10.0,5.5,year_round
MAC005337,2013-11-13,4.381,5.1,10.4,year_round
MAC005337,2013-11-14,9.585,7.2,8.3,year_round
MAC005337,2013-11-15,4.872,4.8,10.7,year_round
MAC005337,2013-11-16,4.349,4.0,11.5,year_round
MAC005337,2013-11-17,4.471,6.0,9.5,year_round
MAC005337,2013-11-18,9.962,7.8,7.7,year_round
MAC005337,2013-11-19,4.43,2.9,12.6,year_round
MAC005337,2013-11-20,11.612,2.3,13.2,year_round
MAC005337,2013-11-21,11.327,4.5,11.0,year_round
MAC005337,2013-11-22,4.623,4.8,10.7,year_round
MAC005337,2013-11-23,4.942,4.6,10.9,year_round
MAC005337,2013-11-24,4.782,4.6,10.9,year_round
MAC005337,2013-11-25,8.843,4.0,11.5,year_round
MAC005337,2013-11-26,4.721,2.5,13.0,year_round
MAC005337,2013-11-27,10.34,6.4,9.1,year_round
MAC005337,2013-11-28,4.41,7.2,8.3,year_round
MAC005337,2013-11-29,4.44,7.3,8.2,year_round
MAC005337,2013-11-30,4.648,5.3,10.2,year_round
MAC005337,2013-12-01,4.555,3.7,11.8,year_round
MAC005337,2013-12-02,8.621,5.5,10.0,year_round
MAC005337,2013-12-03,4.444,3.2,12.3,year_round
MAC005337,2013-12-04,4.695,4.4,11.1,year_round
MAC005337,2013-12-05,11.714,4.4,11.1,year_round
MAC005337,2013-12-06,4.394,4.3,11.2,year_round
MAC005337,2013-12-07,10.013,5.9,9.6,year_round
MAC005337,2013-12-08,4.431,7.3,8.2,year_round
MAC005337,2013-12-09,8.603,6.7,8.8,year_round
MAC005337,2013-12-10,4.825,3.9,11.6,year_round
MAC005337,2013-12-11,4.584,2.8,12.7,year_round
MAC005337,2013-12-12,4.506,5.2,10.3,year_round
MAC005337,2013-12-13,7.965,8.7,6.8,year_round
MAC005337,2013-12-14,9.026,7.3,8.2,year_round
MAC005337,2013-12-15,4.329,10.7,4.8,year_round
MAC005337,2013-12-16,4.339,11.4,4.1,year_round
MAC005337,2013-12-17,4.393,6.3,9.2,year_round
MAC005337,2013-12-18,4.355,8.1,7.4,year_round
MAC005337,2013-12-19,4.527,6.1,9.4,year_round
MAC005337,2013-12-20,10.38,5.4,10.1,year_round
MAC005337,2013-12-21,4.475,10.2,5.3,year_round
MAC005337,2013-12-22,4.336,7.1,8.4,year_round
MAC005337,2013-12-23,4.341,8.1,7.4,year_round
MAC005337,2013-12-24,9.65,8.5,7.0,year_round
MAC005337,2013-12-25,4.48,4.7,10.8,year_round
MAC005337,2013-12-26,4.893,4.1,11.4,year_round
MAC005337,2013-12-27,4.417,9.0,6.5,year_round
MAC005337,2013-12-28,6.999,4.8,10.7,year_round
MAC005337,2013-12-29,4.537,2.3,13.2,year_round
MAC005337,2013-12-30,4.447,7.8,7.7,year_round
MAC005340,2013-01-01,21.841,5.8,9.7,seasonal
MAC005340,2013-01-02,21.198,6.2,9.3,seasonal
MAC005340,2013-01-03,22.102,10.2,5.3,seasonal
MAC005340,2013-01-04,20.99,8.8,6.7,seasonal
MAC005340,2013-01-05,21.231,8.6,6.9,seasonal
MAC005340,2013-01-06,21.067,7.0,8.5,seasonal
MAC005340,2013-01-07,21.61,7.6,7.9,seasonal
MAC005340,2013-01-08,21.31,8.9,6.6,seasonal
MAC005340,2013-01-09,21.562,6.8,8.7,seasonal
MAC005340,2013-01-10,20.005,1.8,13.7,seasonal
MAC005340,2013-01-11,22.799,2.7,12.8,seasonal
MAC005340,2013-01-12,21.253,2.7,12.8,seasonal
MAC005340,2013-01-13,20.575,1.1,14.4,seasonal
MAC005340,2013-01-14,21.846,0.2,15.3,seasonal
MAC005340,2013-01-15,20.933,0.6,14.9,seasonal
MAC005340,2013-01-16,21.95,-2.2,17.7,seasonal
MAC005340,2013-01-17,21.976,-2.2,17.7,seasonal
MAC005340,2013-01-18,20.968,-1.4,16.9,seasonal
MAC005340,2013-01-19,21.77,-0.2,15.7,seasonal
MAC005340,2013-01-20,23.663,-1.2,16.7,seasonal
MAC005340,2013-01-21,22.29,-1.5,17.0,seasonal
MAC005340,2013-01-22,22.509,-1.5,17.0,seasonal
MAC005340,2013-01-23,22.965,0.9,14.6,seasonal
MAC005340,2013-01-24,22.488,-0.3,15.8,seasonal
MAC005340,2013-01-25,22.607,-1.5,17.0,seasonal
MAC005340,2013-01-26,21.811,3.3,12.2,seasonal
MAC005340,2013-01-27,22.192,7.6,7.9,seasonal
MAC005340,2013-01-28,21.279,5.8,9.7,seasonal
MAC005340,2013-01-29,21.415,10.9,4.6,seasonal
MAC005340,2013-01-30,22.077,10.1,5.4,seasonal
MAC005340,2013-01-31,20.791,8.2,7.3,seasonal
MAC005340,2013-02-01,20.998,5.4,10.1,seasonal
MAC005340,2013-02-02,21.841,2.7,12.8,seasonal
MAC005340,2013-02-03,21.273,3.6,11.9,seasonal
MAC005340,2013-02-04,21.188,7.9,7.6,seasonal
MAC005340,2013-02-05,21.948,3.6,11.9,seasonal
MAC005340,2013-02-06,20.622,3.5,12.0,seasonal
MAC005340,2013-02-07,21.186,1.9,13.6,seasonal
MAC005340,2013-02-08,20.664,1.2,14.3,seasonal
MAC005340,2013-02-09,21.425,1.6,13.9,seasonal
MAC005340,2013-02-10,21.064,2.6,12.9,seasonal
MAC005340,2013-02-11,22.364,1.1,14.4,seasonal
MAC005340,2013-02-12,22.003,1.1,14.4,seasonal
MAC005340,2013-02-13,22.181,0.5,15.0,seasonal
MAC005340,2013-02-14,21.871,6.5,9.0,seasonal
MAC005340,2013-02-15,21.443,4.4,11.1,seasonal
MAC005340,2013-02-16,21.899,5.0,10.5,seasonal
MAC005340,2013-02-17,20.983,3.5,12.0,seasonal
MAC005340,2013-02-18,21.87,3.3,12.2,seasonal
MAC005340,2013-02-19,20.479,0.8,14.7,seasonal
MAC005340,2013-02-20,22.861,2.0,13.5,seasonal
MAC005340,2013-02-21,22.003,0.7,14.8,seasonal
MAC005340,2013-02-22,21.66,0.3,15.2,seasonal
MAC005340,2013-02-23,21.577,0.3,15.2,seasonal
MAC005340,2013-02-24,21.484,0.4,15.1,seasonal
MAC005340,2013-02-25,21.408,2.5,13.0,seasonal
MAC005340,2013-02-26,23.089,3.5,12.0,seasonal
MAC005340,2013-02-27,20.958,3.0,12.5,seasonal
MAC005340,2013-02-28,21.898,3.5,12.0,seasonal
MAC005340,2013-03-01,21.967,3.9,11.6,seasonal
MAC005340,2013-03-02,23.647,2.3,13.2,seasonal
MAC005340,2013-03-03,25.069,2.6,12.9,seasonal
MAC005340,2013-03-04,22.412,3.6,11.9,seasonal
MAC005340,2013-03-05,21.485,5.8,9.7,seasonal
MAC005340,2013-03-06,21.239,7.4,8.1,seasonal
MAC005340,2013-03-07,21.345,8.0,7.5,seasonal
MAC005340,2013-03-08,21.236,8.5,7.0,seasonal
MAC005340,2013-03-09,21.728,6.0,9.5,seasonal
MAC005340,2013-03-10,21.609,2.1,13.4,seasonal
MAC005340,2013-03-11,22.927,-0.2,15.7,seasonal
MAC005340,2013-03-12,21.575,0.1,15.4,seasonal
MAC005340,2013-03-13,22.118,1.9,13.6,seasonal
MAC005340,2013-03-14,21.962,1.0,14.5,seasonal
MAC005340,2013-03-15,23.324,4.3,11.2,seasonal
MAC005340,2013-03-16,22.808,6.1,9.4,seasonal
MAC005340,2013-03-17,22.258,4.7,10.8,seasonal
MAC005340,2013-03-18,21.195,3.2,12.3,seasonal
MAC005340,2013-03-19,22.049,3.3,12.2,seasonal
MAC005340,2013-03-20,22.599,3.2,12.3,seasonal
MAC005340,2013-03-21,21.675,3.1,12.4,seasonal
MAC005340,2013-03-22,20.99,3.2,12.3,seasonal
MAC005340,2013-03-23,22.334,1.6,13.9,seasonal
MAC005340,2013-03-24,22.206,0.1,15.4,seasonal
MAC005340,2013-03-25,22.275,0.4,15.1,seasonal
MAC005340,2013-03-26,22.314,0.3,15.2,seasonal
MAC005340,2013-03-27,21.886,0.8,14.7,seasonal
MAC005340,2013-03-28,23.632,1.0,14.5,seasonal
MAC005340,2013-03-29,23.228,0.2,15.3,seasonal
MAC005340,2013-03-30,22.605,1.2,14.3,seasonal
MAC005340,2013-03-31,22.889,0.5,15.0,seasonal
MAC005340,2013-04-01,23.535,1.8,13.7,seasonal
MAC005340,2013-04-02,22.816,2.6,12.9,seasonal
MAC005340,2013-04-03,22.915,1.7,13.8,seasonal
MAC005340,2013-04-04,23.359,1.9,13.6,seasonal
MAC005340,2013-04-05,23.05,3.3,12.2,seasonal
MAC005340,2013-04-06,22.671,3.5,12.0,seasonal
MAC005340,2013-04-07,22.165,3.2,12.3,seasonal
MAC005340,2013-04-08,21.974,4.9,10.6,seasonal
MAC005340,2013-04-09,21.664,4.8,10.7,seasonal
MAC005340,2013-04-10,21.045,6.1,9.4,seasonal
MAC005340,2013-04-11,21.693,7.1,8.4,seasonal
MAC005340,2013-04-12,20.898,8.4,7.1,seasonal
MAC005340,2013-04-13,21.784,8.2,7.3,seasonal
MAC005340,2013-04-14,20.112,13.4,2.1,seasonal
MAC005340,2013-04-15,6.191,11.5,4.0,seasonal
MAC005340,2013-04-16,8.515,11.3,4.2,seasonal
MAC005340,2013-04-17,9.029,11.8,3.7,seasonal
MAC005340,2013-04-18,9.963,10.1,5.4,seasonal
MAC005340,2013-04-19,10.362,8.4,7.1,seasonal
MAC005340,2013-04-20,9.974,5.9,9.6,seasonal
MAC005340,2013-04-21,9.874,7.0,8.5,seasonal
MAC005340,2013-04-22,10.134,9.3,6.2,seasonal
MAC005340,2013-04-23,10.011,13.1,2.4,seasonal
MAC005340,2013-04-24,9.976,12.5,3.0,seasonal
MAC005340,2013-04-25,7.498,14.2,1.3,seasonal
MAC005340,2013-04-26,6.309,8.9,6.6,seasonal
MAC005340,2013-04-27,6.145,6.0,9.5,seasonal
MAC005340,2013-04-28,6.699,6.2,9.3,seasonal
MAC005340,2013-04-29,5.357,9.2,6.3,seasonal
MAC005340,2013-04-30,5.693,7.9,7.6,seasonal
MAC005340,2013-05-01,5.072,8.4,7.1,seasonal
MAC005340,2013-05-02,5.941,9.1,6.4,seasonal
MAC005340,2013-05-03,6.301,11.1,4.4,seasonal
MAC005340,2013-05-04,6.874,10.9,4.6,seasonal
MAC005340,2013-05-05,5.727,11.4,4.1,seasonal
MAC005340,2013-05-06,7.727,13.2,2.3,seasonal
MAC005340,2013-05-07,6.161,13.8,1.7,seasonal
MAC005340,2013-05-08,7.391,12.9,2.6,seasonal
MAC005340,2013-05-09,7.003,10.5,5.0,seasonal
MAC005340,2013-05-10,5.34,12.4,3.1,seasonal
MAC005340,2013-05-11,5.44,10.4,5.1,seasonal
MAC005340,2013-05-12,6.797,9.6,5.9,seasonal
MAC005340,2013-05-13,6.604,11.0,4.5,seasonal
MAC005340,2013-05-14,5.761,8.6,6.9,seasonal
MAC005340,2013-05-15,6.401,9.1,6.4,seasonal
MAC005340,2013-05-16,5.983,9.5,6.0,seasonal
MAC005340,2013-05-17,5.723,9.1,6.4,seasonal
MAC005340,2013-05-18,5.702,10.9,4.6,seasonal
MAC005340,2013-05-19,5.892,12.7,2.8,seasonal
MAC005340,2013-05-20,6.073,13.4,2.1,seasonal
MAC005340,2013-05-21,5.684,12.9,2.6,seasonal
MAC005340,2013-05-22,6.104,11.4,4.1,seasonal
MAC005340,2013-05-23,6.347,8.1,7.4,seasonal
MAC005340,2013-05-24,6.281,7.1,8.4,seasonal
MAC005340,2013-05-25,5.685,9.5,6.0,seasonal
MAC005340,2013-05-26,7.514,11.5,4.0,seasonal
MAC005340,2013-05-27,5.939,11.0,4.5,seasonal
MAC005340,2013-05-28,6.058,10.8,4.7,seasonal
MAC005340,2013-05-29,5.697,10.7,4.8,seasonal
MAC005340,2013-05-30,5.966,12.4,3.1,seasonal
MAC005340,2013-05-31,4.981,14.5,1.0,seasonal
MAC005340,2013-06-01,5.736,12.9,2.6,seasonal
MAC005340,2013-06-02,6.092,12.8,2.7,seasonal
MAC005340,2013-06-03,5.744,11.9,3.6,seasonal
MAC005340,2013-06-04,6.132,12.1,3.4,seasonal
MAC005340,2013-06-05,7.444,12.6,2.9,seasonal
MAC005340,2013-06-06,6.415,13.3,2.2,seasonal
MAC005340,2013-06-07,6.998,14.1,1.4,seasonal
MAC005340,2013-06-08,6.749,12.4,3.1,seasonal
MAC005340,2013-06-09,5.12,12.5,3.0,seasonal
MAC005340,2013-06-10,5.842,12.4,3.1,seasonal
MAC005340,2013-06-11,5.627,13.3,2.2,seasonal
MAC005340,2013-06-12,21.914,15.2,0.3,seasonal
MAC005340,2013-06-13,17.22,14.6,0.9,seasonal
MAC005340,2013-06-14,5.692,13.5,2.0,seasonal
MAC005340,2013-06-15,6.141,13.9,1.6,seasonal
MAC005340,2013-06-16,5.863,13.5,2.0,seasonal
MAC005340,2013-06-17,5.478,14.9,0.6,seasonal
MAC005340,2013-06-18,6.186,17.2,0.0,seasonal
MAC005340,2013-06-19,6.124,19.0,0.0,seasonal
MAC005340,2013-06-20,6.41,17.3,0.0,seasonal
MAC005340,2013-06-21,5.478,16.6,0.0,seasonal
MAC005340,2013-06-22,5.158,14.3,1.2,seasonal
MAC005340,2013-06-23,6.988,14.8,0.7,seasonal
MAC005340,2013-06-24,5.784,12.8,2.7,seasonal
MAC005340,2013-06-25,6.841,14.1,1.4,seasonal
MAC005340,2013-06-26,5.624,16.0,0.0,seasonal
MAC005340,2013-06-27,5.677,14.5,1.0,seasonal
MAC005340,2013-06-28,6.752,15.4,0.1,seasonal
MAC005340,2013-06-29,5.523,15.8,0.0,seasonal
MAC005340,2013-06-30,5.273,18.5,0.0,seasonal
MAC005340,2013-07-01,6.358,16.3,0.0,seasonal
MAC005340,2013-07-02,6.18,14.5,1.0,seasonal
MAC005340,2013-07-03,5.37,16.4,0.0,seasonal
MAC005340,2013-07-04,6.107,17.1,0.0,seasonal
MAC005340,2013-07-05,4.947,18.3,0.0,seasonal
MAC005340,2013-07-06,6.856,18.9,0.0,seasonal
MAC005340,2013-07-07,5.665,20.5,0.0,seasonal
MAC005340,2013-07-08,6.335,18.9,0.0,seasonal
MAC005340,2013-07-09,6.294,18.1,0.0,seasonal
MAC005340,2013-07-10,6.542,17.2,0.0,seasonal
MAC005340,2013-07-11,5.823,15.2,0.3,seasonal
MAC005340,2013-07-12,5.78,17.0,0.0,seasonal
MAC005340,2013-07-13,7.088,21.6,0.0,seasonal
MAC005340,2013-07-14,7.135,22.1,0.0,seasonal
MAC005340,2013-07-15,6.677,21.8,0.0,seasonal
MAC005340,2013-07-16,7.486,22.8,0.0,seasonal
MAC005340,2013-07-17,6.126,22.9,0.0,seasonal
MAC005340,2013-07-18,5.917,21.2,0.0,seasonal
MAC005340,2013-07-19,5.885,20.3,0.0,seasonal
MAC005340,2013-07-20,5.998,18.8,0.0,seasonal
MAC005340,2013-07-21,5.883,20.2,0.0,seasonal
MAC005340,2013-07-22,6.545,23.8,0.0,seasonal
MAC005340,2013-07-23,6.313,23.1,0.0,seasonal
MAC005340,2013-07-24,5.456,20.5,0.0,seasonal
MAC005340,2013-07-25,5.951,19.8,0.0,seasonal
MAC005340,2013-07-26,6.74,19.6,0.0,seasonal
MAC005340,2013-07-27,6.72,20.0,0.0,seasonal
MAC005340,2013-07-28,7.042,18.7,0.0,seasonal
MAC005340,2013-07-29,5.748,17.9,0.0,seasonal
MAC005340,2013-07-30,5.872,16.8,0.0,seasonal
MAC005340,2013-07-31,6.222,18.6,0.0,seasonal
MAC005340,2013-08-01,5.665,22.8,0.0,seasonal
MAC005340,2013-08-02,6.142,19.6,0.0,seasonal
MAC005340,2013-08-03,6.54,18.1,0.0,seasonal
MAC005340,2013-08-04,6.69,17.9,0.0,seasonal
MAC005340,2013-08-05,6.152,18.3,0.0,seasonal
MAC005340,2013-08-06,5.485,16.8,0.0,seasonal
MAC005340,2013-08-07,5.657,17.3,0.0,seasonal
MAC005340,2013-08-08,5.713,16.6,0.0,seasonal
MAC005340,2013-08-09,4.913,18.3,0.0,seasonal
MAC005340,2013-08-10,5.892,16.9,0.0,seasonal
MAC005340,2013-08-11,6.267,18.2,0.0,seasonal
MAC005340,2013-08-12,6.057,16.3,0.0,seasonal
MAC005340,2013-08-13,5.756,15.3,0.2,seasonal
MAC005340,2013-08-14,5.579,16.4,0.0,seasonal
MAC005340,2013-08-15,5.535,19.2,0.0,seasonal
MAC005340,2013-08-16,6.128,17.9,0.0,seasonal
MAC005340,2013-08-17,6.076,16.6,0.0,seasonal
MAC005340,2013-08-18,6.925,18.8,0.0,seasonal
MAC005340,2013-08-19,5.595,17.0,0.0,seasonal
MAC005340,2013-08-20,5.464,17.6,0.0,seasonal
MAC005340,2013-08-21,5.839,18.1,0.0,seasonal
MAC005340,2013-08-22,5.424,18.7,0.0,seasonal
MAC005340,2013-08-23,5.597,20.0,0.0,seasonal
MAC005340,2013-08-24,6.454,17.0,0.0,seasonal
MAC005340,2013-08-25,5.472,17.1,0.0,seasonal
MAC005340,2013-08-26,6.218,18.2,0.0,seasonal
MAC005340,2013-08-27,5.41,16.1,0.0,seasonal
MAC005340,2013-08-28,5.446,16.1,0.0,seasonal
MAC005340,2013-08-29,6.476,17.9,0.0,seasonal
MAC005340,2013-08-30,5.368,18.3,0.0,seasonal
MAC005340,2013-08-31,5.873,16.3,0.0,seasonal
MAC005340,2013-09-01,5.065,14.7,0.8,seasonal
MAC005340,2013-09-02,6.167,16.8,0.0,seasonal
MAC005340,2013-09-03,6.114,18.5,0.0,seasonal
MAC005340,2013-09-04,5.648,18.7,0.0,seasonal
MAC005340,2013-09-05,6.344,20.4,0.0,seasonal
MAC005340,2013-09-06,6.073,15.4,0.1,seasonal
MAC005340,2013-09-07,5.571,13.6,1.9,seasonal
MAC005340,2013-09-08,5.923,11.8,3.7,seasonal
MAC005340,2013-09-09,5.845,11.6,3.9,seasonal
MAC005340,2013-09-10,5.559,12.5,3.0,seasonal
MAC005340,2013-09-11,7.182,13.5,2.0,seasonal
MAC005340,2013-09-12,7.03,14.1,1.4,seasonal
MAC005340,2013-09-13,6.382,16.2,0.0,seasonal
MAC005340,2013-09-14,5.953,11.7,3.8,seasonal
MAC005340,2013-09-15,6.376,11.3,4.2,seasonal
MAC005340,2013-09-16,5.995,11.2,4.3,seasonal
MAC005340,2013-09-17,5.42,11.0,4.5,seasonal
MAC005340,2013-09-18,6.027,12.3,3.2,seasonal
MAC005340,2013-09-19,6.114,12.0,3.5,seasonal
MAC005340,2013-09-20,7.431,13.4,2.1,seasonal
MAC005340,2013-09-21,5.358,13.5,2.0,seasonal
MAC005340,2013-09-22,6.219,16.8,0.0,seasonal
MAC005340,2013-09-23,5.645,16.6,0.0,seasonal
MAC005340,2013-09-24,6.101,15.1,0.4,seasonal
MAC005340,2013-09-25,5.729,15.7,0.0,seasonal
MAC005340,2013-09-26,6.369,14.5,1.0,seasonal
MAC005340,2013-09-27,5.906,12.6,2.9,seasonal
MAC005340,2013-09-28,6.037,14.3,1.2,seasonal
MAC005340,2013-09-29,6.164,14.3,1.2,seasonal
MAC005340,2013-09-30,6.438,14.9,0.6,seasonal
MAC005340,2013-10-01,6.013,14.3,1.2,seasonal
MAC005340,2013-10-02,6.684,15.4,0.1,seasonal
MAC005340,2013-10-03,7.434,16.1,0.0,seasonal
MAC005340,2013-10-04,7.682,17.3,0.0,seasonal
MAC005340,2013-10-05,7.261,15.3,0.2,seasonal
MAC005340,2013-10-06,7.42,13.8,1.7,seasonal
MAC005340,2013-10-07,6.561,13.3,2.2,seasonal
MAC005340,2013-10-08,6.417,15.6,0.0,seasonal
MAC005340,2013-10-09,7.693,13.6,1.9,seasonal
MAC005340,2013-10-10,5.388,9.3,6.2,seasonal
MAC005340,2013-10-11,6.293,11.1,4.4,seasonal
MAC005340,2013-10-12,8.304,11.4,4.1,seasonal
MAC005340,2013-10-13,6.3,9.6,5.9,seasonal
MAC005340,2013-10-14,6.087,9.1,6.4,seasonal
MAC005340,2013-10-15,6.46,9.5,6.0,seasonal
MAC005340,2013-10-16,7.307,9.7,5.8,seasonal
MAC005340,2013-10-17,5.939,13.2,2.3,seasonal
MAC005340,2013-10-18,6.188,12.6,2.9,seasonal
MAC005340,2013-10-19,6.975,13.9,1.6,seasonal
MAC005340,2013-10-20,7.008,13.4,2.1,seasonal
MAC005340,2013-10-21,6.198,14.8,0.7,seasonal
MAC005340,2013-10-22,6.393,16.0,0.0,seasonal
MAC005340,2013-10-23,6.558,13.9,1.6,seasonal
MAC005340,2013-10-24,5.813,11.1,4.4,seasonal
MAC005340,2013-10-25,6.371,15.3,0.2,seasonal
MAC005340,2013-10-26,7.364,15.0,0.5,seasonal
MAC005340,2013-10-27,7.56,13.5,2.0,seasonal
MAC005340,2013-10-28,6.158,12.7,2.8,seasonal
MAC005340,2013-10-29,6.298,9.1,6.4,seasonal
MAC005340,2013-10-30,6.124,9.0,6.5,seasonal
MAC005340,2013-10-31,8.476,12.5,3.0,seasonal
MAC005340,2013-11-01,7.595,12.0,3.5,seasonal
MAC005340,2013-11-02,6.368,11.5,4.0,seasonal
MAC005340,2013-11-03,7.477,8.7,6.8,seasonal
MAC005340,2013-11-04,7.672,7.4,8.1,seasonal
MAC005340,2013-11-05,6.949,7.6,7.9,seasonal
MAC005340,2013-11-06,14.679,10.4,5.1,seasonal
MAC005340,2013-11-07,15.007,10.4,5.1,seasonal
MAC005340,2013-11-08,5.668,7.5,8.0,seasonal
MAC005340,2013-11-09,27.122,5.4,10.1,seasonal
MAC005340,2013-11-10,20.158,5.2,10.3,seasonal
MAC005340,2013-11-11,19.881,8.5,7.0,seasonal
MAC005340,2013-11-12,20.611,10.0,5.5,seasonal
MAC005340,2013-11-13,21.277,5.1,10.4,seasonal
MAC005340,2013-11-14,19.307,7.2,8.3,seasonal
MAC005340,2013-11-15,21.685,4.8,10.7,seasonal
MAC005340,2013-11-16,20.132,4.0,11.5,seasonal
MAC005340,2013-11-17,20.324,6.0,9.5,seasonal
MAC005340,2013-11-18,20.368,7.8,7.7,seasonal
MAC005340,2013-11-19,19.149,2.9,12.6,seasonal
MAC005340,2013-11-20,20.929,2.3,13.2,seasonal
MAC005340,2013-11-21,21.64,4.5,11.0,seasonal
MAC005340,2013-11-22,20.187,4.8,10.7,seasonal
MAC005340,2013-11-23,21.026,4.6,10.9,seasonal
MAC005340,2013-11-24,20.998,4.6,10.9,seasonal
MAC005340,2013-11-25,20.403,4.0,11.5,seasonal
MAC005340,2013-11-26,20.12,2.5,13.0,seasonal
MAC005340,2013-11-27,20.143,6.4,9.1,seasonal
MAC005340,2013-11-28,20.465,7.2,8.3,seasonal
MAC005340,2013-11-29,20.769,7.3,8.2,seasonal
MAC005340,2013-11-30,20.052,5.3,10.2,seasonal
MAC005340,2013-12-01,19.438,3.7,11.8,seasonal
MAC005340,2013-12-02,20.464,5.5,10.0,seasonal
MAC005340,2013-12-03,20.890999,3.2,12.3,seasonal
MAC005340,2013-12-04,20.581,4.4,11.1,seasonal
MAC005340,2013-12-05,19.863,4.4,11.1,seasonal
MAC005340,2013-12-06,20.694,4.3,11.2,seasonal
MAC005340,2013-12-07,19.311,5.9,9.6,seasonal
MAC005340,2013-12-08,20.875,7.3,8.2,seasonal
MAC005340,2013-12-09,22.013,6.7,8.8,seasonal
MAC005340,2013-12-10,20.661,3.9,11.6,seasonal
MAC005340,2013-12-11,21.35,2.8,12.7,seasonal
MAC005340,2013-12-12,21.098,5.2,10.3,seasonal
MAC005340,2013-12-13,22.382,8.7,6.8,seasonal
MAC005340,2013-12-14,21.166,7.3,8.2,seasonal
MAC005340,2013-12-15,21.518,10.7,4.8,seasonal
MAC005340,2013-12-16,20.62,11.4,4.1,seasonal
MAC005340,2013-12-17,22.894,6.3,9.2,seasonal
MAC005340,2013-12-18,19.341,8.1,7.4,seasonal
MAC005340,2013-12-19,20.884,6.1,9.4,seasonal
MAC005340,2013-12-20,19.467,5.4,10.1,seasonal
MAC005340,2013-12-21,19.275,10.2,5.3,seasonal
MAC005340,2013-12-22,20.237,7.1,8.4,seasonal
MAC005340,2013-12-23,20.445,8.1,7.4,seasonal
MAC005340,2013-12-24,21.192,8.5,7.0,seasonal
MAC005340,2013-12-25,19.266,4.7,10.8,seasonal
MAC005340,2013-12-26,19.219,4.1,11.4,seasonal
MAC005340,2013-12-27,20.974,9.0,6.5,seasonal
MAC005340,2013-12-28,21.331,4.8,10.7,seasonal
MAC005340,2013-12-29,25.925,2.3,13.2,seasonal
MAC005340,2013-12-30,21.114,7.8,7.7,seasonal
MAC005344,2013-01-01,8.369,5.8,9.7,year_round
MAC005344,2013-01-02,8.661,6.2,9.3,year_round
MAC005344,2013-01-03,8.571,10.2,5.3,year_round
MAC005344,2013-01-04,10.432,8.8,6.7,year_round
MAC005344,2013-01-05,6.77,8.6,6.9,year_round
MAC005344,2013-01-06,10.192,7.0,8.5,year_round
MAC005344,2013-01-07,5.68,7.6,7.9,year_round
MAC005344,2013-01-08,8.375,8.9,6.6,year_round
MAC005344,2013-01-09,6.907,6.8,8.7,year_round
MAC005344,2013-01-10,9.509,1.8,13.7,year_round
MAC005344,2013-01-11,8.446,2.7,12.8,year_round
MAC005344,2013-01-12,3.466,2.7,12.8,year_round
MAC005344,2013-01-13,7.716,1.1,14.4,year_round
MAC005344,2013-01-14,8.134,0.2,15.3,year_round
MAC005344,2013-01-15,9.563,0.6,14.9,year_round
MAC005344,2013-01-16,8.93,-2.2,17.7,year_round
MAC005344,2013-01-17,8.813,-2.2,17.7,year_round
MAC005344,2013-01-18,7.435,-1.4,16.9,year_round
MAC005344,2013-01-19,5.659,-0.2,15.7,year_round
MAC005344,2013-01-20,3.335,-1.2,16.7,year_round
MAC005344,2013-01-21,8.313,-1.5,17.0,year_round
MAC005344,2013-01-22,9.187,-1.5,17.0,year_round
MAC005344,2013-01-23,11.084,0.9,14.6,year_round
MAC005344,2013-01-24,8.802,-0.3,15.8,year_round
MAC005344,2013-01-25,8.41,-1.5,17.0,year_round
MAC005344,2013-01-26,4.953,3.3,12.2,year_round
MAC005344,2013-01-27,12.181,7.6,7.9,year_round
MAC005344,2013-01-28,7.187,5.8,9.7,year_round
MAC005344,2013-01-29,8.893,10.9,4.6,year_round
MAC005344,2013-01-30,12.279,10.1,5.4,year_round
MAC005344,2013-01-31,7.848,8.2,7.3,year_round
MAC005344,2013-02-01,8.137,5.4,10.1,year_round
MAC005344,2013-02-02,7.355,2.7,12.8,year_round
MAC005344,2013-02-03,6.117,3.6,11.9,year_round
MAC005344,2013-02-04,5.756,7.9,7.6,year_round
MAC005344,2013-02-05,6.879,3.6,11.9,year_round
MAC005344,2013-02-06,7.649,3.5,12.0,year_round
MAC005344,2013-02-07,7.751,1.9,13.6,year_round
MAC005344,2013-02-08,7.744,1.2,14.3,year_round
MAC005344,2013-02-09,7.886,1.6,13.9,year_round
MAC005344,2013-02-10,6.752,2.6,12.9,year_round
MAC005344,2013-02-11,7.999,1.1,14.4,year_round
MAC005344,2013-02-12,6.143,1.1,14.4,year_round
MAC005344,2013-02-13,7.922,0.5,15.0,year_round
MAC005344,2013-02-14,9.157,6.5,9.0,year_round
MAC005344,2013-02-15,6.529,4.4,11.1,year_round
MAC005344,2013-02-16,4.855,5.0,10.5,year_round
MAC005344,2013-02-17,7.855,3.5,12.0,year_round
MAC005344,2013-02-18,12.324,3.3,12.2,year_round
MAC005344,2013-02-19,5.259,0.8,14.7,year_round
MAC005344,2013-02-20,5.987,2.0,13.5,year_round
MAC005344,2013-02-21,5.698,0.7,14.8,year_round
MAC005344,2013-02-22,5.667,0.3,15.2,year_round
MAC005344,2013-02-23,10.009,0.3,15.2,year_round
MAC005344,2013-02-24,3.909,0.4,15.1,year_round
MAC005344,2013-02-25,6.786,2.5,13.0,year_round
MAC005344,2013-02-26,5.717,3.5,12.0,year_round
MAC005344,2013-02-27,6.941,3.0,12.5,year_round
MAC005344,2013-02-28,6.357,3.5,12.0,year_round
MAC005344,2013-03-01,9.34,3.9,11.6,year_round
MAC005344,2013-03-02,7.484,2.3,13.2,year_round
MAC005344,2013-03-03,6.402,2.6,12.9,year_round
MAC005344,2013-03-04,8.807,3.6,11.9,year_round
MAC005344,2013-03-05,8.735,5.8,9.7,year_round
MAC005344,2013-03-06,9.209,7.4,8.1,year_round
MAC005344,2013-03-07,6.816,8.0,7.5,year_round
MAC005344,2013-03-08,6.887,8.5,7.0,year_round
MAC005344,2013-03-09,8.371,6.0,9.5,year_round
MAC005344,2013-03-10,3.811,2.1,13.4,year_round
MAC005344,2013-03-11,9.244,-0.2,15.7,year_round
MAC005344,2013-03-12,6.957,0.1,15.4,year_round
MAC005344,2013-03-13,7.902,1.9,13.6,year_round
MAC005344,2013-03-14,7.403,1.0,14.5,year_round
MAC005344,2013-03-15,7.41,4.3,11.2,year_round
MAC005344,2013-03-16,7.474,6.1,9.4,year_round
MAC005344,2013-03-17,6.606,4.7,10.8,year_round
MAC005344,2013-03-18,6.642,3.2,12.3,year_round
MAC005344,2013-03-19,7.991,3.3,12.2,year_round
MAC005344,2013-03-20,8.762,3.2,12.3,year_round
MAC005344,2013-03-21,6.793,3.1,12.4,year_round
MAC005344,2013-03-22,8.279,3.2,12.3,year_round
MAC005344,2013-03-23,6.54,1.6,13.9,year_round
MAC005344,2013-03-24,8.41,0.1,15.4,year_round
MAC005344,2013-03-25,6.681,0.4,15.1,year_round
MAC005344,2013-03-26,5.796,0.3,15.2,year_round
MAC005344,2013-03-27,7.067,0.8,14.7,year_round
MAC005344,2013-03-28,11.313,1.0,14.5,year_round
MAC005344,2013-03-29,6.525,0.2,15.3,year_round
MAC005344,2013-03-30,7.551,1.2,14.3,year_round
MAC005344,2013-03-31,3.835,0.5,15.0,year_round
MAC005344,2013-04-01,7.063,1.8,13.7,year_round
MAC005344,2013-04-02,5.89,2.6,12.9,year_round
MAC005344,2013-04-03,11.541,1.7,13.8,year_round
MAC005344,2013-04-04,9.931,1.9,13.6,year_round
MAC005344,2013-04-05,3.199,3.3,12.2,year_round
MAC005344,2013-04-06,3.383,3.5,12.0,year_round
MAC005344,2013-04-07,2.92,3.2,12.3,year_round
MAC005344,2013-04-08,3.057,4.9,10.6,year_round
MAC005344,2013-04-09,2.805,4.8,10.7,year_round
MAC005344,2013-04-10,3.316,6.1,9.4,year_round
MAC005344,2013-04-11,2.863,7.1,8.4,year_round
MAC005344,2013-04-12,3.17,8.4,7.1,year_round
MAC005344,2013-04-13,2.988,8.2,7.3,year_round
MAC005344,2013-04-14,2.915,13.4,2.1,year_round
MAC005344,2013-04-15,3.111,11.5,4.0,year_round
MAC005344,2013-04-16,2.892,11.3,4.2,year_round
MAC005344,2013-04-17,2.95,11.8,3.7,year_round
MAC005344,2013-04-18,2.651,10.1,5.4,year_round
MAC005344,2013-04-19,3.291,8.4,7.1,year_round
MAC005344,2013-04-20,2.995,5.9,9.6,year_round
MAC005344,2013-04-21,2.825,7.0,8.5,year_round
MAC005344,2013-04-22,2.769,9.3,6.2,year_round
MAC005344,2013-04-23,3.189,13.1,2.4,year_round
MAC005344,2013-04-24,2.493,12.5,3.0,year_round
MAC005344,2013-04-25,3.218,14.2,1.3,year_round
MAC005344,2013-04-26,2.653,8.9,6.6,year_round
MAC005344,2013-04-27,2.903,6.0,9.5,year_round
MAC005344,2013-04-28,3.214,6.2,9.3,year_round
MAC005344,2013-04-29,2.661,9.2,6.3,year_round
MAC005344,2013-04-30,2.96,7.9,7.6,year_round
MAC005344,2013-05-01,2.763,8.4,7.1,year_round
MAC005344,2013-05-02,2.801,9.1,6.4,year_round
MAC005344,2013-05-03,2.824,11.1,4.4,year_round
MAC005344,2013-05-04,3.283,10.9,4.6,year_round
MAC005344,2013-05-05,2.681,11.4,4.1,year_round
MAC005344,2013-05-06,2.632,13.2,2.3,year_round
MAC005344,2013-05-07,2.676,13.8,1.7,year_round
MAC005344,2013-05-08,3.253,12.9,2.6,year_round
MAC005344,2013-05-09,2.969,10.5,5.0,year_round
MAC005344,2013-05-10,3.102,12.4,3.1,year_round
MAC005344,2013-05-11,2.943,10.4,5.1,year_round
MAC005344,2013-05-12,2.81,9.6,5.9,year_round
MAC005344,2013-05-13,3.205,11.0,4.5,year_round
MAC005344,2013-05-14,3.092,8.6,6.9,year_round
MAC005344,2013-05-15,2.76,9.1,6.4,year_round
MAC005344,2013-05-16,2.748,9.5,6.0,year_round
MAC005344,2013-05-17,3.188,9.1,6.4,year_round
MAC005344,2013-05-18,3.197,10.9,4.6,year_round
MAC005344,2013-05-19,2.617,12.7,2.8,year_round
MAC005344,2013-05-20,3.14,13.4,2.1,year_round
MAC005344,2013-05-21,2.913,12.9,2.6,year_round
MAC005344,2013-05-22,2.427,11.4,4.1,year_round
MAC005344,2013-05-23,2.722,8.1,7.4,year_round
MAC005344,2013-05-24,3.322,7.1,8.4,year_round
MAC005344,2013-05-25,2.962,9.5,6.0,year_round
MAC005344,2013-05-26,2.842,11.5,4.0,year_round
MAC005344,2013-05-27,2.96,11.0,4.5,year_round
MAC005344,2013-05-28,2.539,10.8,4.7,year_round
MAC005344,2013-05-29,2.871,10.7,4.8,year_round
MAC005344,2013-05-30,2.807,12.4,3.1,year_round
MAC005344,2013-05-31,2.774,14.5,1.0,year_round
MAC005344,2013-06-01,3.188,12.9,2.6,year_round
MAC005344,2013-06-02,2.917,12.8,2.7,year_round
MAC005344,2013-06-03,2.263,11.9,3.6,year_round
MAC005344,2013-06-04,2.757,12.1,3.4,year_round
MAC005344,2013-06-05,3.204,12.6,2.9,year_round
MAC005344,2013-06-06,2.426,13.3,2.2,year_round
MAC005344,2013-06-07,3.197,14.1,1.4,year_round
MAC005344,2013-06-08,2.7,12.4,3.1,year_round
MAC005344,2013-06-09,3.124,12.5,3.0,year_round
MAC005344,2013-06-10,2.942,12.4,3.1,year_round
MAC005344,2013-06-11,2.668,13.3,2.2,year_round
MAC005344,2013-06-12,2.637,15.2,0.3,year_round
MAC005344,2013-06-13,0.213,14.6,0.9,year_round
MAC005344,2013-06-14,0.0,13.5,2.0,year_round
MAC005344,2013-06-15,0.0,13.9,1.6,year_round
MAC005344,2013-06-16,0.025,13.5,2.0,year_round
MAC005344,2013-06-17,8.582,14.9,0.6,year_round
MAC005344,2013-06-18,3.153,17.2,0.0,year_round
MAC005344,2013-06-19,3.6,19.0,0.0,year_round
MAC005344,2013-06-20,2.809,17.3,0.0,year_round
MAC005344,2013-06-21,2.713,16.6,0.0,year_round
MAC005344,2013-06-22,2.775,14.3,1.2,year_round
MAC005344,2013-06-23,3.076,14.8,0.7,year_round
MAC005344,2013-06-24,2.66,12.8,2.7,year_round
MAC005344,2013-06-25,2.904,14.1,1.4,year_round
MAC005344,2013-06-26,2.453,16.0,0.0,year_round
MAC005344,2013-06-27,3.279,14.5,1.0,year_round
MAC005344,2013-06-28,2.617,15.4,0.1,year_round
MAC005344,2013-06-29,3.372,15.8,0.0,year_round
MAC005344,2013-06-30,4.777,18.5,0.0,year_round
MAC005344,2013-07-01,4.137,16.3,0.0,year_round
MAC005344,2013-07-02,5.326,14.5,1.0,year_round
MAC005344,2013-07-03,7.265,16.4,0.0,year_round
MAC005344,2013-07-04,5.796,17.1,0.0,year_round
MAC005344,2013-07-05,5.896,18.3,0.0,year_round
MAC005344,2013-07-06,4.825,18.9,0.0,year_round
MAC005344,2013-07-07,4.198,20.5,0.0,year_round
MAC005344,2013-07-08,4.838,18.9,0.0,year_round
MAC005344,2013-07-09,6.086,18.1,0.0,year_round
MAC005344,2013-07-10,5.521,17.2,0.0,year_round
MAC005344,2013-07-11,7.377,15.2,0.3,year_round
MAC005344,2013-07-12,4.85,17.0,0.0,year_round
MAC005344,2013-07-13,6.489,21.6,0.0,year_round
MAC005344,2013-07-14,3.806,22.1,0.0,year_round
MAC005344,2013-07-15,7.578,21.8,0.0,year_round
MAC005344,2013-07-16,4.383,22.8,0.0,year_round
MAC005344,2013-07-17,4.457,22.9,0.0,year_round
MAC005344,2013-07-18,4.167,21.2,0.0,year_round
MAC005344,2013-07-19,6.749,20.3,0.0,year_round
MAC005344,2013-07-20,3.984,18.8,0.0,year_round
MAC005344,2013-07-21,7.457,20.2,0.0,year_round
MAC005344,2013-07-22,4.454,23.8,0.0,year_round
MAC005344,2013-07-23,7.088,23.1,0.0,year_round
MAC005344,2013-07-24,4.696,20.5,0.0,year_round
MAC005344,2013-07-25,4.402,19.8,0.0,year_round
MAC005344,2013-07-26,4.839,19.6,0.0,year_round
MAC005344,2013-07-27,6.03,20.0,0.0,year_round
MAC005344,2013-07-28,4.883,18.7,0.0,year_round
MAC005344,2013-07-29,3.868,17.9,0.0,year_round
MAC005344,2013-07-30,7.065,16.8,0.0,year_round
MAC005344,2013-07-31,4.938,18.6,0.0,year_round
MAC005344,2013-08-01,6.2,22.8,0.0,year_round
MAC005344,2013-08-02,5.691,19.6,0.0,year_round
MAC005344,2013-08-03,5.468,18.1,0.0,year_round
MAC005344,2013-08-04,5.282,17.9,0.0,year_round
MAC005344,2013-08-05,6.362,18.3,0.0,year_round
MAC005344,2013-08-06,4.653,16.8,0.0,year_round
MAC005344,2013-08-07,4.718,17.3,0.0,year_round
MAC005344,2013-08-08,6.218,16.6,0.0,year_round
MAC005344,2013-08-09,3.964,18.3,0.0,year_round
MAC005344,2013-08-10,6.196,16.9,0.0,year_round
MAC005344,2013-08-11,4.136,18.2,0.0,year_round
MAC005344,2013-08-12,4.659,16.3,0.0,year_round
MAC005344,2013-08-13,4.233,15.3,0.2,year_round
MAC005344,2013-08-14,5.588,16.4,0.0,year_round
MAC005344,2013-08-15,4.376,19.2,0.0,year_round
MAC005344,2013-08-16,6.188,17.9,0.0,year_round
MAC005344,2013-08-17,4.48,16.6,0.0,year_round
MAC005344,2013-08-18,7.36,18.8,0.0,year_round
MAC005344,2013-08-19,4.58,17.0,0.0,year_round
MAC005344,2013-08-20,4.499,17.6,0.0,year_round
MAC005344,2013-08-21,4.506,18.1,0.0,year_round
MAC005344,2013-08-22,4.027,18.7,0.0,year_round
MAC005344,2013-08-23,6.635,20.0,0.0,year_round
MAC005344,2013-08-24,3.843,17.0,0.0,year_round
MAC005344,2013-08-25,6.662,17.1,0.0,year_round
MAC005344,2013-08-26,7.014,18.2,0.0,year_round
MAC005344,2013-08-27,4.127,16.1,0.0,year_round
MAC005344,2013-08-28,6.712,16.1,0.0,year_round
MAC005344,2013-08-29,4.241,17.9,0.0,year_round
MAC005344,2013-08-30,4.31,18.3,0.0,year_round
MAC005344,2013-08-31,5.703,16.3,0.0,year_round
MAC005344,2013-09-01,4.399,14.7,0.8,year_round
MAC005344,2013-09-02,7.521,16.8,0.0,year_round
MAC005344,2013-09-03,5.308,18.5,0.0,year_round
MAC005344,2013-09-04,5.289,18.7,0.0,year_round
MAC005344,2013-09-05,5.501,20.4,0.0,year_round
MAC005344,2013-09-06,5.016,15.4,0.1,year_round
MAC005344,2013-09-07,6.112,13.6,1.9,year_round
MAC005344,2013-09-08,5.052,11.8,3.7,year_round
MAC005344,2013-09-09,7.395,11.6,3.9,year_round
MAC005344,2013-09-10,4.756,12.5,3.0,year_round
MAC005344,2013-09-11,4.721,13.5,2.0,year_round
MAC005344,2013-09-12,4.394,14.1,1.4,year_round
MAC005344,2013-09-13,4.531,16.2,0.0,year_round
MAC005344,2013-09-14,7.11,11.7,3.8,year_round
MAC005344,2013-09-15,4.129,11.3,4.2,year_round
MAC005344,2013-09-16,4.932,11.2,4.3,year_round
MAC005344,2013-09-17,4.877,11.0,4.5,year_round
MAC005344,2013-09-18,7.422,12.3,3.2,year_round
MAC005344,2013-09-19,5.1,12.0,3.5,year_round
MAC005344,2013-09-20,4.621,13.4,2.1,year_round
MAC005344,2013-09-21,4.465,13.5,2.0,year_round
MAC005344,2013-09-22,4.65,16.8,0.0,year_round
MAC005344,2013-09-23,5.481,16.6,0.0,year_round
MAC005344,2013-09-24,6.61,15.1,0.4,year_round
MAC005344,2013-09-25,3.653,15.7,0.0,year_round
MAC005344,2013-09-26,4.309,14.5,1.0,year_round
MAC005344,2013-09-27,6.909,12.6,2.9,year_round
MAC005344,2013-09-28,3.988,14.3,1.2,year_round
MAC005344,2013-09-29,4.579,14.3,1.2,year_round
MAC005344,2013-09-30,4.699,14.9,0.6,year_round
MAC005344,2013-10-01,6.43,14.3,1.2,year_round
MAC005344,2013-10-02,4.263,15.4,0.1,year_round
MAC005344,2013-10-03,5.124,16.1,0.0,year_round
MAC005344,2013-10-04,6.041,17.3,0.0,year_round
MAC005344,2013-10-05,5.548,15.3,0.2,year_round
MAC005344,2013-10-06,4.694,13.8,1.7,year_round
MAC005344,2013-10-07,4.741,13.3,2.2,year_round
MAC005344,2013-10-08,6.106,15.6,0.0,year_round
MAC005344,2013-10-09,3.534,13.6,1.9,year_round
MAC005344,2013-10-10,5.797,9.3,6.2,year_round
MAC005344,2013-10-11,6.147,11.1,4.4,year_round
MAC005344,2013-10-12,5.135,11.4,4.1,year_round
MAC005344,2013-10-13,5.656,9.6,5.9,year_round
MAC005344,2013-10-14,7.621,9.1,6.4,year_round
MAC005344,2013-10-15,4.9,9.5,6.0,year_round
MAC005344,2013-10-16,5.884,9.7,5.8,year_round
MAC005344,2013-10-17,5.54,13.2,2.3,year_round
MAC005344,2013-10-18,6.958,12.6,2.9,year_round
MAC005344,2013-10-19,3.34,13.9,1.6,year_round
MAC005344,2013-10-20,6.092,13.4,2.1,year_round
MAC005344,2013-10-21,3.637,14.8,0.7,year_round
MAC005344,2013-10-22,6.204,16.0,0.0,year_round
MAC005344,2013-10-23,4.601,13.9,1.6,year_round
MAC005344,2013-10-24,6.236,11.1,4.4,year_round
MAC005344,2013-10-25,6.118,15.3,0.2,year_round
MAC005344,2013-10-26,4.337,15.0,0.5,year_round
MAC005344,2013-10-27,7.042,13.5,2.0,year_round
MAC005344,2013-10-28,4.382,12.7,2.8,year_round
MAC005344,2013-10-29,6.488,9.1,6.4,year_round
MAC005344,2013-10-30,5.429,9.0,6.5,year_round
MAC005344,2013-10-31,4.828,12.5,3.0,year_round
MAC005344,2013-11-01,5.11,12.0,3.5,year_round
MAC005344,2013-11-02,4.65,11.5,4.0,year_round
MAC005344,2013-11-03,7.952,8.7,6.8,year_round
MAC005344,2013-11-04,4.383,7.4,8.1,year_round
MAC005344,2013-11-05,8.025,7.6,7.9,year_round
MAC005344,2013-11-06,14.217,10.4,5.1,year_round
MAC005344,2013-11-07,18.848,10.4,5.1,year_round
MAC005344,2013-11-08,19.492,7.5,8.0,year_round
MAC005344,2013-11-09,12.933,5.4,10.1,year_round
MAC005344,2013-11-10,17.195,5.2,10.3,year_round
MAC005344,2013-11-11,14.265,8.5,7.0,year_round
MAC005344,2013-11-12,18.639,10.0,5.5,year_round
MAC005344,2013-11-13,40.476,5.1,10.4,year_round
MAC005344,2013-11-14,15.163,7.2,8.3,year_round
MAC005344,2013-11-15,19.747,4.8,10.7,year_round
MAC005344,2013-11-16,11.574,4.0,11.5,year_round
MAC005344,2013-11-17,19.639,6.0,9.5,year_round
MAC005344,2013-11-18,36.961,7.8,7.7,year_round
MAC005344,2013-11-19,36.307,2.9,12.6,year_round
MAC005344,2013-11-20,31.872,2.3,13.2,year_round
MAC005344,2013-11-21,34.715,4.5,11.0,year_round
MAC005344,2013-11-22,31.679,4.8,10.7,year_round
MAC005344,2013-11-23,33.943,4.6,10.9,year_round
MAC005344,2013-11-24,30.870001,4.6,10.9,year_round
MAC005344,2013-11-25,26.612,4.0,11.5,year_round
MAC005344,2013-11-26,32.747001,2.5,13.0,year_round
MAC005344,2013-11-27,32.809,6.4,9.1,year_round
MAC005344,2013-11-28,31.151,7.2,8.3,year_round
MAC005344,2013-11-29,34.299,7.3,8.2,year_round
MAC005344,2013-11-30,33.575,5.3,10.2,year_round
MAC005344,2013-12-01,31.158,3.7,11.8,year_round
MAC005344,2013-12-02,29.299,5.5,10.0,year_round
MAC005344,2013-12-03,34.405,3.2,12.3,year_round
MAC005344,2013-12-04,32.634,4.4,11.1,year_round
MAC005344,2013-12-05,34.797999,4.4,11.1,year_round
MAC005344,2013-12-06,31.749,4.3,11.2,year_round
MAC005344,2013-12-07,31.619,5.9,9.6,year_round
MAC005344,2013-12-08,11.764,7.3,8.2,year_round
MAC005344,2013-12-09,14.751,6.7,8.8,year_round
MAC005344,2013-12-10,34.549,3.9,11.6,year_round
MAC005344,2013-12-11,33.94,2.8,12.7,year_round
MAC005344,2013-12-12,30.574,5.2,10.3,year_round
MAC005344,2013-12-13,23.526,8.7,6.8,year_round
MAC005344,2013-12-14,34.094,7.3,8.2,year_round
MAC005344,2013-12-15,33.377,10.7,4.8,year_round
MAC005344,2013-12-16,31.48,11.4,4.1,year_round
MAC005344,2013-12-17,27.081,6.3,9.2,year_round
MAC005344,2013-12-18,25.918,8.1,7.4,year_round
MAC005344,2013-12-19,30.174,6.1,9.4,year_round
MAC005344,2013-12-20,33.767,5.4,10.1,year_round
MAC005344,2013-12-21,33.524,10.2,5.3,year_round
MAC005344,2013-12-22,35.047,7.1,8.4,year_round
MAC005344,2013-12-23,32.988,8.1,7.4,year_round
MAC005344,2013-12-24,31.889999,8.5,7.0,year_round
MAC005344,2013-12-25,31.759,4.7,10.8,year_round
MAC005344,2013-12-26,31.643,4.1,11.4,year_round
MAC005344,2013-12-27,28.74,9.0,6.5,year_round
MAC005344,2013-12-28,33.125,4.8,10.7,year_round
MAC005344,2013-12-29,32.956,2.3,13.2,year_round
MAC005344,2013-12-30,34.776,7.8,7.7,year_round
MAC005345,2013-01-01,16.801,5.8,9.7,seasonal
MAC005345,2013-01-02,17.121,6.2,9.3,seasonal
MAC005345,2013-01-03,17.166,10.2,5.3,seasonal
MAC005345,2013-01-04,16.545,8.8,6.7,seasonal
MAC005345,2013-01-05,19.067,8.6,6.9,seasonal
MAC005345,2013-01-06,16.971,7.0,8.5,seasonal
MAC005345,2013-01-07,16.067,7.6,7.9,seasonal
MAC005345,2013-01-08,15.68,8.9,6.6,seasonal
MAC005345,2013-01-09,16.483,6.8,8.7,seasonal
MAC005345,2013-01-10,18.063,1.8,13.7,seasonal
MAC005345,2013-01-11,17.143,2.7,12.8,seasonal
MAC005345,2013-01-12,17.58,2.7,12.8,seasonal
MAC005345,2013-01-13,18.755,1.1,14.4,seasonal
MAC005345,2013-01-14,17.818,0.2,15.3,seasonal
MAC005345,2013-01-15,17.809,0.6,14.9,seasonal
MAC005345,2013-01-16,17.617,-2.2,17.7,seasonal
MAC005345,2013-01-17,17.321,-2.2,17.7,seasonal
MAC005345,2013-01-18,18.456,-1.4,16.9,seasonal
MAC005345,2013-01-19,18.019,-0.2,15.7,seasonal
MAC005345,2013-01-20,16.908,-1.2,16.7,seasonal
MAC005345,2013-01-21,16.541,-1.5,17.0,seasonal
MAC005345,2013-01-22,19.678,-1.5,17.0,seasonal
MAC005345,2013-01-23,18.657,0.9,14.6,seasonal
MAC005345,2013-01-24,17.473,-0.3,15.8,seasonal
MAC005345,2013-01-25,17.992,-1.5,17.0,seasonal
MAC005345,2013-01-26,18.849,3.3,12.2,seasonal
MAC005345,2013-01-27,17.682,7.6,7.9,seasonal
MAC005345,2013-01-28,17.234,5.8,9.7,seasonal
MAC005345,2013-01-29,18.100001,10.9,4.6,seasonal
MAC005345,2013-01-30,18.326,10.1,5.4,seasonal
MAC005345,2013-01-31,18.28,8.2,7.3,seasonal
MAC005345,2013-02-01,17.368,5.4,10.1,seasonal
MAC005345,2013-02-02,18.045,2.7,12.8,seasonal
MAC005345,2013-02-03,17.672,3.6,11.9,seasonal
MAC005345,2013-02-04,17.378,7.9,7.6,seasonal
MAC005345,2013-02-05,17.816,3.6,11.9,seasonal
MAC005345,2013-02-06,21.959,3.5,12.0,seasonal
MAC005345,2013-02-07,17.353,1.9,13.6,seasonal
MAC005345,2013-02-08,17.311,1.2,14.3,seasonal
MAC005345,2013-02-09,16.084,1.6,13.9,seasonal
MAC005345,2013-02-10,18.197,2.6,12.9,seasonal
MAC005345,2013-02-11,17.349,1.1,14.4,seasonal
MAC005345,2013-02-12,21.071,1.1,14.4,seasonal
MAC005345,2013-02-13,18.996,0.5,15.0,seasonal
MAC005345,2013-02-14,16.436,6.5,9.0,seasonal
MAC005345,2013-02-15,16.685,4.4,11.1,seasonal
MAC005345,2013-02-16,16.942,5.0,10.5,seasonal
MAC005345,2013-02-17,20.31,3.5,12.0,seasonal
MAC005345,2013-02-18,17.056,3.3,12.2,seasonal
MAC005345,2013-02-19,15.755,0.8,14.7,seasonal
MAC005345,2013-02-20,17.41,2.0,13.5,seasonal
MAC005345,2013-02-21,17.197,0.7,14.8,seasonal
MAC005345,2013-02-22,10.884,0.3,15.2,seasonal
MAC005345,2013-02-23,12.221,0.3,15.2,seasonal
MAC005345,2013-02-24,11.962,0.4,15.1,seasonal
MAC005345,2013-02-25,11.849,2.5,13.0,seasonal
MAC005345,2013-02-26,11.681,3.5,12.0,seasonal
MAC005345,2013-02-27,11.686,3.0,12.5,seasonal
MAC005345,2013-02-28,12.108,3.5,12.0,seasonal
MAC005345,2013-03-01,10.813,3.9,11.6,seasonal
MAC005345,2013-03-02,11.48,2.3,13.2,seasonal
MAC005345,2013-03-03,11.425,2.6,12.9,seasonal
MAC005345,2013-03-04,12.883,3.6,11.9,seasonal
MAC005345,2013-03-05,10.121,5.8,9.7,seasonal
MAC005345,2013-03-06,12.299,7.4,8.1,seasonal
MAC005345,2013-03-07,23.898,8.0,7.5,seasonal
MAC005345,2013-03-08,15.353,8.5,7.0,seasonal
MAC005345,2013-03-09,11.618,6.0,9.5,seasonal
MAC005345,2013-03-10,12.558,2.1,13.4,seasonal
MAC005345,2013-03-11,12.247,-0.2,15.7,seasonal
MAC005345,2013-03-12,11.608,0.1,15.4,seasonal
MAC005345,2013-03-13,25.451,1.9,13.6,seasonal
MAC005345,2013-03-14,16.758,1.0,14.5,seasonal
MAC005345,2013-03-15,12.785,4.3,11.2,seasonal
MAC005345,2013-03-16,12.243,6.1,9.4,seasonal
MAC005345,2013-03-17,11.661,4.7,10.8,seasonal
MAC005345,2013-03-18,12.195,3.2,12.3,seasonal
MAC005345,2013-03-19,10.826,3.3,12.2,seasonal
MAC005345,2013-03-20,10.599,3.2,12.3,seasonal
MAC005345,2013-03-21,12.766,3.1,12.4,seasonal
MAC005345,2013-03-22,11.913,3.2,12.3,seasonal
MAC005345,2013-03-23,26.793,1.6,13.9,seasonal
MAC005345,2013-03-24,11.372,0.1,15.4,seasonal
MAC005345,2013-03-25,11.93,0.4,15.1,seasonal
MAC005345,2013-03-26,12.641,0.3,15.2,seasonal
MAC005345,2013-03-27,11.248,0.8,14.7,seasonal
MAC005345,2013-03-28,12.112,1.0,14.5,seasonal
MAC005345,2013-03-29,11.576,0.2,15.3,seasonal
MAC005345,2013-03-30,25.824,1.2,14.3,seasonal
MAC005345,2013-03-31,11.475,0.5,15.0,seasonal
MAC005345,2013-04-01,11.648,1.8,13.7,seasonal
MAC005345,2013-04-02,13.231,2.6,12.9,seasonal
MAC005345,2013-04-03,12.498,1.7,13.8,seasonal
MAC005345,2013-04-04,12.153,1.9,13.6,seasonal
MAC005345,2013-04-05,13.286,3.3,12.2,seasonal
MAC005345,2013-04-06,11.366,3.5,12.0,seasonal
MAC005345,2013-04-07,11.999,3.2,12.3,seasonal
MAC005345,2013-04-08,12.537,4.9,10.6,seasonal
MAC005345,2013-04-09,24.257,4.8,10.7,seasonal
MAC005345,2013-04-10,10.297,6.1,9.4,seasonal
MAC005345,2013-04-11,21.522,7.1,8.4,seasonal
MAC005345,2013-04-12,11.623,8.4,7.1,seasonal
MAC005345,2013-04-13,12.053,8.2,7.3,seasonal
MAC005345,2013-04-14,24.683,13.4,2.1,seasonal
MAC005345,2013-04-15,11.712,11.5,4.0,seasonal
MAC005345,2013-04-16,9.898,11.3,4.2,seasonal
MAC005345,2013-04-17,23.509,11.8,3.7,seasonal
MAC005345,2013-04-18,22.215,10.1,5.4,seasonal
MAC005345,2013-04-19,15.316,8.4,7.1,seasonal
MAC005345,2013-04-20,16.809,5.9,9.6,seasonal
MAC005345,2013-04-21,9.317,7.0,8.5,seasonal
MAC005345,2013-04-22,11.221,9.3,6.2,seasonal
MAC005345,2013-04-23,11.711,13.1,2.4,seasonal
MAC005345,2013-04-24,0.695,12.5,3.0,seasonal
MAC005345,2013-04-25,0.446,14.2,1.3,seasonal
MAC005345,2013-04-26,0.585,8.9,6.6,seasonal
MAC005345,2013-04-27,13.567,6.0,9.5,seasonal
MAC005345,2013-04-28,0.584,6.2,9.3,seasonal
MAC005345,2013-04-29,0.642,9.2,6.3,seasonal
MAC005345,2013-04-30,12.116,7.9,7.6,seasonal
MAC005345,2013-05-01,6.704,8.4,7.1,seasonal
MAC005345,2013-05-02,6.655,9.1,6.4,seasonal
MAC005345,2013-05-03,6.079,11.1,4.4,seasonal
MAC005345,2013-05-04,7.483,10.9,4.6,seasonal
MAC005345,2013-05-05,7.609,11.4,4.1,seasonal
MAC005345,2013-05-06,6.448,13.2,2.3,seasonal
MAC005345,2013-05-07,0.548,13.8,1.7,seasonal
MAC005345,2013-05-08,0.649,12.9,2.6,seasonal
MAC005345,2013-05-09,11.584,10.5,5.0,seasonal
MAC005345,2013-05-10,0.572,12.4,3.1,seasonal
MAC005345,2013-05-11,9.371,10.4,5.1,seasonal
MAC005345,2013-05-12,6.478,9.6,5.9,seasonal
MAC005345,2013-05-13,6.144,11.0,4.5,seasonal
MAC005345,2013-05-14,8.141,8.6,6.9,seasonal
MAC005345,2013-05-15,6.108,9.1,6.4,seasonal
MAC005345,2013-05-16,0.456,9.5,6.0,seasonal
MAC005345,2013-05-17,14.781,9.1,6.4,seasonal
MAC005345,2013-05-18,6.405,10.9,4.6,seasonal
MAC005345,2013-05-19,5.452,12.7,2.8,seasonal
MAC005345,2013-05-20,5.971,13.4,2.1,seasonal
MAC005345,2013-05-21,0.709,12.9,2.6,seasonal
MAC005345,2013-05-22,0.509,11.4,4.1,seasonal
MAC005345,2013-05-23,0.445,8.1,7.4,seasonal
MAC005345,2013-05-24,0.363,7.1,8.4,seasonal
MAC005345,2013-05-25,4.862,9.5,6.0,seasonal
MAC005345,2013-05-26,10.761,11.5,4.0,seasonal
MAC005345,2013-05-27,6.264,11.0,4.5,seasonal
MAC005345,2013-05-28,5.627,10.8,4.7,seasonal
MAC005345,2013-05-29,7.269,10.7,4.8,seasonal
MAC005345,2013-05-30,6.331,12.4,3.1,seasonal
MAC005345,2013-05-31,5.703,14.5,1.0,seasonal
MAC005345,2013-06-01,5.486,12.9,2.6,seasonal
MAC005345,2013-06-02,7.248,12.8,2.7,seasonal
MAC005345,2013-06-03,0.49,11.9,3.6,seasonal
MAC005345,2013-06-04,8.694,12.1,3.4,seasonal
MAC005345,2013-06-05,0.721,12.6,2.9,seasonal
MAC005345,2013-06-06,9.984,13.3,2.2,seasonal
MAC005345,2013-06-07,0.561,14.1,1.4,seasonal
MAC005345,2013-06-08,0.51,12.4,3.1,seasonal
MAC005345,2013-06-09,0.591,12.5,3.0,seasonal
MAC005345,2013-06-10,13.458,12.4,3.1,seasonal
MAC005345,2013-06-11,0.497,13.3,2.2,seasonal
MAC005345,2013-06-12,0.487,15.2,0.3,seasonal
MAC005345,2013-06-13,11.853,14.6,0.9,seasonal
MAC005345,2013-06-14,0.364,13.5,2.0,seasonal
MAC005345,2013-06-15,9.442,13.9,1.6,seasonal
MAC005345,2013-06-16,0.625,13.5,2.0,seasonal
MAC005345,2013-06-17,0.689,14.9,0.6,seasonal
MAC005345,2013-06-18,11.758,17.2,0.0,seasonal
MAC005345,2013-06-19,6.406,19.0,0.0,seasonal
MAC005345,2013-06-20,0.674,17.3,0.0,seasonal
MAC005345,2013-06-21,0.639,16.6,0.0,seasonal
MAC005345,2013-06-22,0.63,14.3,1.2,seasonal
MAC005345,2013-06-23,11.714,14.8,0.7,seasonal
MAC005345,2013-06-24,0.648,12.8,2.7,seasonal
MAC005345,2013-06-25,9.258,14.1,1.4,seasonal
MAC005345,2013-06-26,5.797,16.0,0.0,seasonal
MAC005345,2013-06-27,0.617,14.5,1.0,seasonal
MAC005345,2013-06-28,0.696,15.4,0.1,seasonal
MAC005345,2013-06-29,0.401,15.8,0.0,seasonal
MAC005345,2013-06-30,10.645,18.5,0.0,seasonal
MAC005345,2013-07-01,5.869,16.3,0.0,seasonal
MAC005345,2013-07-02,5.986,14.5,1.0,seasonal
MAC005345,2013-07-03,5.359,16.4,0.0,seasonal
MAC005345,2013-07-04,6.908,17.1,0.0,seasonal
MAC005345,2013-07-05,5.472,18.3,0.0,seasonal
MAC005345,2013-07-06,7.082,18.9,0.0,seasonal
MAC005345,2013-07-07,0.757,20.5,0.0,seasonal
MAC005345,2013-07-08,0.708,18.9,0.0,seasonal
MAC005345,2013-07-09,11.539,18.1,0.0,seasonal
MAC005345,2013-07-10,0.638,17.2,0.0,seasonal
MAC005345,2013-07-11,9.153,15.2,0.3,seasonal
MAC005345,2013-07-12,0.54,17.0,0.0,seasonal
MAC005345,2013-07-13,0.699,21.6,0.0,seasonal
MAC005345,2013-07-14,0.826,22.1,0.0,seasonal
MAC005345,2013-07-15,11.582,21.8,0.0,seasonal
MAC005345,2013-07-16,0.706,22.8,0.0,seasonal
MAC005345,2013-07-17,0.808,22.9,0.0,seasonal
MAC005345,2013-07-18,1.067,21.2,0.0,seasonal
MAC005345,2013-07-19,0.594,20.3,0.0,seasonal
MAC005345,2013-07-20,0.494,18.8,0.0,seasonal
MAC005345,2013-07-21,11.555,20.2,0.0,seasonal
MAC005345,2013-07-22,0.638,23.8,0.0,seasonal
MAC005345,2013-07-23,0.747,23.1,0.0,seasonal
MAC005345,2013-07-24,0.652,20.5,0.0,seasonal
MAC005345,2013-07-25,0.828,19.8,0.0,seasonal
MAC005345,2013-07-26,11.122,19.6,0.0,seasonal
MAC005345,2013-07-27,4.936,20.0,0.0,seasonal
MAC005345,2013-07-28,5.155,18.7,0.0,seasonal
MAC005345,2013-07-29,5.946,17.9,0.0,seasonal
MAC005345,2013-07-30,0.855,16.8,0.0,seasonal
MAC005345,2013-07-31,0.43,18.6,0.0,seasonal
MAC005345,2013-08-01,0.798,22.8,0.0,seasonal
MAC005345,2013-08-02,0.753,19.6,0.0,seasonal
MAC005345,2013-08-03,10.986,18.1,0.0,seasonal
MAC005345,2013-08-04,4.008,17.9,0.0,seasonal
MAC005345,2013-08-05,0.591,18.3,0.0,seasonal
MAC005345,2013-08-06,0.672,16.8,0.0,seasonal
MAC005345,2013-08-07,0.69,17.3,0.0,seasonal
MAC005345,2013-08-08,10.401,16.6,0.0,seasonal
MAC005345,2013-08-09,4.527,18.3,0.0,seasonal
MAC005345,2013-08-10,6.246,16.9,0.0,seasonal
MAC005345,2013-08-11,0.613,18.2,0.0,seasonal
MAC005345,2013-08-12,0.597,16.3,0.0,seasonal
MAC005345,2013-08-13,7.943,15.3,0.2,seasonal
MAC005345,2013-08-14,4.47,16.4,0.0,seasonal
MAC005345,2013-08-15,0.531,19.2,0.0,seasonal
MAC005345,2013-08-16,4.216,17.9,0.0,seasonal
MAC005345,2013-08-17,0.69,16.6,0.0,seasonal
MAC005345,2013-08-18,6.802,18.8,0.0,seasonal
MAC005345,2013-08-19,4.134,17.0,0.0,seasonal
MAC005345,2013-08-20,0.627,17.6,0.0,seasonal
MAC005345,2013-08-21,0.487,18.1,0.0,seasonal
MAC005345,2013-08-22,0.513,18.7,0.0,seasonal
MAC005345,2013-08-23,0.468,20.0,0.0,seasonal
MAC005345,2013-08-24,8.288,17.0,0.0,seasonal
MAC005345,2013-08-25,3.72,17.1,0.0,seasonal
MAC005345,2013-08-26,0.573,18.2,0.0,seasonal
MAC005345,2013-08-27,0.549,16.1,0.0,seasonal
MAC005345,2013-08-28,6.672,16.1,0.0,seasonal
MAC005345,2013-08-29,4.294,17.9,0.0,seasonal
MAC005345,2013-08-30,3.217,18.3,0.0,seasonal
MAC005345,2013-08-31,3.549,16.3,0.0,seasonal
MAC005345,2013-09-01,4.093,14.7,0.8,seasonal
MAC005345,2013-09-02,3.435,16.8,0.0,seasonal
MAC005345,2013-09-03,3.38,18.5,0.0,seasonal
MAC005345,2013-09-04,3.451,18.7,0.0,seasonal
MAC005345,2013-09-05,3.203,20.4,0.0,seasonal
MAC005345,2013-09-06,3.175,15.4,0.1,seasonal
MAC005345,2013-09-07,3.809,13.6,1.9,seasonal
MAC005345,2013-09-08,3.388,11.8,3.7,seasonal
MAC005345,2013-09-09,4.174,11.6,3.9,seasonal
MAC005345,2013-09-10,3.812,12.5,3.0,seasonal
MAC005345,2013-09-11,3.469,13.5,2.0,seasonal
MAC005345,2013-09-12,2.927,14.1,1.4,seasonal
MAC005345,2013-09-13,3.5,16.2,0.0,seasonal
MAC005345,2013-09-14,4.948,11.7,3.8,seasonal
MAC005345,2013-09-15,3.368,11.3,4.2,seasonal
MAC005345,2013-09-16,3.93,11.2,4.3,seasonal
MAC005345,2013-09-17,16.066,11.0,4.5,seasonal
MAC005345,2013-09-18,9.299,12.3,3.2,seasonal
MAC005345,2013-09-19,13.197,12.0,3.5,seasonal
MAC005345,2013-09-20,12.3,13.4,2.1,seasonal
MAC005345,2013-09-21,9.519,13.5,2.0,seasonal
MAC005345,2013-09-22,14.83,16.8,0.0,seasonal
MAC005345,2013-09-23,11.179,16.6,0.0,seasonal
MAC005345,2013-09-24,10.501,15.1,0.4,seasonal
MAC005345,2013-09-25,9.654,15.7,0.0,seasonal
MAC005345,2013-09-26,9.719,14.5,1.0,seasonal
MAC005345,2013-09-27,11.374,12.6,2.9,seasonal
MAC005345,2013-09-28,10.478,14.3,1.2,seasonal
MAC005345,2013-09-29,10.397,14.3,1.2,seasonal
MAC005345,2013-09-30,10.624,14.9,0.6,seasonal
MAC005345,2013-10-01,10.353,14.3,1.2,seasonal
MAC005345,2013-10-02,9.954,15.4,0.1,seasonal
MAC005345,2013-10-03,9.35,16.1,0.0,seasonal
MAC005345,2013-10-04,11.005,17.3,0.0,seasonal
MAC005345,2013-10-05,10.075,15.3,0.2,seasonal
MAC005345,2013-10-06,11.201,13.8,1.7,seasonal
MAC005345,2013-10-07,0.572,13.3,2.2,seasonal
MAC005345,2013-10-08,0.553,15.6,0.0,seasonal
MAC005345,2013-10-09,5.708,13.6,1.9,seasonal
MAC005345,2013-10-10,12.856,9.3,6.2,seasonal
MAC005345,2013-10-11,13.199,11.1,4.4,seasonal
MAC005345,2013-10-12,13.205,11.4,4.1,seasonal
MAC005345,2013-10-13,11.966,9.6,5.9,seasonal
MAC005345,2013-10-14,12.242,9.1,6.4,seasonal
MAC005345,2013-10-15,11.943,9.5,6.0,seasonal
MAC005345,2013-10-16,12.561,9.7,5.8,seasonal
MAC005345,2013-10-17,12.529,13.2,2.3,seasonal
MAC005345,2013-10-18,12.159,12.6,2.9,seasonal
MAC005345,2013-10-19,2.361,13.9,1.6,seasonal
MAC005345,2013-10-20,11.822,13.4,2.1,seasonal
MAC005345,2013-10-21,14.664,14.8,0.7,seasonal
MAC005345,2013-10-22,12.056,16.0,0.0,seasonal
MAC005345,2013-10-23,12.579,13.9,1.6,seasonal
MAC005345,2013-10-24,12.222,11.1,4.4,seasonal
MAC005345,2013-10-25,12.141,15.3,0.2,seasonal
MAC005345,2013-10-26,7.201,15.0,0.5,seasonal
MAC005345,2013-10-27,9.032,13.5,2.0,seasonal
MAC005345,2013-10-28,9.305,12.7,2.8,seasonal
MAC005345,2013-10-29,9.845,9.1,6.4,seasonal
MAC005345,2013-10-30,8.239,9.0,6.5,seasonal
MAC005345,2013-10-31,9.165,12.5,3.0,seasonal
MAC005345,2013-11-01,10.361,12.0,3.5,seasonal
MAC005345,2013-11-02,9.334,11.5,4.0,seasonal
MAC005345,2013-11-03,12.287,8.7,6.8,seasonal
MAC005345,2013-11-04,15.689,7.4,8.1,seasonal
MAC005345,2013-11-05,8.987,7.6,7.9,seasonal
MAC005345,2013-11-06,9.034,10.4,5.1,seasonal
MAC005345,2013-11-07,10.901,10.4,5.1,seasonal
MAC005345,2013-11-08,10.529,7.5,8.0,seasonal
MAC005345,2013-11-09,9.987,5.4,10.1,seasonal
MAC005345,2013-11-10,10.599,5.2,10.3,seasonal
MAC005345,2013-11-11,9.793,8.5,7.0,seasonal
MAC005345,2013-11-12,10.56,10.0,5.5,seasonal
MAC005345,2013-11-13,10.124,5.1,10.4,seasonal
MAC005345,2013-11-14,9.855,7.2,8.3,seasonal
MAC005345,2013-11-15,9.734,4.8,10.7,seasonal
MAC005345,2013-11-16,9.537,4.0,11.5,seasonal
MAC005345,2013-11-17,9.732,6.0,9.5,seasonal
MAC005345,2013-11-18,14.735,7.8,7.7,seasonal
MAC005345,2013-11-19,12.243,2.9,12.6,seasonal
MAC005345,2013-11-20,13.068,2.3,13.2,seasonal
MAC005345,2013-11-21,12.211,4.5,11.0,seasonal
MAC005345,2013-11-22,11.618,4.8,10.7,seasonal
MAC005345,2013-11-23,12.162,4.6,10.9,seasonal
MAC005345,2013-11-24,12.409,4.6,10.9,seasonal
MAC005345,2013-11-25,12.308,4.0,11.5,seasonal
MAC005345,2013-11-26,12.637,2.5,13.0,seasonal
MAC005345,2013-11-27,10.997,6.4,9.1,seasonal
MAC005345,2013-11-28,11.653,7.2,8.3,seasonal
MAC005345,2013-11-29,12.276,7.3,8.2,seasonal
MAC005345,2013-11-30,12.121,5.3,10.2,seasonal
MAC005345,2013-12-01,13.043,3.7,11.8,seasonal
MAC005345,2013-12-02,12.271,5.5,10.0,seasonal
MAC005345,2013-12-03,13.229,3.2,12.3,seasonal
MAC005345,2013-12-04,12.866,4.4,11.1,seasonal
MAC005345,2013-12-05,12.086,4.4,11.1,seasonal
MAC005345,2013-12-06,12.82,4.3,11.2,seasonal
MAC005345,2013-12-07,11.229,5.9,9.6,seasonal
MAC005345,2013-12-08,13.223,7.3,8.2,seasonal
MAC005345,2013-12-09,14.45,6.7,8.8,seasonal
MAC005345,2013-12-10,11.796,3.9,11.6,seasonal
MAC005345,2013-12-11,12.37,2.8,12.7,seasonal
MAC005345,2013-12-12,12.177,5.2,10.3,seasonal
MAC005345,2013-12-13,14.236,8.7,6.8,seasonal
MAC005345,2013-12-14,12.687,7.3,8.2,seasonal
MAC005345,2013-12-15,12.01,10.7,4.8,seasonal
MAC005345,2013-12-16,12.259,11.4,4.1,seasonal
MAC005345,2013-12-17,12.581,6.3,9.2,seasonal
MAC005345,2013-12-18,11.561,8.1,7.4,seasonal
MAC005345,2013-12-19,13.108,6.1,9.4,seasonal
MAC005345,2013-12-20,12.061,5.4,10.1,seasonal
MAC005345,2013-12-21,12.288,10.2,5.3,seasonal
MAC005345,2013-12-22,12.835,7.1,8.4,seasonal
MAC005345,2013-12-23,13.338,8.1,7.4,seasonal
MAC005345,2013-12-24,10.422,8.5,7.0,seasonal
MAC005345,2013-12-25,10.207,4.7,10.8,seasonal
MAC005345,2013-12-26,10.016,4.1,11.4,seasonal
MAC005345,2013-12-27,14.007,9.0,6.5,seasonal
MAC005345,2013-12-28,13.148,4.8,10.7,seasonal
MAC005345,2013-12-29,13.877,2.3,13.2,seasonal
MAC005345,2013-12-30,13.034,7.8,7.7,seasonal
MAC005376,2013-01-01,12.673,5.8,9.7,seasonal
MAC005376,2013-01-02,10.888,6.2,9.3,seasonal
MAC005376,2013-01-03,12.011,10.2,5.3,seasonal
MAC005376,2013-01-04,6.45,8.8,6.7,seasonal
MAC005376,2013-01-05,13.426,8.6,6.9,seasonal
MAC005376,2013-01-06,11.462,7.0,8.5,seasonal
MAC005376,2013-01-07,11.266,7.6,7.9,seasonal
MAC005376,2013-01-08,11.282,8.9,6.6,seasonal
MAC005376,2013-01-09,14.345,6.8,8.7,seasonal
MAC005376,2013-01-10,13.203,1.8,13.7,seasonal
MAC005376,2013-01-11,14.526,2.7,12.8,seasonal
MAC005376,2013-01-12,15.321,2.7,12.8,seasonal
MAC005376,2013-01-13,13.305,1.1,14.4,seasonal
MAC005376,2013-01-14,15.095,0.2,15.3,seasonal
MAC005376,2013-01-15,14.094,0.6,14.9,seasonal
MAC005376,2013-01-16,14.543,-2.2,17.7,seasonal
MAC005376,2013-01-17,14.895,-2.2,17.7,seasonal
MAC005376,2013-01-18,14.453,-1.4,16.9,seasonal
MAC005376,2013-01-19,14.712,-0.2,15.7,seasonal
MAC005376,2013-01-20,14.382,-1.2,16.7,seasonal
MAC005376,2013-01-21,15.582,-1.5,17.0,seasonal
MAC005376,2013-01-22,15.081,-1.5,17.0,seasonal
MAC005376,2013-01-23,15.734,0.9,14.6,seasonal
MAC005376,2013-01-24,14.485,-0.3,15.8,seasonal
MAC005376,2013-01-25,14.278,-1.5,17.0,seasonal
MAC005376,2013-01-26,12.742,3.3,12.2,seasonal
MAC005376,2013-01-27,13.117,7.6,7.9,seasonal
MAC005376,2013-01-28,12.437,5.8,9.7,seasonal
MAC005376,2013-01-29,11.459,10.9,4.6,seasonal
MAC005376,2013-01-30,11.561,10.1,5.4,seasonal
MAC005376,2013-01-31,10.755,8.2,7.3,seasonal
MAC005376,2013-02-01,14.749,5.4,10.1,seasonal
MAC005376,2013-02-02,13.516,2.7,12.8,seasonal
MAC005376,2013-02-03,12.139,3.6,11.9,seasonal
MAC005376,2013-02-04,12.717,7.9,7.6,seasonal
MAC005376,2013-02-05,14.647,3.6,11.9,seasonal
MAC005376,2013-02-06,14.313,3.5,12.0,seasonal
MAC005376,2013-02-07,14.347,1.9,13.6,seasonal
MAC005376,2013-02-08,13.485,1.2,14.3,seasonal
MAC005376,2013-02-09,14.303,1.6,13.9,seasonal
MAC005376,2013-02-10,14.502,2.6,12.9,seasonal
MAC005376,2013-02-11,15.505,1.1,14.4,seasonal
MAC005376,2013-02-12,16.094,1.1,14.4,seasonal
MAC005376,2013-02-13,14.272,0.5,15.0,seasonal
MAC005376,2013-02-14,12.852,6.5,9.0,seasonal
MAC005376,2013-02-15,13.843,4.4,11.1,seasonal
MAC005376,2013-02-16,16.288,5.0,10.5,seasonal
MAC005376,2013-02-17,14.742,3.5,12.0,seasonal
MAC005376,2013-02-18,14.722,3.3,12.2,seasonal
MAC005376,2013-02-19,15.784,0.8,14.7,seasonal
MAC005376,2013-02-20,15.658,2.0,13.5,seasonal
MAC005376,2013-02-21,15.809,0.7,14.8,seasonal
MAC005376,2013-02-22,16.437,0.3,15.2,seasonal
MAC005376,2013-02-23,16.663,0.3,15.2,seasonal
MAC005376,2013-02-24,15.569,0.4,15.1,seasonal
MAC005376,2013-02-25,15.778,2.5,13.0,seasonal
MAC005376,2013-02-26,16.307,3.5,12.0,seasonal
MAC005376,2013-02-27,14.909,3.0,12.5,seasonal
MAC005376,2013-02-28,16.109,3.5,12.0,seasonal
MAC005376,2013-03-01,14.345,3.9,11.6,seasonal
MAC005376,2013-03-02,17.792,2.3,13.2,seasonal
MAC005376,2013-03-03,13.908,2.6,12.9,seasonal
MAC005376,2013-03-04,17.849,3.6,11.9,seasonal
MAC005376,2013-03-05,14.019,5.8,9.7,seasonal
MAC005376,2013-03-06,9.586,7.4,8.1,seasonal
MAC005376,2013-03-07,9.155,8.0,7.5,seasonal
MAC005376,2013-03-08,8.656,8.5,7.0,seasonal
MAC005376,2013-03-09,15.5,6.0,9.5,seasonal
MAC005376,2013-03-10,14.71,2.1,13.4,seasonal
MAC005376,2013-03-11,15.916,-0.2,15.7,seasonal
MAC005376,2013-03-12,14.167,0.1,15.4,seasonal
MAC005376,2013-03-13,13.912,1.9,13.6,seasonal
MAC005376,2013-03-14,13.204,1.0,14.5,seasonal
MAC005376,2013-03-15,11.745,4.3,11.2,seasonal
MAC005376,2013-03-16,13.074,6.1,9.4,seasonal
MAC005376,2013-03-17,13.453,4.7,10.8,seasonal
MAC005376,2013-03-18,13.886,3.2,12.3,seasonal
MAC005376,2013-03-19,14.384,3.3,12.2,seasonal
MAC005376,2013-03-20,16.526,3.2,12.3,seasonal
MAC005376,2013-03-21,15.238,3.1,12.4,seasonal
MAC005376,2013-03-22,15.005,3.2,12.3,seasonal
MAC005376,2013-03-23,17.436,1.6,13.9,seasonal
MAC005376,2013-03-24,15.567,0.1,15.4,seasonal
MAC005376,2013-03-25,16.596,0.4,15.1,seasonal
MAC005376,2013-03-26,17.404,0.3,15.2,seasonal
MAC005376,2013-03-27,17.629,0.8,14.7,seasonal
MAC005376,2013-03-28,7.577,1.0,14.5,seasonal
MAC005376,2013-03-29,6.829,0.2,15.3,seasonal
MAC005376,2013-03-30,8.162,1.2,14.3,seasonal
MAC005376,2013-03-31,7.303,0.5,15.0,seasonal
MAC005376,2013-04-01,8.385,1.8,13.7,seasonal
MAC005376,2013-04-02,18.826,2.6,12.9,seasonal
MAC005376,2013-04-03,18.202,1.7,13.8,seasonal
MAC005376,2013-04-04,18.705,1.9,13.6,seasonal
MAC005376,2013-04-05,17.486,3.3,12.2,seasonal
MAC005376,2013-04-06,15.908,3.5,12.0,seasonal
MAC005376,2013-04-07,16.888,3.2,12.3,seasonal
MAC005376,2013-04-08,14.847,4.9,10.6,seasonal
MAC005376,2013-04-09,15.383,4.8,10.7,seasonal
MAC005376,2013-04-10,12.354,6.1,9.4,seasonal
MAC005376,2013-04-11,10.219,7.1,8.4,seasonal
MAC005376,2013-04-12,10.446,8.4,7.1,seasonal
MAC005376,2013-04-13,4.307,8.2,7.3,seasonal
MAC005376,2013-04-14,4.491,13.4,2.1,seasonal
MAC005376,2013-04-15,4.452,11.5,4.0,seasonal
MAC005376,2013-04-16,4.194,11.3,4.2,seasonal
MAC005376,2013-04-17,12.439,11.8,3.7,seasonal
MAC005376,2013-04-18,8.975,10.1,5.4,seasonal
MAC005376,2013-04-19,14.667,8.4,7.1,seasonal
MAC005376,2013-04-20,15.575,5.9,9.6,seasonal
MAC005376,2013-04-21,12.073,7.0,8.5,seasonal
MAC005376,2013-04-22,6.312,9.3,6.2,seasonal
MAC005376,2013-04-23,3.376,13.1,2.4,seasonal
MAC005376,2013-04-24,3.34,12.5,3.0,seasonal
MAC005376,2013-04-25,9.904,14.2,1.3,seasonal
MAC005376,2013-04-26,14.477,8.9,6.6,seasonal
MAC005376,2013-04-27,14.624,6.0,9.5,seasonal
MAC005376,2013-04-28,8.309,6.2,9.3,seasonal
MAC005376,2013-04-29,8.251,9.2,6.3,seasonal
MAC005376,2013-04-30,8.653,7.9,7.6,seasonal
MAC005376,2013-05-01,10.839,8.4,7.1,seasonal
MAC005376,2013-05-02,16.282,9.1,6.4,seasonal
MAC005376,2013-05-03,12.402,11.1,4.4,seasonal
MAC005376,2013-05-04,13.545,10.9,4.6,seasonal
MAC005376,2013-05-05,12.872,11.4,4.1,seasonal
MAC005376,2013-05-06,7.034,13.2,2.3,seasonal
MAC005376,2013-05-07,7.207,13.8,1.7,seasonal
MAC005376,2013-05-08,7.006,12.9,2.6,seasonal
MAC005376,2013-05-09,6.174,10.5,5.0,seasonal
MAC005376,2013-05-10,7.486,12.4,3.1,seasonal
MAC005376,2013-05-11,6.895,10.4,5.1,seasonal
MAC005376,2013-05-12,6.338,9.6,5.9,seasonal
MAC005376,2013-05-13,8.173,11.0,4.5,seasonal
MAC005376,2013-05-14,6.963,8.6,6.9,seasonal
MAC005376,2013-05-15,6.635,9.1,6.4,seasonal
MAC005376,2013-05-16,6.989,9.5,6.0,seasonal
MAC005376,2013-05-17,18.237,9.1,6.4,seasonal
MAC005376,2013-05-18,11.877,10.9,4.6,seasonal
MAC005376,2013-05-19,8.449,12.7,2.8,seasonal
MAC005376,2013-05-20,6.592,13.4,2.1,seasonal
MAC005376,2013-05-21,11.649,12.9,2.6,seasonal
MAC005376,2013-05-22,10.486,11.4,4.1,seasonal
MAC005376,2013-05-23,10.787,8.1,7.4,seasonal
MAC005376,2013-05-24,12.572,7.1,8.4,seasonal
MAC005376,2013-05-25,13.307,9.5,6.0,seasonal
MAC005376,2013-05-26,11.567,11.5,4.0,seasonal
MAC005376,2013-05-27,7.004,11.0,4.5,seasonal
MAC005376,2013-05-28,6.475,10.8,4.7,seasonal
MAC005376,2013-05-29,7.193,10.7,4.8,seasonal
MAC005376,2013-05-30,7.288,12.4,3.1,seasonal
MAC005376,2013-05-31,6.798,14.5,1.0,seasonal
MAC005376,2013-06-01,6.828,12.9,2.6,seasonal
MAC005376,2013-06-02,6.776,12.8,2.7,seasonal
MAC005376,2013-06-03,6.994,11.9,3.6,seasonal
MAC005376,2013-06-04,6.676,12.1,3.4,seasonal
MAC005376,2013-06-05,6.395,12.6,2.9,seasonal
MAC005376,2013-06-06,7.686,13.3,2.2,seasonal
MAC005376,2013-06-07,8.174,14.1,1.4,seasonal
MAC005376,2013-06-08,5.658,12.4,3.1,seasonal
MAC005376,2013-06-09,7.088,12.5,3.0,seasonal
MAC005376,2013-06-10,6.993,12.4,3.1,seasonal
MAC005376,2013-06-11,7.495,13.3,2.2,seasonal
MAC005376,2013-06-12,6.802,15.2,0.3,seasonal
MAC005376,2013-06-13,6.869,14.6,0.9,seasonal
MAC005376,2013-06-14,6.935,13.5,2.0,seasonal
MAC005376,2013-06-15,7.912,13.9,1.6,seasonal
MAC005376,2013-06-16,6.521,13.5,2.0,seasonal
MAC005376,2013-06-17,6.792,14.9,0.6,seasonal
MAC005376,2013-06-18,6.74,17.2,0.0,seasonal
MAC005376,2013-06-19,6.13,19.0,0.0,seasonal
MAC005376,2013-06-20,7.083,17.3,0.0,seasonal
MAC005376,2013-06-21,6.998,16.6,0.0,seasonal
MAC005376,2013-06-22,6.552,14.3,1.2,seasonal
MAC005376,2013-06-23,6.456,14.8,0.7,seasonal
MAC005376,2013-06-24,7.162,12.8,2.7,seasonal
MAC005376,2013-06-25,6.298,14.1,1.4,seasonal
MAC005376,2013-06-26,7.261,16.0,0.0,seasonal
MAC005376,2013-06-27,6.511,14.5,1.0,seasonal
MAC005376,2013-06-28,6.755,15.4,0.1,seasonal
MAC005376,2013-06-29,5.99,15.8,0.0,seasonal
MAC005376,2013-06-30,6.894,18.5,0.0,seasonal
MAC005376,2013-07-01,7.087,16.3,0.0,seasonal
MAC005376,2013-07-02,6.597,14.5,1.0,seasonal
MAC005376,2013-07-03,6.839,16.4,0.0,seasonal
MAC005376,2013-07-04,6.669,17.1,0.0,seasonal
MAC005376,2013-07-05,6.135,18.3,0.0,seasonal
MAC005376,2013-07-06,6.822,18.9,0.0,seasonal
MAC005376,2013-07-07,6.325,20.5,0.0,seasonal
MAC005376,2013-07-08,6.071,18.9,0.0,seasonal
MAC005376,2013-07-09,5.921,18.1,0.0,seasonal
MAC005376,2013-07-10,7.227,17.2,0.0,seasonal
MAC005376,2013-07-11,6.156,15.2,0.3,seasonal
MAC005376,2013-07-12,6.843,17.0,0.0,seasonal
MAC005376,2013-07-13,6.809,21.6,0.0,seasonal
MAC005376,2013-07-14,5.742,22.1,0.0,seasonal
MAC005376,2013-07-15,5.535,21.8,0.0,seasonal
MAC005376,2013-07-16,6.444,22.8,0.0,seasonal
MAC005376,2013-07-17,5.997,22.9,0.0,seasonal
MAC005376,2013-07-18,6.041,21.2,0.0,seasonal
MAC005376,2013-07-19,6.137,20.3,0.0,seasonal
MAC005376,2013-07-20,5.588,18.8,0.0,seasonal
MAC005376,2013-07-21,6.173,20.2,0.0,seasonal
MAC005376,2013-07-22,6.129,23.8,0.0,seasonal
MAC005376,2013-07-23,5.702,23.1,0.0,seasonal
MAC005376,2013-07-24,5.737,20.5,0.0,seasonal
MAC005376,2013-07-25,5.715,19.8,0.0,seasonal
MAC005376,2013-07-26,5.555,19.6,0.0,seasonal
MAC005376,2013-07-27,6.053,20.0,0.0,seasonal
MAC005376,2013-07-28,4.969,18.7,0.0,seasonal
MAC005376,2013-07-29,7.438,17.9,0.0,seasonal
MAC005376,2013-07-30,5.658,16.8,0.0,seasonal
MAC005376,2013-07-31,6.369,18.6,0.0,seasonal
MAC005376,2013-08-01,5.684,22.8,0.0,seasonal
MAC005376,2013-08-02,5.922,19.6,0.0,seasonal
MAC005376,2013-08-03,6.04,18.1,0.0,seasonal
MAC005376,2013-08-04,6.002,17.9,0.0,seasonal
MAC005376,2013-08-05,6.654,18.3,0.0,seasonal
MAC005376,2013-08-06,6.711,16.8,0.0,seasonal
MAC005376,2013-08-07,6.09,17.3,0.0,seasonal
MAC005376,2013-08-08,6.09,16.6,0.0,seasonal
MAC005376,2013-08-09,6.061,18.3,0.0,seasonal
MAC005376,2013-08-10,6.596,16.9,0.0,seasonal
MAC005376,2013-08-11,6.33,18.2,0.0,seasonal
MAC005376,2013-08-12,6.007,16.3,0.0,seasonal
MAC005376,2013-08-13,6.361,15.3,0.2,seasonal
MAC005376,2013-08-14,6.588,16.4,0.0,seasonal
MAC005376,2013-08-15,5.761,19.2,0.0,seasonal
MAC005376,2013-08-16,6.537,17.9,0.0,seasonal
MAC005376,2013-08-17,6.292,16.6,0.0,seasonal
MAC005376,2013-08-18,6.264,18.8,0.0,seasonal
MAC005376,2013-08-19,6.082,17.0,0.0,seasonal
MAC005376,2013-08-20,6.152,17.6,0.0,seasonal
MAC005376,2013-08-21,6.184,18.1,0.0,seasonal
MAC005376,2013-08-22,6.49,18.7,0.0,seasonal
MAC005376,2013-08-23,4.728,20.0,0.0,seasonal
MAC005376,2013-08-24,4.077,17.0,0.0,seasonal
MAC005376,2013-08-25,4.12,17.1,0.0,seasonal
MAC005376,2013-08-26,4.073,18.2,0.0,seasonal
MAC005376,2013-08-27,5.769,16.1,0.0,seasonal
MAC005376,2013-08-28,6.743,16.1,0.0,seasonal
MAC005376,2013-08-29,6.419,17.9,0.0,seasonal
MAC005376,2013-08-30,6.201,18.3,0.0,seasonal
MAC005376,2013-08-31,6.268,16.3,0.0,seasonal
MAC005376,2013-09-01,6.334,14.7,0.8,seasonal
MAC005376,2013-09-02,7.01,16.8,0.0,seasonal
MAC005376,2013-09-03,6.338,18.5,0.0,seasonal
MAC005376,2013-09-04,6.515,18.7,0.0,seasonal
MAC005376,2013-09-05,6.222,20.4,0.0,seasonal
MAC005376,2013-09-06,7.161,15.4,0.1,seasonal
MAC005376,2013-09-07,7.039,13.6,1.9,seasonal
MAC005376,2013-09-08,6.782,11.8,3.7,seasonal
MAC005376,2013-09-09,7.005,11.6,3.9,seasonal
MAC005376,2013-09-10,6.677,12.5,3.0,seasonal
MAC005376,2013-09-11,7.266,13.5,2.0,seasonal
MAC005376,2013-09-12,7.052,14.1,1.4,seasonal
MAC005376,2013-09-13,6.72,16.2,0.0,seasonal
MAC005376,2013-09-14,10.472,11.7,3.8,seasonal
MAC005376,2013-09-15,7.389,11.3,4.2,seasonal
MAC005376,2013-09-16,6.764,11.2,4.3,seasonal
MAC005376,2013-09-17,7.843,11.0,4.5,seasonal
MAC005376,2013-09-18,6.956,12.3,3.2,seasonal
MAC005376,2013-09-19,6.863,12.0,3.5,seasonal
MAC005376,2013-09-20,7.534,13.4,2.1,seasonal
MAC005376,2013-09-21,6.873,13.5,2.0,seasonal
MAC005376,2013-09-22,7.328,16.8,0.0,seasonal
MAC005376,2013-09-23,7.573,16.6,0.0,seasonal
MAC005376,2013-09-24,7.481,15.1,0.4,seasonal
MAC005376,2013-09-25,6.773,15.7,0.0,seasonal
MAC005376,2013-09-26,6.813,14.5,1.0,seasonal
MAC005376,2013-09-27,8.038,12.6,2.9,seasonal
MAC005376,2013-09-28,7.677,14.3,1.2,seasonal
MAC005376,2013-09-29,7.023,14.3,1.2,seasonal
MAC005376,2013-09-30,7.775,14.9,0.6,seasonal
MAC005376,2013-10-01,6.963,14.3,1.2,seasonal
MAC005376,2013-10-02,8.193,15.4,0.1,seasonal
MAC005376,2013-10-03,6.571,16.1,0.0,seasonal
MAC005376,2013-10-04,6.701,17.3,0.0,seasonal
MAC005376,2013-10-05,7.057,15.3,0.2,seasonal
MAC005376,2013-10-06,7.091,13.8,1.7,seasonal
MAC005376,2013-10-07,7.4,13.3,2.2,seasonal
MAC005376,2013-10-08,6.767,15.6,0.0,seasonal
MAC005376,2013-10-09,6.517,13.6,1.9,seasonal
MAC005376,2013-10-10,7.685,9.3,6.2,seasonal
MAC005376,2013-10-11,7.397,11.1,4.4,seasonal
MAC005376,2013-10-12,27.195,11.4,4.1,seasonal
MAC005376,2013-10-13,16.038,9.6,5.9,seasonal
MAC005376,2013-10-14,16.216,9.1,6.4,seasonal
MAC005376,2013-10-15,16.55,9.5,6.0,seasonal
MAC005376,2013-10-16,14.466,9.7,5.8,seasonal
MAC005376,2013-10-17,12.82,13.2,2.3,seasonal
MAC005376,2013-10-18,13.372,12.6,2.9,seasonal
MAC005376,2013-10-19,8.231,13.9,1.6,seasonal
MAC005376,2013-10-20,14.35,13.4,2.1,seasonal
MAC005376,2013-10-21,7.672,14.8,0.7,seasonal
MAC005376,2013-10-22,8.502,16.0,0.0,seasonal
MAC005376,2013-10-23,9.549,13.9,1.6,seasonal
MAC005376,2013-10-24,8.19,11.1,4.4,seasonal
MAC005376,2013-10-25,7.867,15.3,0.2,seasonal
MAC005376,2013-10-26,11.283,15.0,0.5,seasonal
MAC005376,2013-10-27,6.926,13.5,2.0,seasonal
MAC005376,2013-10-28,7.415,12.7,2.8,seasonal
MAC005376,2013-10-29,16.843,9.1,6.4,seasonal
MAC005376,2013-10-30,12.674,9.0,6.5,seasonal
MAC005376,2013-10-31,13.207,12.5,3.0,seasonal
MAC005376,2013-11-01,6.654,12.0,3.5,seasonal
MAC005376,2013-11-02,7.052,11.5,4.0,seasonal
MAC005376,2013-11-03,7.026,8.7,6.8,seasonal
MAC005376,2013-11-04,7.857,7.4,8.1,seasonal
MAC005376,2013-11-05,15.555,7.6,7.9,seasonal
MAC005376,2013-11-06,16.193,10.4,5.1,seasonal
MAC005376,2013-11-07,16.111,10.4,5.1,seasonal
MAC005376,2013-11-08,16.946,7.5,8.0,seasonal
MAC005376,2013-11-09,18.265,5.4,10.1,seasonal
MAC005376,2013-11-10,14.69,5.2,10.3,seasonal
MAC005376,2013-11-11,15.039,8.5,7.0,seasonal
MAC005376,2013-11-12,17.357,10.0,5.5,seasonal
MAC005376,2013-11-13,14.998,5.1,10.4,seasonal
MAC005376,2013-11-14,16.397,7.2,8.3,seasonal
MAC005376,2013-11-15,17.153,4.8,10.7,seasonal
MAC005376,2013-11-16,18.835,4.0,11.5,seasonal
MAC005376,2013-11-17,15.999,6.0,9.5,seasonal
MAC005376,2013-11-18,16.439,7.8,7.7,seasonal
MAC005376,2013-11-19,16.23,2.9,12.6,seasonal
MAC005376,2013-11-20,17.236,2.3,13.2,seasonal
MAC005376,2013-11-21,16.981,4.5,11.0,seasonal
MAC005376,2013-11-22,18.587,4.8,10.7,seasonal
MAC005376,2013-11-23,17.713,4.6,10.9,seasonal
MAC005376,2013-11-24,16.004,4.6,10.9,seasonal
MAC005376,2013-11-25,18.26,4.0,11.5,seasonal
MAC005376,2013-11-26,17.565,2.5,13.0,seasonal
MAC005376,2013-11-27,15.007,6.4,9.1,seasonal
MAC005376,2013-11-28,16.403,7.2,8.3,seasonal
MAC005376,2013-11-29,17.293,7.3,8.2,seasonal
MAC005376,2013-11-30,16.353,5.3,10.2,seasonal
MAC005376,2013-12-01,15.013,3.7,11.8,seasonal
MAC005376,2013-12-02,13.518,5.5,10.0,seasonal
MAC005376,2013-12-03,15.631,3.2,12.3,seasonal
MAC005376,2013-12-04,16.733,4.4,11.1,seasonal
MAC005376,2013-12-05,17.127,4.4,11.1,seasonal
MAC005376,2013-12-06,15.705,4.3,11.2,seasonal
MAC005376,2013-12-07,14.974,5.9,9.6,seasonal
MAC005376,2013-12-08,13.086,7.3,8.2,seasonal
MAC005376,2013-12-09,14.817,6.7,8.8,seasonal
MAC005376,2013-12-10,19.451,3.9,11.6,seasonal
MAC005376,2013-12-11,17.742,2.8,12.7,seasonal
MAC005376,2013-12-12,14.171,5.2,10.3,seasonal
MAC005376,2013-12-13,13.67,8.7,6.8,seasonal
MAC005376,2013-12-14,12.782,7.3,8.2,seasonal
MAC005376,2013-12-15,14.375,10.7,4.8,seasonal
MAC005376,2013-12-16,14.341,11.4,4.1,seasonal
MAC005376,2013-12-17,13.721,6.3,9.2,seasonal
MAC005376,2013-12-18,13.143,8.1,7.4,seasonal
MAC005376,2013-12-19,13.437,6.1,9.4,seasonal
MAC005376,2013-12-20,13.481,5.4,10.1,seasonal
MAC005376,2013-12-21,14.841,10.2,5.3,seasonal
MAC005376,2013-12-22,14.143,7.1,8.4,seasonal
MAC005376,2013-12-23,10.675,8.1,7.4,seasonal
MAC005376,2013-12-24,12.423,8.5,7.0,seasonal
MAC005376,2013-12-25,11.153,4.7,10.8,seasonal
MAC005376,2013-12-26,13.436,4.1,11.4,seasonal
MAC005376,2013-12-27,12.605,9.0,6.5,seasonal
MAC005376,2013-12-28,12.155,4.8,10.7,seasonal
MAC005376,2013-12-29,15.128,2.3,13.2,seasonal
MAC005376,2013-12-30,15.211,7.8,7.7,seasonal
MAC005377,2013-01-01,5.386,5.8,9.7,seasonal
MAC005377,2013-01-02,5.0,6.2,9.3,seasonal
MAC005377,2013-01-03,4.976,10.2,5.3,seasonal
MAC005377,2013-01-04,5.035,8.8,6.7,seasonal
MAC005377,2013-01-05,5.058,8.6,6.9,seasonal
MAC005377,2013-01-06,5.146,7.0,8.5,seasonal
MAC005377,2013-01-07,21.984,7.6,7.9,seasonal
MAC005377,2013-01-08,18.577,8.9,6.6,seasonal
MAC005377,2013-01-09,19.733,6.8,8.7,seasonal
MAC005377,2013-01-10,19.601,1.8,13.7,seasonal
MAC005377,2013-01-11,19.682,2.7,12.8,seasonal
MAC005377,2013-01-12,20.247,2.7,12.8,seasonal
MAC005377,2013-01-13,20.078,1.1,14.4,seasonal
MAC005377,2013-01-14,19.879,0.2,15.3,seasonal
MAC005377,2013-01-15,20.053,0.6,14.9,seasonal
MAC005377,2013-01-16,22.216,-2.2,17.7,seasonal
MAC005377,2013-01-17,19.847,-2.2,17.7,seasonal
MAC005377,2013-01-18,20.384,-1.4,16.9,seasonal
MAC005377,2013-01-19,20.514,-0.2,15.7,seasonal
MAC005377,2013-01-20,20.625,-1.2,16.7,seasonal
MAC005377,2013-01-21,21.144,-1.5,17.0,seasonal
MAC005377,2013-01-22,21.69,-1.5,17.0,seasonal
MAC005377,2013-01-23,21.095,0.9,14.6,seasonal
MAC005377,2013-01-24,21.324,-0.3,15.8,seasonal
MAC005377,2013-01-25,21.002,-1.5,17.0,seasonal
MAC005377,2013-01-26,19.309,3.3,12.2,seasonal
MAC005377,2013-01-27,19.012,7.6,7.9,seasonal
MAC005377,2013-01-28,19.079,5.8,9.7,seasonal
MAC005377,2013-01-29,17.882,10.9,4.6,seasonal
MAC005377,2013-01-30,18.302,10.1,5.4,seasonal
MAC005377,2013-01-31,3.832,8.2,7.3,seasonal
MAC005377,2013-02-01,4.853,5.4,10.1,seasonal
MAC005377,2013-02-02,5.364,2.7,12.8,seasonal
MAC005377,2013-02-03,22.964,3.6,11.9,seasonal
MAC005377,2013-02-04,12.703,7.9,7.6,seasonal
MAC005377,2013-02-05,14.077,3.6,11.9,seasonal
MAC005377,2013-02-06,14.911,3.5,12.0,seasonal
MAC005377,2013-02-07,14.855,1.9,13.6,seasonal
MAC005377,2013-02-08,15.048,1.2,14.3,seasonal
MAC005377,2013-02-09,14.683,1.6,13.9,seasonal
MAC005377,2013-02-10,15.716,2.6,12.9,seasonal
MAC005377,2013-02-11,5.481,1.1,14.4,seasonal
MAC005377,2013-02-12,6.334,1.1,14.4,seasonal
MAC005377,2013-02-13,6.205,0.5,15.0,seasonal
MAC005377,2013-02-14,5.79,6.5,9.0,seasonal
MAC005377,2013-02-15,5.007,4.4,11.1,seasonal
MAC005377,2013-02-16,5.802,5.0,10.5,seasonal
MAC005377,2013-02-17,5.673,3.5,12.0,seasonal
MAC005377,2013-02-18,19.701,3.3,12.2,seasonal
MAC005377,2013-02-19,16.475,0.8,14.7,seasonal
MAC005377,2013-02-20,19.28,2.0,13.5,seasonal
MAC005377,2013-02-21,25.039,0.7,14.8,seasonal
MAC005377,2013-02-22,24.076,0.3,15.2,seasonal
MAC005377,2013-02-23,24.006,0.3,15.2,seasonal
MAC005377,2013-02-24,22.633,0.4,15.1,seasonal
MAC005377,2013-02-25,23.126,2.5,13.0,seasonal
MAC005377,2013-02-26,5.143,3.5,12.0,seasonal
MAC005377,2013-02-27,5.464,3.0,12.5,seasonal
MAC005377,2013-02-28,5.72,3.5,12.0,seasonal
MAC005377,2013-03-01,5.786,3.9,11.6,seasonal
MAC005377,2013-03-02,6.431,2.3,13.2,seasonal
MAC005377,2013-03-03,6.114,2.6,12.9,seasonal
MAC005377,2013-03-04,5.471,3.6,11.9,seasonal
MAC005377,2013-03-05,22.052,5.8,9.7,seasonal
MAC005377,2013-03-06,13.863,7.4,8.1,seasonal
MAC005377,2013-03-07,14.96,8.0,7.5,seasonal
MAC005377,2013-03-08,15.031,8.5,7.0,seasonal
MAC005377,2013-03-09,15.916,6.0,9.5,seasonal
MAC005377,2013-03-10,17.04,2.1,13.4,seasonal
MAC005377,2013-03-11,17.991,-0.2,15.7,seasonal
MAC005377,2013-03-12,15.875,0.1,15.4,seasonal
MAC005377,2013-03-13,5.248,1.9,13.6,seasonal
MAC005377,2013-03-14,4.76,1.0,14.5,seasonal
MAC005377,2013-03-15,5.255,4.3,11.2,seasonal
MAC005377,2013-03-16,5.464,6.1,9.4,seasonal
MAC005377,2013-03-17,19.214,4.7,10.8,seasonal
MAC005377,2013-03-18,16.108,3.2,12.3,seasonal
MAC005377,2013-03-19,16.569,3.3,12.2,seasonal
MAC005377,2013-03-20,16.836,3.2,12.3,seasonal
MAC005377,2013-03-21,16.515,3.1,12.4,seasonal
MAC005377,2013-03-22,17.383,3.2,12.3,seasonal
MAC005377,2013-03-23,17.832,1.6,13.9,seasonal
MAC005377,2013-03-24,17.964,0.1,15.4,seasonal
MAC005377,2013-03-25,18.343,0.4,15.1,seasonal
MAC005377,2013-03-26,18.615,0.3,15.2,seasonal
MAC005377,2013-03-27,6.093,0.8,14.7,seasonal
MAC005377,2013-03-28,6.076,1.0,14.5,seasonal
MAC005377,2013-03-29,6.108,0.2,15.3,seasonal
MAC005377,2013-03-30,6.733,1.2,14.3,seasonal
MAC005377,2013-03-31,6.143,0.5,15.0,seasonal
MAC005377,2013-04-01,6.614,1.8,13.7,seasonal
MAC005377,2013-04-02,6.123,2.6,12.9,seasonal
MAC005377,2013-04-03,6.34,1.7,13.8,seasonal
MAC005377,2013-04-04,6.47,1.9,13.6,seasonal
MAC005377,2013-04-05,6.59,3.3,12.2,seasonal
MAC005377,2013-04-06,6.243,3.5,12.0,seasonal
MAC005377,2013-04-07,5.546,3.2,12.3,seasonal
MAC005377,2013-04-08,18.513,4.9,10.6,seasonal
MAC005377,2013-04-09,16.397,4.8,10.7,seasonal
MAC005377,2013-04-10,15.558,6.1,9.4,seasonal
MAC005377,2013-04-11,15.444,7.1,8.4,seasonal
MAC005377,2013-04-12,15.76,8.4,7.1,seasonal
MAC005377,2013-04-13,15.17,8.2,7.3,seasonal
MAC005377,2013-04-14,13.989,13.4,2.1,seasonal
MAC005377,2013-04-15,9.203,11.5,4.0,seasonal
MAC005377,2013-04-16,10.444,11.3,4.2,seasonal
MAC005377,2013-04-17,10.919,11.8,3.7,seasonal
MAC005377,2013-04-18,4.159,10.1,5.4,seasonal
MAC005377,2013-04-19,4.944,8.4,7.1,seasonal
MAC005377,2013-04-20,4.736,5.9,9.6,seasonal
MAC005377,2013-04-21,3.321,7.0,8.5,seasonal
MAC005377,2013-04-22,11.55,9.3,6.2,seasonal
MAC005377,2013-04-23,9.629,13.1,2.4,seasonal
MAC005377,2013-04-24,9.173,12.5,3.0,seasonal
MAC005377,2013-04-25,7.606,14.2,1.3,seasonal
MAC005377,2013-04-26,6.68,8.9,6.6,seasonal
MAC005377,2013-04-27,6.441,6.0,9.5,seasonal
MAC005377,2013-04-28,6.51,6.2,9.3,seasonal
MAC005377,2013-04-29,6.37,9.2,6.3,seasonal
MAC005377,2013-04-30,6.582,7.9,7.6,seasonal
MAC005377,2013-05-01,6.345,8.4,7.1,seasonal
MAC005377,2013-05-02,0.588,9.1,6.4,seasonal
MAC005377,2013-05-03,0.59,11.1,4.4,seasonal
MAC005377,2013-05-04,0.543,10.9,4.6,seasonal
MAC005377,2013-05-05,0.545,11.4,4.1,seasonal
MAC005377,2013-05-06,0.568,13.2,2.3,seasonal
MAC005377,2013-05-07,0.512,13.8,1.7,seasonal
MAC005377,2013-05-08,0.546,12.9,2.6,seasonal
MAC005377,2013-05-09,0.542,10.5,5.0,seasonal
MAC005377,2013-05-10,0.544,12.4,3.1,seasonal
MAC005377,2013-05-11,0.513,10.4,5.1,seasonal
MAC005377,2013-05-12,0.536,9.6,5.9,seasonal
MAC005377,2013-05-13,0.505,11.0,4.5,seasonal
MAC005377,2013-05-14,0.484,8.6,6.9,seasonal
MAC005377,2013-05-15,0.482,9.1,6.4,seasonal
MAC005377,2013-05-16,0.483,9.5,6.0,seasonal
MAC005377,2013-05-17,0.485,9.1,6.4,seasonal
MAC005377,2013-05-18,0.486,10.9,4.6,seasonal
MAC005377,2013-05-19,0.517,12.7,2.8,seasonal
MAC005377,2013-05-20,6.992,13.4,2.1,seasonal
MAC005377,2013-05-21,21.068,12.9,2.6,seasonal
MAC005377,2013-05-22,6.663,11.4,4.1,seasonal
MAC005377,2013-05-23,6.617,8.1,7.4,seasonal
MAC005377,2013-05-24,0.56,7.1,8.4,seasonal
MAC005377,2013-05-25,0.545,9.5,6.0,seasonal
MAC005377,2013-05-26,0.526,11.5,4.0,seasonal
MAC005377,2013-05-27,0.54,11.0,4.5,seasonal
MAC005377,2013-05-28,7.468,10.8,4.7,seasonal
MAC005377,2013-05-29,7.169,10.7,4.8,seasonal
MAC005377,2013-05-30,6.109,12.4,3.1,seasonal
MAC005377,2013-05-31,6.486,14.5,1.0,seasonal
MAC005377,2013-06-01,6.755,12.9,2.6,seasonal
MAC005377,2013-06-02,6.148,12.8,2.7,seasonal
MAC005377,2013-06-03,6.168,11.9,3.6,seasonal
MAC005377,2013-06-04,7.339,12.1,3.4,seasonal
MAC005377,2013-06-05,6.018,12.6,2.9,seasonal
MAC005377,2013-06-06,0.594,13.3,2.2,seasonal
MAC005377,2013-06-07,0.571,14.1,1.4,seasonal
MAC005377,2013-06-08,0.564,12.4,3.1,seasonal
MAC005377,2013-06-09,0.55,12.5,3.0,seasonal
MAC005377,2013-06-10,7.33,12.4,3.1,seasonal
MAC005377,2013-06-11,6.76,13.3,2.2,seasonal
MAC005377,2013-06-12,6.178,15.2,0.3,seasonal
MAC005377,2013-06-13,6.649,14.6,0.9,seasonal
MAC005377,2013-06-14,6.575,13.5,2.0,seasonal
MAC005377,2013-06-15,6.591,13.9,1.6,seasonal
MAC005377,2013-06-16,6.444,13.5,2.0,seasonal
MAC005377,2013-06-17,6.099,14.9,0.6,seasonal
MAC005377,2013-06-18,6.64,17.2,0.0,seasonal
MAC005377,2013-06-19,5.76,19.0,0.0,seasonal
MAC005377,2013-06-20,0.631,17.3,0.0,seasonal
MAC005377,2013-06-21,0.602,16.6,0.0,seasonal
MAC005377,2013-06-22,0.583,14.3,1.2,seasonal
MAC005377,2013-06-23,0.548,14.8,0.7,seasonal
MAC005377,2013-06-24,5.808,12.8,2.7,seasonal
MAC005377,2013-06-25,0.598,14.1,1.4,seasonal
MAC005377,2013-06-26,0.57,16.0,0.0,seasonal
MAC005377,2013-06-27,0.586,14.5,1.0,seasonal
MAC005377,2013-06-28,0.584,15.4,0.1,seasonal
MAC005377,2013-06-29,0.584,15.8,0.0,seasonal
MAC005377,2013-06-30,0.591,18.5,0.0,seasonal
MAC005377,2013-07-01,0.596,16.3,0.0,seasonal
MAC005377,2013-07-02,0.607,14.5,1.0,seasonal
MAC005377,2013-07-03,0.581,16.4,0.0,seasonal
MAC005377,2013-07-04,0.553,17.1,0.0,seasonal
MAC005377,2013-07-05,0.577,18.3,0.0,seasonal
MAC005377,2013-07-06,0.591,18.9,0.0,seasonal
MAC005377,2013-07-07,0.616,20.5,0.0,seasonal
MAC005377,2013-07-08,0.647,18.9,0.0,seasonal
MAC005377,2013-07-09,0.645,18.1,0.0,seasonal
MAC005377,2013-07-10,0.629,17.2,0.0,seasonal
MAC005377,2013-07-11,0.621,15.2,0.3,seasonal
MAC005377,2013-07-12,0.61,17.0,0.0,seasonal
MAC005377,2013-07-13,0.645,21.6,0.0,seasonal
MAC005377,2013-07-14,0.685,22.1,0.0,seasonal
MAC005377,2013-07-15,0.684,21.8,0.0,seasonal
MAC005377,2013-07-16,0.679,22.8,0.0,seasonal
MAC005377,2013-07-17,0.693,22.9,0.0,seasonal
MAC005377,2013-07-18,0.688,21.2,0.0,seasonal
MAC005377,2013-07-19,0.693,20.3,0.0,seasonal
MAC005377,2013-07-20,0.691,18.8,0.0,seasonal
MAC005377,2013-07-21,0.669,20.2,0.0,seasonal
MAC005377,2013-07-22,0.684,23.8,0.0,seasonal
MAC005377,2013-07-23,0.69,23.1,0.0,seasonal
MAC005377,2013-07-24,0.692,20.5,0.0,seasonal
MAC005377,2013-07-25,0.645,19.8,0.0,seasonal
MAC005377,2013-07-26,0.675,19.6,0.0,seasonal
MAC005377,2013-07-27,0.689,20.0,0.0,seasonal
MAC005377,2013-07-28,0.648,18.7,0.0,seasonal
MAC005377,2013-07-29,0.647,17.9,0.0,seasonal
MAC005377,2013-07-30,0.632,16.8,0.0,seasonal
MAC005377,2013-07-31,0.654,18.6,0.0,seasonal
MAC005377,2013-08-01,0.684,22.8,0.0,seasonal
MAC005377,2013-08-02,0.676,19.6,0.0,seasonal
MAC005377,2013-08-03,0.644,18.1,0.0,seasonal
MAC005377,2013-08-04,0.64,17.9,0.0,seasonal
MAC005377,2013-08-05,0.648,18.3,0.0,seasonal
MAC005377,2013-08-06,0.643,16.8,0.0,seasonal
MAC005377,2013-08-07,0.632,17.3,0.0,seasonal
MAC005377,2013-08-08,0.635,16.6,0.0,seasonal
MAC005377,2013-08-09,0.636,18.3,0.0,seasonal
MAC005377,2013-08-10,0.627,16.9,0.0,seasonal
MAC005377,2013-08-11,0.631,18.2,0.0,seasonal
MAC005377,2013-08-12,0.626,16.3,0.0,seasonal
MAC005377,2013-08-13,0.626,15.3,0.2,seasonal
MAC005377,2013-08-14,0.624,16.4,0.0,seasonal
MAC005377,2013-08-15,0.633,19.2,0.0,seasonal
MAC005377,2013-08-16,0.587,17.9,0.0,seasonal
MAC005377,2013-08-17,0.584,16.6,0.0,seasonal
MAC005377,2013-08-18,0.623,18.8,0.0,seasonal
MAC005377,2013-08-19,0.626,17.0,0.0,seasonal
MAC005377,2013-08-20,0.609,17.6,0.0,seasonal
MAC005377,2013-08-21,0.634,18.1,0.0,seasonal
MAC005377,2013-08-22,0.608,18.7,0.0,seasonal
MAC005377,2013-08-23,0.627,20.0,0.0,seasonal
MAC005377,2013-08-24,0.594,17.0,0.0,seasonal
MAC005377,2013-08-25,0.61,17.1,0.0,seasonal
MAC005377,2013-08-26,0.632,18.2,0.0,seasonal
MAC005377,2013-08-27,0.596,16.1,0.0,seasonal
MAC005377,2013-08-28,0.633,16.1,0.0,seasonal
MAC005377,2013-08-29,0.634,17.9,0.0,seasonal
MAC005377,2013-08-30,0.678,18.3,0.0,seasonal
MAC005377,2013-08-31,0.638,16.3,0.0,seasonal
MAC005377,2013-09-01,0.636,14.7,0.8,seasonal
MAC005377,2013-09-02,0.66,16.8,0.0,seasonal
MAC005377,2013-09-03,0.646,18.5,0.0,seasonal
MAC005377,2013-09-04,0.676,18.7,0.0,seasonal
MAC005377,2013-09-05,0.671,20.4,0.0,seasonal
MAC005377,2013-09-06,0.628,15.4,0.1,seasonal
MAC005377,2013-09-07,0.59,13.6,1.9,seasonal
MAC005377,2013-09-08,0.582,11.8,3.7,seasonal
MAC005377,2013-09-09,0.545,11.6,3.9,seasonal
MAC005377,2013-09-10,0.581,12.5,3.0,seasonal
MAC005377,2013-09-11,0.568,13.5,2.0,seasonal
MAC005377,2013-09-12,0.575,14.1,1.4,seasonal
MAC005377,2013-09-13,9.808,16.2,0.0,seasonal
MAC005377,2013-09-14,8.509,11.7,3.8,seasonal
MAC005377,2013-09-15,9.841,11.3,4.2,seasonal
MAC005377,2013-09-16,9.596,11.2,4.3,seasonal
MAC005377,2013-09-17,9.239,11.0,4.5,seasonal
MAC005377,2013-09-18,8.98,12.3,3.2,seasonal
MAC005377,2013-09-19,0.591,12.0,3.5,seasonal
MAC005377,2013-09-20,0.579,13.4,2.1,seasonal
MAC005377,2013-09-21,0.576,13.5,2.0,seasonal
MAC005377,2013-09-22,0.564,16.8,0.0,seasonal
MAC005377,2013-09-23,10.238,16.6,0.0,seasonal
MAC005377,2013-09-24,0.609,15.1,0.4,seasonal
MAC005377,2013-09-25,0.609,15.7,0.0,seasonal
MAC005377,2013-09-26,0.577,14.5,1.0,seasonal
MAC005377,2013-09-27,0.577,12.6,2.9,seasonal
MAC005377,2013-09-28,0.56,14.3,1.2,seasonal
MAC005377,2013-09-29,0.573,14.3,1.2,seasonal
MAC005377,2013-09-30,0.569,14.9,0.6,seasonal
MAC005377,2013-10-01,9.99,14.3,1.2,seasonal
MAC005377,2013-10-02,9.017,15.4,0.1,seasonal
MAC005377,2013-10-03,0.633,16.1,0.0,seasonal
MAC005377,2013-10-04,0.614,17.3,0.0,seasonal
MAC005377,2013-10-05,0.579,15.3,0.2,seasonal
MAC005377,2013-10-06,13.104,13.8,1.7,seasonal
MAC005377,2013-10-07,9.771,13.3,2.2,seasonal
MAC005377,2013-10-08,9.273,15.6,0.0,seasonal
MAC005377,2013-10-09,0.666,13.6,1.9,seasonal
MAC005377,2013-10-10,0.607,9.3,6.2,seasonal
MAC005377,2013-10-11,0.56,11.1,4.4,seasonal
MAC005377,2013-10-12,0.546,11.4,4.1,seasonal
MAC005377,2013-10-13,0.551,9.6,5.9,seasonal
MAC005377,2013-10-14,10.659,9.1,6.4,seasonal
MAC005377,2013-10-15,9.042,9.5,6.0,seasonal
MAC005377,2013-10-16,8.963,9.7,5.8,seasonal
MAC005377,2013-10-17,0.582,13.2,2.3,seasonal
MAC005377,2013-10-18,0.571,12.6,2.9,seasonal
MAC005377,2013-10-19,0.57,13.9,1.6,seasonal
MAC005377,2013-10-20,0.57,13.4,2.1,seasonal
MAC005377,2013-10-21,0.56,14.8,0.7,seasonal
MAC005377,2013-10-22,0.557,16.0,0.0,seasonal
MAC005377,2013-10-23,0.517,13.9,1.6,seasonal
MAC005377,2013-10-24,0.552,11.1,4.4,seasonal
MAC005377,2013-10-25,0.547,15.3,0.2,seasonal
MAC005377,2013-10-26,0.557,15.0,0.5,seasonal
MAC005377,2013-10-27,0.554,13.5,2.0,seasonal
MAC005377,2013-10-28,4.738,12.7,2.8,seasonal
MAC005377,2013-10-29,13.016,9.1,6.4,seasonal
MAC005377,2013-10-30,10.664,9.0,6.5,seasonal
MAC005377,2013-10-31,11.248,12.5,3.0,seasonal
MAC005377,2013-11-01,11.264,12.0,3.5,seasonal
MAC005377,2013-11-02,11.573,11.5,4.0,seasonal
MAC005377,2013-11-03,11.49,8.7,6.8,seasonal
MAC005377,2013-11-04,11.435,7.4,8.1,seasonal
MAC005377,2013-11-05,11.182,7.6,7.9,seasonal
MAC005377,2013-11-06,11.035,10.4,5.1,seasonal
MAC005377,2013-11-07,11.835,10.4,5.1,seasonal
MAC005377,2013-11-08,4.051,7.5,8.0,seasonal
MAC005377,2013-11-09,4.44,5.4,10.1,seasonal
MAC005377,2013-11-10,4.514,5.2,10.3,seasonal
MAC005377,2013-11-11,4.182,8.5,7.0,seasonal
MAC005377,2013-11-12,4.814,10.0,5.5,seasonal
MAC005377,2013-11-13,4.31,5.1,10.4,seasonal
MAC005377,2013-11-14,4.764,7.2,8.3,seasonal
MAC005377,2013-11-15,4.836,4.8,10.7,seasonal
MAC005377,2013-11-16,4.36,4.0,11.5,seasonal
MAC005377,2013-11-17,16.211,6.0,9.5,seasonal
MAC005377,2013-11-18,19.133,7.8,7.7,seasonal
MAC005377,2013-11-19,18.445,2.9,12.6,seasonal
MAC005377,2013-11-20,13.222,2.3,13.2,seasonal
MAC005377,2013-11-21,14.496,4.5,11.0,seasonal
MAC005377,2013-11-22,14.474,4.8,10.7,seasonal
MAC005377,2013-11-23,13.937,4.6,10.9,seasonal
MAC005377,2013-11-24,14.459,4.6,10.9,seasonal
MAC005377,2013-11-25,17.002,4.0,11.5,seasonal
MAC005377,2013-11-26,16.021,2.5,13.0,seasonal
MAC005377,2013-11-27,4.595,6.4,9.1,seasonal
MAC005377,2013-11-28,5.526,7.2,8.3,seasonal
MAC005377,2013-11-29,5.35,7.3,8.2,seasonal
MAC005377,2013-11-30,5.961,5.3,10.2,seasonal
MAC005377,2013-12-01,5.784,3.7,11.8,seasonal
MAC005377,2013-12-02,18.479,5.5,10.0,seasonal
MAC005377,2013-12-03,16.781,3.2,12.3,seasonal
MAC005377,2013-12-04,17.389,4.4,11.1,seasonal
MAC005377,2013-12-05,17.162,4.4,11.1,seasonal
MAC005377,2013-12-06,16.735,4.3,11.2,seasonal
MAC005377,2013-12-07,16.963,5.9,9.6,seasonal
MAC005377,2013-12-08,15.971,7.3,8.2,seasonal
MAC005377,2013-12-09,16.732,6.7,8.8,seasonal
MAC005377,2013-12-10,16.532,3.9,11.6,seasonal
MAC005377,2013-12-11,12.916,2.8,12.7,seasonal
MAC005377,2013-12-12,12.277,5.2,10.3,seasonal
MAC005377,2013-12-13,13.427,8.7,6.8,seasonal
MAC005377,2013-12-14,12.707,7.3,8.2,seasonal
MAC005377,2013-12-15,12.308,10.7,4.8,seasonal
MAC005377,2013-12-16,13.3,11.4,4.1,seasonal
MAC005377,2013-12-17,13.309,6.3,9.2,seasonal
MAC005377,2013-12-18,13.413,8.1,7.4,seasonal
MAC005377,2013-12-19,6.081,6.1,9.4,seasonal
MAC005377,2013-12-20,5.359,5.4,10.1,seasonal
MAC005377,2013-12-21,5.798,10.2,5.3,seasonal
MAC005377,2013-12-22,6.257,7.1,8.4,seasonal
MAC005377,2013-12-23,5.675,8.1,7.4,seasonal
MAC005377,2013-12-24,6.801,8.5,7.0,seasonal
MAC005377,2013-12-25,6.527,4.7,10.8,seasonal
MAC005377,2013-12-26,6.229,4.1,11.4,seasonal
MAC005377,2013-12-27,6.826,9.0,6.5,seasonal
MAC005377,2013-12-28,7.024,4.8,10.7,seasonal
MAC005377,2013-12-29,6.013,2.3,13.2,seasonal
MAC005377,2013-12-30,6.247,7.8,7.7,seasonal
MAC005385,2013-01-01,30.926,5.8,9.7,seasonal
MAC005385,2013-01-02,29.942999,6.2,9.3,seasonal
MAC005385,2013-01-03,30.023,10.2,5.3,seasonal
MAC005385,2013-01-04,29.997,8.8,6.7,seasonal
MAC005385,2013-01-05,29.455,8.6,6.9,seasonal
MAC005385,2013-01-06,29.992,7.0,8.5,seasonal
MAC005385,2013-01-07,30.431,7.6,7.9,seasonal
MAC005385,2013-01-08,29.627,8.9,6.6,seasonal
MAC005385,2013-01-09,30.183,6.8,8.7,seasonal
MAC005385,2013-01-10,31.460001,1.8,13.7,seasonal
MAC005385,2013-01-11,31.63,2.7,12.8,seasonal
MAC005385,2013-01-12,31.390999,2.7,12.8,seasonal
MAC005385,2013-01-13,36.234,1.1,14.4,seasonal
MAC005385,2013-01-14,32.486,0.2,15.3,seasonal
MAC005385,2013-01-15,33.328,0.6,14.9,seasonal
MAC005385,2013-01-16,33.176,-2.2,17.7,seasonal
MAC005385,2013-01-17,32.064,-2.2,17.7,seasonal
MAC005385,2013-01-18,33.441,-1.4,16.9,seasonal
MAC005385,2013-01-19,32.526,-0.2,15.7,seasonal
MAC005385,2013-01-20,32.269,-1.2,16.7,seasonal
MAC005385,2013-01-21,33.301,-1.5,17.0,seasonal
MAC005385,2013-01-22,32.206,-1.5,17.0,seasonal
MAC005385,2013-01-23,32.718,0.9,14.6,seasonal
MAC005385,2013-01-24,33.583,-0.3,15.8,seasonal
MAC005385,2013-01-25,32.457,-1.5,17.0,seasonal
MAC005385,2013-01-26,32.227,3.3,12.2,seasonal
MAC005385,2013-01-27,31.981,7.6,7.9,seasonal
MAC005385,2013-01-28,31.634,5.8,9.7,seasonal
MAC005385,2013-01-29,30.711,10.9,4.6,seasonal
MAC005385,2013-01-30,31.337,10.1,5.4,seasonal
MAC005385,2013-01-31,31.056,8.2,7.3,seasonal
MAC005385,2013-02-01,32.047,5.4,10.1,seasonal
MAC005385,2013-02-02,32.459,2.7,12.8,seasonal
MAC005385,2013-02-03,31.678,3.6,11.9,seasonal
MAC005385,2013-02-04,32.309,7.9,7.6,seasonal
MAC005385,2013-02-05,32.15,3.6,11.9,seasonal
MAC005385,2013-02-06,32.062,3.5,12.0,seasonal
MAC005385,2013-02-07,33.393,1.9,13.6,seasonal
MAC005385,2013-02-08,32.276,1.2,14.3,seasonal
MAC005385,2013-02-09,31.767,1.6,13.9,seasonal
MAC005385,2013-02-10,32.105,2.6,12.9,seasonal
MAC005385,2013-02-11,32.043,1.1,14.4,seasonal
MAC005385,2013-02-12,32.999,1.1,14.4,seasonal
MAC005385,2013-02-13,32.972,0.5,15.0,seasonal
MAC005385,2013-02-14,31.662999,6.5,9.0,seasonal
MAC005385,2013-02-15,31.556,4.4,11.1,seasonal
MAC005385,2013-02-16,31.625,5.0,10.5,seasonal
MAC005385,2013-02-17,30.598001,3.5,12.0,seasonal
MAC005385,2013-02-18,30.875001,3.3,12.2,seasonal
MAC005385,2013-02-19,26.737,0.8,14.7,seasonal
MAC005385,2013-02-20,28.758,2.0,13.5,seasonal
MAC005385,2013-02-21,30.251,0.7,14.8,seasonal
MAC005385,2013-02-22,31.344,0.3,15.2,seasonal
MAC005385,2013-02-23,33.597,0.3,15.2,seasonal
MAC005385,2013-02-24,32.27,0.4,15.1,seasonal
MAC005385,2013-02-25,33.29,2.5,13.0,seasonal
MAC005385,2013-02-26,32.632,3.5,12.0,seasonal
MAC005385,2013-02-27,31.197,3.0,12.5,seasonal
MAC005385,2013-02-28,31.57,3.5,12.0,seasonal
MAC005385,2013-03-01,31.872,3.9,11.6,seasonal
MAC005385,2013-03-02,31.022,2.3,13.2,seasonal
MAC005385,2013-03-03,30.696,2.6,12.9,seasonal
MAC005385,2013-03-04,29.342,3.6,11.9,seasonal
MAC005385,2013-03-05,28.042,5.8,9.7,seasonal
MAC005385,2013-03-06,27.726,7.4,8.1,seasonal
MAC005385,2013-03-07,28.117,8.0,7.5,seasonal
MAC005385,2013-03-08,28.948,8.5,7.0,seasonal
MAC005385,2013-03-09,29.093999,6.0,9.5,seasonal
MAC005385,2013-03-10,32.134,2.1,13.4,seasonal
MAC005385,2013-03-11,32.933,-0.2,15.7,seasonal
MAC005385,2013-03-12,31.89,0.1,15.4,seasonal
MAC005385,2013-03-13,31.317,1.9,13.6,seasonal
MAC005385,2013-03-14,31.088,1.0,14.5,seasonal
MAC005385,2013-03-15,31.722,4.3,11.2,seasonal
MAC005385,2013-03-16,31.077,6.1,9.4,seasonal
MAC005385,2013-03-17,31.552,4.7,10.8,seasonal
MAC005385,2013-03-18,32.66,3.2,12.3,seasonal
MAC005385,2013-03-19,30.292,3.3,12.2,seasonal
MAC005385,2013-03-20,31.339,3.2,12.3,seasonal
MAC005385,2013-03-21,31.083,3.1,12.4,seasonal
MAC005385,2013-03-22,31.656,3.2,12.3,seasonal
MAC005385,2013-03-23,32.356,1.6,13.9,seasonal
MAC005385,2013-03-24,32.92,0.1,15.4,seasonal
MAC005385,2013-03-25,32.065,0.4,15.1,seasonal
MAC005385,2013-03-26,32.455,0.3,15.2,seasonal
MAC005385,2013-03-27,32.2,0.8,14.7,seasonal
MAC005385,2013-03-28,32.137,1.0,14.5,seasonal
MAC005385,2013-03-29,32.023,0.2,15.3,seasonal
MAC005385,2013-03-30,32.469,1.2,14.3,seasonal
MAC005385,2013-03-31,32.153,0.5,15.0,seasonal
MAC005385,2013-04-01,31.806,1.8,13.7,seasonal
MAC005385,2013-04-02,31.462,2.6,12.9,seasonal
MAC005385,2013-04-03,31.607,1.7,13.8,seasonal
MAC005385,2013-04-04,32.332,1.9,13.6,seasonal
MAC005385,2013-04-05,32.617,3.3,12.2,seasonal
MAC005385,2013-04-06,31.343,3.5,12.0,seasonal
MAC005385,2013-04-07,30.84,3.2,12.3,seasonal
MAC005385,2013-04-08,30.335,4.9,10.6,seasonal
MAC005385,2013-04-09,30.425999,4.8,10.7,seasonal
MAC005385,2013-04-10,29.88,6.1,9.4,seasonal
MAC005385,2013-04-11,29.574,7.1,8.4,seasonal
MAC005385,2013-04-12,31.124,8.4,7.1,seasonal
MAC005385,2013-04-13,30.423,8.2,7.3,seasonal
MAC005385,2013-04-14,20.268,13.4,2.1,seasonal
MAC005385,2013-04-15,21.711,11.5,4.0,seasonal
MAC005385,2013-04-16,21.258,11.3,4.2,seasonal
MAC005385,2013-04-17,21.904,11.8,3.7,seasonal
MAC005385,2013-04-18,21.99,10.1,5.4,seasonal
MAC005385,2013-04-19,23.977,8.4,7.1,seasonal
MAC005385,2013-04-20,22.376,5.9,9.6,seasonal
MAC005385,2013-04-21,17.218,7.0,8.5,seasonal
MAC005385,2013-04-22,15.568,9.3,6.2,seasonal
MAC005385,2013-04-23,15.551,13.1,2.4,seasonal
MAC005385,2013-04-24,13.828,12.5,3.0,seasonal
MAC005385,2013-04-25,10.073,14.2,1.3,seasonal
MAC005385,2013-04-26,10.619,8.9,6.6,seasonal
MAC005385,2013-04-27,11.177,6.0,9.5,seasonal
MAC005385,2013-04-28,17.088,6.2,9.3,seasonal
MAC005385,2013-04-29,16.788,9.2,6.3,seasonal
MAC005385,2013-04-30,16.636,7.9,7.6,seasonal
MAC005385,2013-05-01,17.045,8.4,7.1,seasonal
MAC005385,2013-05-02,10.87,9.1,6.4,seasonal
MAC005385,2013-05-03,7.643,11.1,4.4,seasonal
MAC005385,2013-05-04,8.212,10.9,4.6,seasonal
MAC005385,2013-05-05,8.023,11.4,4.1,seasonal
MAC005385,2013-05-06,7.249,13.2,2.3,seasonal
MAC005385,2013-05-07,7.192,13.8,1.7,seasonal
MAC005385,2013-05-08,7.668,12.9,2.6,seasonal
MAC005385,2013-05-09,7.987,10.5,5.0,seasonal
MAC005385,2013-05-10,21.144,12.4,3.1,seasonal
MAC005385,2013-05-11,20.089,10.4,5.1,seasonal
MAC005385,2013-05-12,19.686,9.6,5.9,seasonal
MAC005385,2013-05-13,19.401,11.0,4.5,seasonal
MAC005385,2013-05-14,19.943,8.6,6.9,seasonal
MAC005385,2013-05-15,20.122,9.1,6.4,seasonal
MAC005385,2013-05-16,20.025,9.5,6.0,seasonal
MAC005385,2013-05-17,19.026,9.1,6.4,seasonal
MAC005385,2013-05-18,19.404,10.9,4.6,seasonal
MAC005385,2013-05-19,6.491,12.7,2.8,seasonal
MAC005385,2013-05-20,7.377,13.4,2.1,seasonal
MAC005385,2013-05-21,7.122,12.9,2.6,seasonal
MAC005385,2013-05-22,7.553,11.4,4.1,seasonal
MAC005385,2013-05-23,9.519,8.1,7.4,seasonal
MAC005385,2013-05-24,7.031,7.1,8.4,seasonal
MAC005385,2013-05-25,7.702,9.5,6.0,seasonal
MAC005385,2013-05-26,7.769,11.5,4.0,seasonal
MAC005385,2013-05-27,7.698,11.0,4.5,seasonal
MAC005385,2013-05-28,7.472,10.8,4.7,seasonal
MAC005385,2013-05-29,7.299,10.7,4.8,seasonal
MAC005385,2013-05-30,7.407,12.4,3.1,seasonal
MAC005385,2013-05-31,7.328,14.5,1.0,seasonal
MAC005385,2013-06-01,7.267,12.9,2.6,seasonal
MAC005385,2013-06-02,7.759,12.8,2.7,seasonal
MAC005385,2013-06-03,7.523,11.9,3.6,seasonal
MAC005385,2013-06-04,6.994,12.1,3.4,seasonal
MAC005385,2013-06-05,6.865,12.6,2.9,seasonal
MAC005385,2013-06-06,6.739,13.3,2.2,seasonal
MAC005385,2013-06-07,6.614,14.1,1.4,seasonal
MAC005385,2013-06-08,7.571,12.4,3.1,seasonal
MAC005385,2013-06-09,7.391,12.5,3.0,seasonal
MAC005385,2013-06-10,7.409,12.4,3.1,seasonal
MAC005385,2013-06-11,7.204,13.3,2.2,seasonal
MAC005385,2013-06-12,7.511,15.2,0.3,seasonal
MAC005385,2013-06-13,8.496,14.6,0.9,seasonal
MAC005385,2013-06-14,6.83,13.5,2.0,seasonal
MAC005385,2013-06-15,7.459,13.9,1.6,seasonal
MAC005385,2013-06-16,7.267,13.5,2.0,seasonal
MAC005385,2013-06-17,6.789,14.9,0.6,seasonal
MAC005385,2013-06-18,7.342,17.2,0.0,seasonal
MAC005385,2013-06-19,6.363,19.0,0.0,seasonal
MAC005385,2013-06-20,6.637,17.3,0.0,seasonal
MAC005385,2013-06-21,7.476,16.6,0.0,seasonal
MAC005385,2013-06-22,7.765,14.3,1.2,seasonal
MAC005385,2013-06-23,7.403,14.8,0.7,seasonal
MAC005385,2013-06-24,7.633,12.8,2.7,seasonal
MAC005385,2013-06-25,7.041,14.1,1.4,seasonal
MAC005385,2013-06-26,7.265,16.0,0.0,seasonal
MAC005385,2013-06-27,6.674,14.5,1.0,seasonal
MAC005385,2013-06-28,6.997,15.4,0.1,seasonal
MAC005385,2013-06-29,6.849,15.8,0.0,seasonal
MAC005385,2013-06-30,6.889,18.5,0.0,seasonal
MAC005385,2013-07-01,6.371,16.3,0.0,seasonal
MAC005385,2013-07-02,7.676,14.5,1.0,seasonal
MAC005385,2013-07-03,7.535,16.4,0.0,seasonal
MAC005385,2013-07-04,6.434,17.1,0.0,seasonal
MAC005385,2013-07-05,6.916,18.3,0.0,seasonal
MAC005385,2013-07-06,6.427,18.9,0.0,seasonal
MAC005385,2013-07-07,5.883,20.5,0.0,seasonal
MAC005385,2013-07-08,6.652,18.9,0.0,seasonal
MAC005385,2013-07-09,6.453,18.1,0.0,seasonal
MAC005385,2013-07-10,6.898,17.2,0.0,seasonal
MAC005385,2013-07-11,6.495,15.2,0.3,seasonal
MAC005385,2013-07-12,6.245,17.0,0.0,seasonal
MAC005385,2013-07-13,6.152,21.6,0.0,seasonal
MAC005385,2013-07-14,5.927,22.1,0.0,seasonal
MAC005385,2013-07-15,5.902,21.8,0.0,seasonal
MAC005385,2013-07-16,5.946,22.8,0.0,seasonal
MAC005385,2013-07-17,5.697,22.9,0.0,seasonal
MAC005385,2013-07-18,6.248,21.2,0.0,seasonal
MAC005385,2013-07-19,6.25,20.3,0.0,seasonal
MAC005385,2013-07-20,6.698,18.8,0.0,seasonal
MAC005385,2013-07-21,6.384,20.2,0.0,seasonal
MAC005385,2013-07-22,5.796,23.8,0.0,seasonal
MAC005385,2013-07-23,3.926,23.1,0.0,seasonal
MAC005385,2013-07-24,4.019,20.5,0.0,seasonal
MAC005385,2013-07-25,4.528,19.8,0.0,seasonal
MAC005385,2013-07-26,3.276,19.6,0.0,seasonal
MAC005385,2013-07-27,3.301,20.0,0.0,seasonal
MAC005385,2013-07-28,3.379,18.7,0.0,seasonal
MAC005385,2013-07-29,4.219,17.9,0.0,seasonal
MAC005385,2013-07-30,3.916,16.8,0.0,seasonal
MAC005385,2013-07-31,7.257,18.6,0.0,seasonal
MAC005385,2013-08-01,4.177,22.8,0.0,seasonal
MAC005385,2013-08-02,3.933,19.6,0.0,seasonal
MAC005385,2013-08-03,3.779,18.1,0.0,seasonal
MAC005385,2013-08-04,3.994,17.9,0.0,seasonal
MAC005385,2013-08-05,4.155,18.3,0.0,seasonal
MAC005385,2013-08-06,5.083,16.8,0.0,seasonal
MAC005385,2013-08-07,3.952,17.3,0.0,seasonal
MAC005385,2013-08-08,4.016,16.6,0.0,seasonal
MAC005385,2013-08-09,3.858,18.3,0.0,seasonal
MAC005385,2013-08-10,4.355,16.9,0.0,seasonal
MAC005385,2013-08-11,4.377,18.2,0.0,seasonal
MAC005385,2013-08-12,4.215,16.3,0.0,seasonal
MAC005385,2013-08-13,3.951,15.3,0.2,seasonal
MAC005385,2013-08-14,3.779,16.4,0.0,seasonal
MAC005385,2013-08-15,4.18,19.2,0.0,seasonal
MAC005385,2013-08-16,4.287,17.9,0.0,seasonal
MAC005385,2013-08-17,4.206,16.6,0.0,seasonal
MAC005385,2013-08-18,4.729,18.8,0.0,seasonal
MAC005385,2013-08-19,4.472,17.0,0.0,seasonal
MAC005385,2013-08-20,4.304,17.6,0.0,seasonal
MAC005385,2013-08-21,3.987,18.1,0.0,seasonal
MAC005385,2013-08-22,4.298,18.7,0.0,seasonal
MAC005385,2013-08-23,4.0,20.0,0.0,seasonal
MAC005385,2013-08-24,3.868,17.0,0.0,seasonal
MAC005385,2013-08-25,4.342,17.1,0.0,seasonal
MAC005385,2013-08-26,4.95,18.2,0.0,seasonal
MAC005385,2013-08-27,4.129,16.1,0.0,seasonal
MAC005385,2013-08-28,3.927,16.1,0.0,seasonal
MAC005385,2013-08-29,3.969,17.9,0.0,seasonal
MAC005385,2013-08-30,4.062,18.3,0.0,seasonal
MAC005385,2013-08-31,3.993,16.3,0.0,seasonal
MAC005385,2013-09-01,3.748,14.7,0.8,seasonal
MAC005385,2013-09-02,4.555,16.8,0.0,seasonal
MAC005385,2013-09-03,3.657,18.5,0.0,seasonal
MAC005385,2013-09-04,4.03,18.7,0.0,seasonal
MAC005385,2013-09-05,3.958,20.4,0.0,seasonal
MAC005385,2013-09-06,3.869,15.4,0.1,seasonal
MAC005385,2013-09-07,4.504,13.6,1.9,seasonal
MAC005385,2013-09-08,4.503,11.8,3.7,seasonal
MAC005385,2013-09-09,5.644,11.6,3.9,seasonal
MAC005385,2013-09-10,4.362,12.5,3.0,seasonal
MAC005385,2013-09-11,4.523,13.5,2.0,seasonal
MAC005385,2013-09-12,4.431,14.1,1.4,seasonal
MAC005385,2013-09-13,4.598,16.2,0.0,seasonal
MAC005385,2013-09-14,4.569,11.7,3.8,seasonal
MAC005385,2013-09-15,4.829,11.3,4.2,seasonal
MAC005385,2013-09-16,5.074,11.2,4.3,seasonal
MAC005385,2013-09-17,4.272,11.0,4.5,seasonal
MAC005385,2013-09-18,20.255,12.3,3.2,seasonal
MAC005385,2013-09-19,19.329,12.0,3.5,seasonal
MAC005385,2013-09-20,15.642,13.4,2.1,seasonal
MAC005385,2013-09-21,15.198,13.5,2.0,seasonal
MAC005385,2013-09-22,15.872,16.8,0.0,seasonal
MAC005385,2013-09-23,13.936,16.6,0.0,seasonal
MAC005385,2013-09-24,4.053,15.1,0.4,seasonal
MAC005385,2013-09-25,3.964,15.7,0.0,seasonal
MAC005385,2013-09-26,4.103,14.5,1.0,seasonal
MAC005385,2013-09-27,4.522,12.6,2.9,seasonal
MAC005385,2013-09-28,4.156,14.3,1.2,seasonal
MAC005385,2013-09-29,15.027,14.3,1.2,seasonal
MAC005385,2013-09-30,15.124,14.9,0.6,seasonal
MAC005385,2013-10-01,15.006,14.3,1.2,seasonal
MAC005385,2013-10-02,14.625,15.4,0.1,seasonal
MAC005385,2013-10-03,14.809,16.1,0.0,seasonal
MAC005385,2013-10-04,15.052,17.3,0.0,seasonal
MAC005385,2013-10-05,16.008,15.3,0.2,seasonal
MAC005385,2013-10-06,15.119,13.8,1.7,seasonal
MAC005385,2013-10-07,15.344,13.3,2.2,seasonal
MAC005385,2013-10-08,15.284,15.6,0.0,seasonal
MAC005385,2013-10-09,15.727,13.6,1.9,seasonal
MAC005385,2013-10-10,16.17,9.3,6.2,seasonal
MAC005385,2013-10-11,16.292,11.1,4.4,seasonal
MAC005385,2013-10-12,16.015,11.4,4.1,seasonal
MAC005385,2013-10-13,21.211,9.6,5.9,seasonal
MAC005385,2013-10-14,20.734,9.1,6.4,seasonal
MAC005385,2013-10-15,20.703,9.5,6.0,seasonal
MAC005385,2013-10-16,20.391,9.7,5.8,seasonal
MAC005385,2013-10-17,32.621,13.2,2.3,seasonal
MAC005385,2013-10-18,21.086,12.6,2.9,seasonal
MAC005385,2013-10-19,20.402,13.9,1.6,seasonal
MAC005385,2013-10-20,20.425,13.4,2.1,seasonal
MAC005385,2013-10-21,19.906,14.8,0.7,seasonal
MAC005385,2013-10-22,21.082,16.0,0.0,seasonal
MAC005385,2013-10-23,20.353,13.9,1.6,seasonal
MAC005385,2013-10-24,20.48,11.1,4.4,seasonal
MAC005385,2013-10-25,20.022,15.3,0.2,seasonal
MAC005385,2013-10-26,20.242,15.0,0.5,seasonal
MAC005385,2013-10-27,20.712,13.5,2.0,seasonal
MAC005385,2013-10-28,20.957,12.7,2.8,seasonal
MAC005385,2013-10-29,21.138,9.1,6.4,seasonal
MAC005385,2013-10-30,20.0,9.0,6.5,seasonal
MAC005385,2013-10-31,20.454,12.5,3.0,seasonal
MAC005385,2013-11-01,20.423,12.0,3.5,seasonal
MAC005385,2013-11-02,21.255,11.5,4.0,seasonal
MAC005385,2013-11-03,20.875,8.7,6.8,seasonal
MAC005385,2013-11-04,20.869,7.4,8.1,seasonal
MAC005385,2013-11-05,31.579,7.6,7.9,seasonal
MAC005385,2013-11-06,20.35,10.4,5.1,seasonal
MAC005385,2013-11-07,24.408,10.4,5.1,seasonal
MAC005385,2013-11-08,25.383,7.5,8.0,seasonal
MAC005385,2013-11-09,25.611,5.4,10.1,seasonal
MAC005385,2013-11-10,21.525,5.2,10.3,seasonal
MAC005385,2013-11-11,21.43,8.5,7.0,seasonal
MAC005385,2013-11-12,21.394,10.0,5.5,seasonal
MAC005385,2013-11-13,21.033,5.1,10.4,seasonal
MAC005385,2013-11-14,29.604,7.2,8.3,seasonal
MAC005385,2013-11-15,29.139,4.8,10.7,seasonal
MAC005385,2013-11-16,25.049,4.0,11.5,seasonal
MAC005385,2013-11-17,21.631,6.0,9.5,seasonal
MAC005385,2013-11-18,22.453,7.8,7.7,seasonal
MAC005385,2013-11-19,24.326,2.9,12.6,seasonal
MAC005385,2013-11-20,31.133,2.3,13.2,seasonal
MAC005385,2013-11-21,30.858,4.5,11.0,seasonal
MAC005385,2013-11-22,30.901,4.8,10.7,seasonal
MAC005385,2013-11-23,29.521,4.6,10.9,seasonal
MAC005385,2013-11-24,29.739,4.6,10.9,seasonal
MAC005385,2013-11-25,30.258,4.0,11.5,seasonal
MAC005385,2013-11-26,29.245,2.5,13.0,seasonal
MAC005385,2013-11-27,28.78,6.4,9.1,seasonal
MAC005385,2013-11-28,26.891,7.2,8.3,seasonal
MAC005385,2013-11-29,27.709,7.3,8.2,seasonal
MAC005385,2013-11-30,27.579,5.3,10.2,seasonal
MAC005385,2013-12-01,27.224,3.7,11.8,seasonal
MAC005385,2013-12-02,26.952,5.5,10.0,seasonal
MAC005385,2013-12-03,28.538,3.2,12.3,seasonal
MAC005385,2013-12-04,29.123,4.4,11.1,seasonal
MAC005385,2013-12-05,29.344,4.4,11.1,seasonal
MAC005385,2013-12-06,27.772,4.3,11.2,seasonal
MAC005385,2013-12-07,28.311,5.9,9.6,seasonal
MAC005385,2013-12-08,27.723,7.3,8.2,seasonal
MAC005385,2013-12-09,27.776,6.7,8.8,seasonal
MAC005385,2013-12-10,28.577,3.9,11.6,seasonal
MAC005385,2013-12-11,28.208,2.8,12.7,seasonal
MAC005385,2013-12-12,27.063,5.2,10.3,seasonal
MAC005385,2013-12-13,27.646,8.7,6.8,seasonal
MAC005385,2013-12-14,27.269,7.3,8.2,seasonal
MAC005385,2013-12-15,26.352,10.7,4.8,seasonal
MAC005385,2013-12-16,26.427001,11.4,4.1,seasonal
MAC005385,2013-12-17,22.7,6.3,9.2,seasonal
MAC005385,2013-12-18,25.147,8.1,7.4,seasonal
MAC005385,2013-12-19,26.727,6.1,9.4,seasonal
MAC005385,2013-12-20,26.076,5.4,10.1,seasonal
MAC005385,2013-12-21,25.799,10.2,5.3,seasonal
MAC005385,2013-12-22,26.931,7.1,8.4,seasonal
MAC005385,2013-12-23,24.554,8.1,7.4,seasonal
MAC005385,2013-12-24,26.666,8.5,7.0,seasonal
MAC005385,2013-12-25,26.334,4.7,10.8,seasonal
MAC005385,2013-12-26,25.662,4.1,11.4,seasonal
MAC005385,2013-12-27,26.659,9.0,6.5,seasonal
MAC005385,2013-12-28,27.2,4.8,10.7,seasonal
MAC005385,2013-12-29,25.43,2.3,13.2,seasonal
MAC005385,2013-12-30,22.993,7.8,7.7,seasonal
MAC005386,2013-01-01,13.404,5.8,9.7,seasonal
MAC005386,2013-01-02,13.764,6.2,9.3,seasonal
MAC005386,2013-01-03,13.216,10.2,5.3,seasonal
MAC005386,2013-01-04,13.135,8.8,6.7,seasonal
MAC005386,2013-01-05,13.868,8.6,6.9,seasonal
MAC005386,2013-01-06,13.529,7.0,8.5,seasonal
MAC005386,2013-01-07,13.648,7.6,7.9,seasonal
MAC005386,2013-01-08,13.35,8.9,6.6,seasonal
MAC005386,2013-01-09,14.137,6.8,8.7,seasonal
MAC005386,2013-01-10,14.423,1.8,13.7,seasonal
MAC005386,2013-01-11,15.45,2.7,12.8,seasonal
MAC005386,2013-01-12,23.454,2.7,12.8,seasonal
MAC005386,2013-01-13,17.253,1.1,14.4,seasonal
MAC005386,2013-01-14,17.783,0.2,15.3,seasonal
MAC005386,2013-01-15,18.259,0.6,14.9,seasonal
MAC005386,2013-01-16,18.496,-2.2,17.7,seasonal
MAC005386,2013-01-17,18.093,-2.2,17.7,seasonal
MAC005386,2013-01-18,25.895,-1.4,16.9,seasonal
MAC005386,2013-01-19,22.911,-0.2,15.7,seasonal
MAC005386,2013-01-20,23.521,-1.2,16.7,seasonal
MAC005386,2013-01-21,24.022,-1.5,17.0,seasonal
MAC005386,2013-01-22,22.883,-1.5,17.0,seasonal
MAC005386,2013-01-23,22.994,0.9,14.6,seasonal
MAC005386,2013-01-24,22.793,-0.3,15.8,seasonal
MAC005386,2013-01-25,22.447,-1.5,17.0,seasonal
MAC005386,2013-01-26,22.551,3.3,12.2,seasonal
MAC005386,2013-01-27,21.435,7.6,7.9,seasonal
MAC005386,2013-01-28,21.417,5.8,9.7,seasonal
MAC005386,2013-01-29,6.167,10.9,4.6,seasonal
MAC005386,2013-01-30,5.909,10.1,5.4,seasonal
MAC005386,2013-01-31,24.019,8.2,7.3,seasonal
MAC005386,2013-02-01,22.072,5.4,10.1,seasonal
MAC005386,2013-02-02,22.767,2.7,12.8,seasonal
MAC005386,2013-02-03,21.596,3.6,11.9,seasonal
MAC005386,2013-02-04,21.315,7.9,7.6,seasonal
MAC005386,2013-02-05,21.6,3.6,11.9,seasonal
MAC005386,2013-02-06,23.2,3.5,12.0,seasonal
MAC005386,2013-02-07,22.019,1.9,13.6,seasonal
MAC005386,2013-02-08,22.023,1.2,14.3,seasonal
MAC005386,2013-02-09,21.88,1.6,13.9,seasonal
MAC005386,2013-02-10,24.539,2.6,12.9,seasonal
MAC005386,2013-02-11,24.657,1.1,14.4,seasonal
MAC005386,2013-02-12,22.119,1.1,14.4,seasonal
MAC005386,2013-02-13,22.412,0.5,15.0,seasonal
MAC005386,2013-02-14,21.761,6.5,9.0,seasonal
MAC005386,2013-02-15,21.391,4.4,11.1,seasonal
MAC005386,2013-02-16,13.149,5.0,10.5,seasonal
MAC005386,2013-02-17,14.259,3.5,12.0,seasonal
MAC005386,2013-02-18,13.973,3.3,12.2,seasonal
MAC005386,2013-02-19,14.402,0.8,14.7,seasonal
MAC005386,2013-02-20,28.832,2.0,13.5,seasonal
MAC005386,2013-02-21,28.668,0.7,14.8,seasonal
MAC005386,2013-02-22,29.112,0.3,15.2,seasonal
MAC005386,2013-02-23,28.332,0.3,15.2,seasonal
MAC005386,2013-02-24,28.868,0.4,15.1,seasonal
MAC005386,2013-02-25,29.094,2.5,13.0,seasonal
MAC005386,2013-02-26,28.729,3.5,12.0,seasonal
MAC005386,2013-02-27,28.318,3.0,12.5,seasonal
MAC005386,2013-02-28,28.531,3.5,12.0,seasonal
MAC005386,2013-03-01,28.489,3.9,11.6,seasonal
MAC005386,2013-03-02,28.591,2.3,13.2,seasonal
MAC005386,2013-03-03,6.823,2.6,12.9,seasonal
MAC005386,2013-03-04,20.166,3.6,11.9,seasonal
MAC005386,2013-03-05,17.397,5.8,9.7,seasonal
MAC005386,2013-03-06,17.248,7.4,8.1,seasonal
MAC005386,2013-03-07,16.552,8.0,7.5,seasonal
MAC005386,2013-03-08,17.279,8.5,7.0,seasonal
MAC005386,2013-03-09,21.047,6.0,9.5,seasonal
MAC005386,2013-03-10,18.568,2.1,13.4,seasonal
MAC005386,2013-03-11,19.44,-0.2,15.7,seasonal
MAC005386,2013-03-12,19.276,0.1,15.4,seasonal
MAC005386,2013-03-13,18.307,1.9,13.6,seasonal
MAC005386,2013-03-14,18.703,1.0,14.5,seasonal
MAC005386,2013-03-15,17.533,4.3,11.2,seasonal
MAC005386,2013-03-16,16.692,6.1,9.4,seasonal
MAC005386,2013-03-17,17.647,4.7,10.8,seasonal
MAC005386,2013-03-18,17.466,3.2,12.3,seasonal
MAC005386,2013-03-19,17.329,3.3,12.2,seasonal
MAC005386,2013-03-20,17.954,3.2,12.3,seasonal
MAC005386,2013-03-21,18.197,3.1,12.4,seasonal
MAC005386,2013-03-22,18.514,3.2,12.3,seasonal
MAC005386,2013-03-23,19.297,1.6,13.9,seasonal
MAC005386,2013-03-24,18.733,0.1,15.4,seasonal
MAC005386,2013-03-25,20.025,0.4,15.1,seasonal
MAC005386,2013-03-26,19.13,0.3,15.2,seasonal
MAC005386,2013-03-27,18.498,0.8,14.7,seasonal
MAC005386,2013-03-28,18.232,1.0,14.5,seasonal
MAC005386,2013-03-29,18.032,0.2,15.3,seasonal
MAC005386,2013-03-30,22.776,1.2,14.3,seasonal
MAC005386,2013-03-31,25.734,0.5,15.0,seasonal
MAC005386,2013-04-01,18.592,1.8,13.7,seasonal
MAC005386,2013-04-02,17.923,2.6,12.9,seasonal
MAC005386,2013-04-03,18.536,1.7,13.8,seasonal
MAC005386,2013-04-04,18.424,1.9,13.6,seasonal
MAC005386,2013-04-05,18.369,3.3,12.2,seasonal
MAC005386,2013-04-06,18.316,3.5,12.0,seasonal
MAC005386,2013-04-07,17.515,3.2,12.3,seasonal
MAC005386,2013-04-08,17.806,4.9,10.6,seasonal
MAC005386,2013-04-09,17.791,4.8,10.7,seasonal
MAC005386,2013-04-10,11.237,6.1,9.4,seasonal
MAC005386,2013-04-11,11.586,7.1,8.4,seasonal
MAC005386,2013-04-12,11.105,8.4,7.1,seasonal
MAC005386,2013-04-13,10.059,8.2,7.3,seasonal
MAC005386,2013-04-14,10.431,13.4,2.1,seasonal
MAC005386,2013-04-15,6.216,11.5,4.0,seasonal
MAC005386,2013-04-16,5.731,11.3,4.2,seasonal
MAC005386,2013-04-17,6.053,11.8,3.7,seasonal
MAC005386,2013-04-18,5.905,10.1,5.4,seasonal
MAC005386,2013-04-19,12.445,8.4,7.1,seasonal
MAC005386,2013-04-20,11.0,5.9,9.6,seasonal
MAC005386,2013-04-21,11.105,7.0,8.5,seasonal
MAC005386,2013-04-22,10.562,9.3,6.2,seasonal
MAC005386,2013-04-23,5.898,13.1,2.4,seasonal
MAC005386,2013-04-24,5.992,12.5,3.0,seasonal
MAC005386,2013-04-25,5.728,14.2,1.3,seasonal
MAC005386,2013-04-26,6.308,8.9,6.6,seasonal
MAC005386,2013-04-27,12.834,6.0,9.5,seasonal
MAC005386,2013-04-28,11.265,6.2,9.3,seasonal
MAC005386,2013-04-29,10.828,9.2,6.3,seasonal
MAC005386,2013-04-30,11.157,7.9,7.6,seasonal
MAC005386,2013-05-01,11.404,8.4,7.1,seasonal
MAC005386,2013-05-02,11.635,9.1,6.4,seasonal
MAC005386,2013-05-03,10.392,11.1,4.4,seasonal
MAC005386,2013-05-04,6.181,10.9,4.6,seasonal
MAC005386,2013-05-05,5.922,11.4,4.1,seasonal
MAC005386,2013-05-06,5.814,13.2,2.3,seasonal
MAC005386,2013-05-07,6.989,13.8,1.7,seasonal
MAC005386,2013-05-08,5.403,12.9,2.6,seasonal
MAC005386,2013-05-09,5.853,10.5,5.0,seasonal
MAC005386,2013-05-10,5.992,12.4,3.1,seasonal
MAC005386,2013-05-11,6.243,10.4,5.1,seasonal
MAC005386,2013-05-12,6.008,9.6,5.9,seasonal
MAC005386,2013-05-13,6.312,11.0,4.5,seasonal
MAC005386,2013-05-14,5.838,8.6,6.9,seasonal
MAC005386,2013-05-15,6.15,9.1,6.4,seasonal
MAC005386,2013-05-16,6.103,9.5,6.0,seasonal
MAC005386,2013-05-17,12.476,9.1,6.4,seasonal
MAC005386,2013-05-18,10.557,10.9,4.6,seasonal
MAC005386,2013-05-19,10.618,12.7,2.8,seasonal
MAC005386,2013-05-20,11.67,13.4,2.1,seasonal
MAC005386,2013-05-21,10.558,12.9,2.6,seasonal
MAC005386,2013-05-22,11.064,11.4,4.1,seasonal
MAC005386,2013-05-23,11.231,8.1,7.4,seasonal
MAC005386,2013-05-24,11.32,7.1,8.4,seasonal
MAC005386,2013-05-25,11.117,9.5,6.0,seasonal
MAC005386,2013-05-26,6.045,11.5,4.0,seasonal
MAC005386,2013-05-27,5.933,11.0,4.5,seasonal
MAC005386,2013-05-28,6.054,10.8,4.7,seasonal
MAC005386,2013-05-29,6.167,10.7,4.8,seasonal
MAC005386,2013-05-30,6.142,12.4,3.1,seasonal
MAC005386,2013-05-31,6.187,14.5,1.0,seasonal
MAC005386,2013-06-01,5.762,12.9,2.6,seasonal
MAC005386,2013-06-02,6.032,12.8,2.7,seasonal
MAC005386,2013-06-03,6.03,11.9,3.6,seasonal
MAC005386,2013-06-04,6.056,12.1,3.4,seasonal
MAC005386,2013-06-05,5.835,12.6,2.9,seasonal
MAC005386,2013-06-06,6.058,13.3,2.2,seasonal
MAC005386,2013-06-07,5.899,14.1,1.4,seasonal
MAC005386,2013-06-08,7.136,12.4,3.1,seasonal
MAC005386,2013-06-09,6.122,12.5,3.0,seasonal
MAC005386,2013-06-10,6.068,12.4,3.1,seasonal
MAC005386,2013-06-11,5.736,13.3,2.2,seasonal
MAC005386,2013-06-12,5.988,15.2,0.3,seasonal
MAC005386,2013-06-13,5.913,14.6,0.9,seasonal
MAC005386,2013-06-14,7.222,13.5,2.0,seasonal
MAC005386,2013-06-15,4.826,13.9,1.6,seasonal
MAC005386,2013-06-16,5.912,13.5,2.0,seasonal
MAC005386,2013-06-17,6.179,14.9,0.6,seasonal
MAC005386,2013-06-18,5.836,17.2,0.0,seasonal
MAC005386,2013-06-19,5.514,19.0,0.0,seasonal
MAC005386,2013-06-20,6.275,17.3,0.0,seasonal
MAC005386,2013-06-21,5.944,16.6,0.0,seasonal
MAC005386,2013-06-22,5.52,14.3,1.2,seasonal
MAC005386,2013-06-23,6.116,14.8,0.7,seasonal
MAC005386,2013-06-24,6.285,12.8,2.7,seasonal
MAC005386,2013-06-25,5.932,14.1,1.4,seasonal
MAC005386,2013-06-26,5.6,16.0,0.0,seasonal
MAC005386,2013-06-27,5.641,14.5,1.0,seasonal
MAC005386,2013-06-28,5.682,15.4,0.1,seasonal
MAC005386,2013-06-29,5.523,15.8,0.0,seasonal
MAC005386,2013-06-30,6.321,18.5,0.0,seasonal
MAC005386,2013-07-01,5.996,16.3,0.0,seasonal
MAC005386,2013-07-02,5.791,14.5,1.0,seasonal
MAC005386,2013-07-03,5.731,16.4,0.0,seasonal
MAC005386,2013-07-04,5.572,17.1,0.0,seasonal
MAC005386,2013-07-05,5.74,18.3,0.0,seasonal
MAC005386,2013-07-06,5.539,18.9,0.0,seasonal
MAC005386,2013-07-07,0.858,20.5,0.0,seasonal
MAC005386,2013-07-08,0.787,18.9,0.0,seasonal
MAC005386,2013-07-09,9.454,18.1,0.0,seasonal
MAC005386,2013-07-10,5.69,17.2,0.0,seasonal
MAC005386,2013-07-11,5.507,15.2,0.3,seasonal
MAC005386,2013-07-12,5.612,17.0,0.0,seasonal
MAC005386,2013-07-13,5.144,21.6,0.0,seasonal
MAC005386,2013-07-14,0.959,22.1,0.0,seasonal
MAC005386,2013-07-15,0.997,21.8,0.0,seasonal
MAC005386,2013-07-16,1.045,22.8,0.0,seasonal
MAC005386,2013-07-17,10.268,22.9,0.0,seasonal
MAC005386,2013-07-18,5.657,21.2,0.0,seasonal
MAC005386,2013-07-19,0.751,20.3,0.0,seasonal
MAC005386,2013-07-20,0.635,18.8,0.0,seasonal
MAC005386,2013-07-21,0.788,20.2,0.0,seasonal
MAC005386,2013-07-22,10.855,23.8,0.0,seasonal
MAC005386,2013-07-23,6.021,23.1,0.0,seasonal
MAC005386,2013-07-24,0.903,20.5,0.0,seasonal
MAC005386,2013-07-25,0.925,19.8,0.0,seasonal
MAC005386,2013-07-26,10.101,19.6,0.0,seasonal
MAC005386,2013-07-27,6.424,20.0,0.0,seasonal
MAC005386,2013-07-28,0.841,18.7,0.0,seasonal
MAC005386,2013-07-29,0.766,17.9,0.0,seasonal
MAC005386,2013-07-30,9.629,16.8,0.0,seasonal
MAC005386,2013-07-31,6.51,18.6,0.0,seasonal
MAC005386,2013-08-01,6.245,22.8,0.0,seasonal
MAC005386,2013-08-02,5.744,19.6,0.0,seasonal
MAC005386,2013-08-03,5.698,18.1,0.0,seasonal
MAC005386,2013-08-04,5.379,17.9,0.0,seasonal
MAC005386,2013-08-05,5.411,18.3,0.0,seasonal
MAC005386,2013-08-06,5.737,16.8,0.0,seasonal
MAC005386,2013-08-07,5.835,17.3,0.0,seasonal
MAC005386,2013-08-08,5.55,16.6,0.0,seasonal
MAC005386,2013-08-09,0.703,18.3,0.0,seasonal
MAC005386,2013-08-10,8.282,16.9,0.0,seasonal
MAC005386,2013-08-11,5.705,18.2,0.0,seasonal
MAC005386,2013-08-12,5.745,16.3,0.0,seasonal
MAC005386,2013-08-13,5.438,15.3,0.2,seasonal
MAC005386,2013-08-14,5.745,16.4,0.0,seasonal
MAC005386,2013-08-15,5.692,19.2,0.0,seasonal
MAC005386,2013-08-16,5.482,17.9,0.0,seasonal
MAC005386,2013-08-17,5.797,16.6,0.0,seasonal
MAC005386,2013-08-18,5.979,18.8,0.0,seasonal
MAC005386,2013-08-19,0.735,17.0,0.0,seasonal
MAC005386,2013-08-20,0.726,17.6,0.0,seasonal
MAC005386,2013-08-21,9.68,18.1,0.0,seasonal
MAC005386,2013-08-22,5.68,18.7,0.0,seasonal
MAC005386,2013-08-23,5.733,20.0,0.0,seasonal
MAC005386,2013-08-24,5.472,17.0,0.0,seasonal
MAC005386,2013-08-25,5.314,17.1,0.0,seasonal
MAC005386,2013-08-26,6.642,18.2,0.0,seasonal
MAC005386,2013-08-27,5.254,16.1,0.0,seasonal
MAC005386,2013-08-28,0.74,16.1,0.0,seasonal
MAC005386,2013-08-29,0.72,17.9,0.0,seasonal
MAC005386,2013-08-30,9.897,18.3,0.0,seasonal
MAC005386,2013-08-31,5.561,16.3,0.0,seasonal
MAC005386,2013-09-01,6.043,14.7,0.8,seasonal
MAC005386,2013-09-02,6.079,16.8,0.0,seasonal
MAC005386,2013-09-03,5.804,18.5,0.0,seasonal
MAC005386,2013-09-04,5.909,18.7,0.0,seasonal
MAC005386,2013-09-05,5.359,20.4,0.0,seasonal
MAC005386,2013-09-06,0.798,15.4,0.1,seasonal
MAC005386,2013-09-07,8.519,13.6,1.9,seasonal
MAC005386,2013-09-08,5.85,11.8,3.7,seasonal
MAC005386,2013-09-09,5.769,11.6,3.9,seasonal
MAC005386,2013-09-10,6.128,12.5,3.0,seasonal
MAC005386,2013-09-11,6.006,13.5,2.0,seasonal
MAC005386,2013-09-12,6.049,14.1,1.4,seasonal
MAC005386,2013-09-13,5.885,16.2,0.0,seasonal
MAC005386,2013-09-14,6.383,11.7,3.8,seasonal
MAC005386,2013-09-15,5.496,11.3,4.2,seasonal
MAC005386,2013-09-16,6.078,11.2,4.3,seasonal
MAC005386,2013-09-17,5.894,11.0,4.5,seasonal
MAC005386,2013-09-18,6.183,12.3,3.2,seasonal
MAC005386,2013-09-19,5.902,12.0,3.5,seasonal
MAC005386,2013-09-20,6.292,13.4,2.1,seasonal
MAC005386,2013-09-21,5.712,13.5,2.0,seasonal
MAC005386,2013-09-22,5.915,16.8,0.0,seasonal
MAC005386,2013-09-23,5.994,16.6,0.0,seasonal
MAC005386,2013-09-24,5.796,15.1,0.4,seasonal
MAC005386,2013-09-25,5.935,15.7,0.0,seasonal
MAC005386,2013-09-26,6.102,14.5,1.0,seasonal
MAC005386,2013-09-27,5.858,12.6,2.9,seasonal
MAC005386,2013-09-28,6.035,14.3,1.2,seasonal
MAC005386,2013-09-29,6.157,14.3,1.2,seasonal
MAC005386,2013-09-30,6.181,14.9,0.6,seasonal
MAC005386,2013-10-01,6.344,14.3,1.2,seasonal
MAC005386,2013-10-02,5.868,15.4,0.1,seasonal
MAC005386,2013-10-03,6.599,16.1,0.0,seasonal
MAC005386,2013-10-04,5.88,17.3,0.0,seasonal
MAC005386,2013-10-05,5.78,15.3,0.2,seasonal
MAC005386,2013-10-06,5.932,13.8,1.7,seasonal
MAC005386,2013-10-07,5.881,13.3,2.2,seasonal
MAC005386,2013-10-08,5.938,15.6,0.0,seasonal
MAC005386,2013-10-09,6.162,13.6,1.9,seasonal
MAC005386,2013-10-10,6.198,9.3,6.2,seasonal
MAC005386,2013-10-11,5.882,11.1,4.4,seasonal
MAC005386,2013-10-12,5.798,11.4,4.1,seasonal
MAC005386,2013-10-13,7.144,9.6,5.9,seasonal
MAC005386,2013-10-14,6.648,9.1,6.4,seasonal
MAC005386,2013-10-15,5.812,9.5,6.0,seasonal
MAC005386,2013-10-16,6.418,9.7,5.8,seasonal
MAC005386,2013-10-17,6.089,13.2,2.3,seasonal
MAC005386,2013-10-18,5.961,12.6,2.9,seasonal
MAC005386,2013-10-19,5.74,13.9,1.6,seasonal
MAC005386,2013-10-20,6.43,13.4,2.1,seasonal
MAC005386,2013-10-21,6.004,14.8,0.7,seasonal
MAC005386,2013-10-22,6.516,16.0,0.0,seasonal
MAC005386,2013-10-23,5.517,13.9,1.6,seasonal
MAC005386,2013-10-24,6.12,11.1,4.4,seasonal
MAC005386,2013-10-25,5.77,15.3,0.2,seasonal
MAC005386,2013-10-26,5.846,15.0,0.5,seasonal
MAC005386,2013-10-27,6.093,13.5,2.0,seasonal
MAC005386,2013-10-28,6.428,12.7,2.8,seasonal
MAC005386,2013-10-29,6.084,9.1,6.4,seasonal
MAC005386,2013-10-30,6.254,9.0,6.5,seasonal
MAC005386,2013-10-31,5.745,12.5,3.0,seasonal
MAC005386,2013-11-01,5.917,12.0,3.5,seasonal
MAC005386,2013-11-02,6.053,11.5,4.0,seasonal
MAC005386,2013-11-03,5.663,8.7,6.8,seasonal
MAC005386,2013-11-04,6.476,7.4,8.1,seasonal
MAC005386,2013-11-05,28.052,7.6,7.9,seasonal
MAC005386,2013-11-06,14.837,10.4,5.1,seasonal
MAC005386,2013-11-07,17.257,10.4,5.1,seasonal
MAC005386,2013-11-08,17.703,7.5,8.0,seasonal
MAC005386,2013-11-09,17.714,5.4,10.1,seasonal
MAC005386,2013-11-10,17.966,5.2,10.3,seasonal
MAC005386,2013-11-11,17.185,8.5,7.0,seasonal
MAC005386,2013-11-12,17.966,10.0,5.5,seasonal
MAC005386,2013-11-13,17.642,5.1,10.4,seasonal
MAC005386,2013-11-14,17.729,7.2,8.3,seasonal
MAC005386,2013-11-15,18.038,4.8,10.7,seasonal
MAC005386,2013-11-16,17.795,4.0,11.5,seasonal
MAC005386,2013-11-17,17.665,6.0,9.5,seasonal
MAC005386,2013-11-18,17.511,7.8,7.7,seasonal
MAC005386,2013-11-19,18.389,2.9,12.6,seasonal
MAC005386,2013-11-20,17.842,2.3,13.2,seasonal
MAC005386,2013-11-21,19.408,4.5,11.0,seasonal
MAC005386,2013-11-22,18.334,4.8,10.7,seasonal
MAC005386,2013-11-23,17.904,4.6,10.9,seasonal
MAC005386,2013-11-24,18.693,4.6,10.9,seasonal
MAC005386,2013-11-25,23.455,4.0,11.5,seasonal
MAC005386,2013-11-26,21.508,2.5,13.0,seasonal
MAC005386,2013-11-27,16.336,6.4,9.1,seasonal
MAC005386,2013-11-28,16.533,7.2,8.3,seasonal
MAC005386,2013-11-29,16.898,7.3,8.2,seasonal
MAC005386,2013-11-30,18.014,5.3,10.2,seasonal
MAC005386,2013-12-01,16.848,3.7,11.8,seasonal
MAC005386,2013-12-02,16.987,5.5,10.0,seasonal
MAC005386,2013-12-03,18.097,3.2,12.3,seasonal
MAC005386,2013-12-04,16.717,4.4,11.1,seasonal
MAC005386,2013-12-05,17.056,4.4,11.1,seasonal
MAC005386,2013-12-06,16.759,4.3,11.2,seasonal
MAC005386,2013-12-07,17.048,5.9,9.6,seasonal
MAC005386,2013-12-08,16.811,7.3,8.2,seasonal
MAC005386,2013-12-09,17.17,6.7,8.8,seasonal
MAC005386,2013-12-10,16.971,3.9,11.6,seasonal
MAC005386,2013-12-11,17.933,2.8,12.7,seasonal
MAC005386,2013-12-12,17.036,5.2,10.3,seasonal
MAC005386,2013-12-13,17.296,8.7,6.8,seasonal
MAC005386,2013-12-14,16.262,7.3,8.2,seasonal
MAC005386,2013-12-15,16.481,10.7,4.8,seasonal
MAC005386,2013-12-16,16.835,11.4,4.1,seasonal
MAC005386,2013-12-17,17.059,6.3,9.2,seasonal
MAC005386,2013-12-18,16.728,8.1,7.4,seasonal
MAC005386,2013-12-19,16.723,6.1,9.4,seasonal
MAC005386,2013-12-20,17.147,5.4,10.1,seasonal
MAC005386,2013-12-21,16.73,10.2,5.3,seasonal
MAC005386,2013-12-22,16.995,7.1,8.4,seasonal
MAC005386,2013-12-23,3.62,8.1,7.4,seasonal
MAC005386,2013-12-24,0.54,8.5,7.0,seasonal
MAC005386,2013-12-25,0.416,4.7,10.8,seasonal
MAC005386,2013-12-26,0.528,4.1,11.4,seasonal
MAC005386,2013-12-27,0.428,9.0,6.5,seasonal
MAC005386,2013-12-28,0.501,4.8,10.7,seasonal
MAC005386,2013-12-29,0.448,2.3,13.2,seasonal
MAC005386,2013-12-30,0.55,7.8,7.7,seasonal
MAC005388,2013-01-01,11.357,5.8,9.7,seasonal
MAC005388,2013-01-02,11.259,6.2,9.3,seasonal
MAC005388,2013-01-03,14.61,10.2,5.3,seasonal
MAC005388,2013-01-04,14.433,8.8,6.7,seasonal
MAC005388,2013-01-05,12.674,8.6,6.9,seasonal
MAC005388,2013-01-06,11.37,7.0,8.5,seasonal
MAC005388,2013-01-07,16.752,7.6,7.9,seasonal
MAC005388,2013-01-08,7.549,8.9,6.6,seasonal
MAC005388,2013-01-09,11.637,6.8,8.7,seasonal
MAC005388,2013-01-10,10.631,1.8,13.7,seasonal
MAC005388,2013-01-11,12.184,2.7,12.8,seasonal
MAC005388,2013-01-12,18.962,2.7,12.8,seasonal
MAC005388,2013-01-13,21.538,1.1,14.4,seasonal
MAC005388,2013-01-14,21.345,0.2,15.3,seasonal
MAC005388,2013-01-15,10.785,0.6,14.9,seasonal
MAC005388,2013-01-16,22.288,-2.2,17.7,seasonal
MAC005388,2013-01-17,29.168,-2.2,17.7,seasonal
MAC005388,2013-01-18,13.746,-1.4,16.9,seasonal
MAC005388,2013-01-19,18.622,-0.2,15.7,seasonal
MAC005388,2013-01-20,10.933,-1.2,16.7,seasonal
MAC005388,2013-01-21,12.243,-1.5,17.0,seasonal
MAC005388,2013-01-22,21.389,-1.5,17.0,seasonal
MAC005388,2013-01-23,11.006,0.9,14.6,seasonal
MAC005388,2013-01-24,23.781,-0.3,15.8,seasonal
MAC005388,2013-01-25,18.753,-1.5,17.0,seasonal
MAC005388,2013-01-26,13.605,3.3,12.2,seasonal
MAC005388,2013-01-27,11.207,7.6,7.9,seasonal
MAC005388,2013-01-28,15.203,5.8,9.7,seasonal
MAC005388,2013-01-29,12.277,10.9,4.6,seasonal
MAC005388,2013-01-30,11.474,10.1,5.4,seasonal
MAC005388,2013-01-31,16.382,8.2,7.3,seasonal
MAC005388,2013-02-01,12.201,5.4,10.1,seasonal
MAC005388,2013-02-02,24.721,2.7,12.8,seasonal
MAC005388,2013-02-03,17.522,3.6,11.9,seasonal
MAC005388,2013-02-04,12.131,7.9,7.6,seasonal
MAC005388,2013-02-05,11.183,3.6,11.9,seasonal
MAC005388,2013-02-06,21.591,3.5,12.0,seasonal
MAC005388,2013-02-07,15.703,1.9,13.6,seasonal
MAC005388,2013-02-08,17.414,1.2,14.3,seasonal
MAC005388,2013-02-09,24.487,1.6,13.9,seasonal
MAC005388,2013-02-10,18.896,2.6,12.9,seasonal
MAC005388,2013-02-11,17.731,1.1,14.4,seasonal
MAC005388,2013-02-12,14.927,1.1,14.4,seasonal
MAC005388,2013-02-13,20.674,0.5,15.0,seasonal
MAC005388,2013-02-14,25.691,6.5,9.0,seasonal
MAC005388,2013-02-15,14.919,4.4,11.1,seasonal
MAC005388,2013-02-16,22.043,5.0,10.5,seasonal
MAC005388,2013-02-17,19.37,3.5,12.0,seasonal
MAC005388,2013-02-18,12.978,3.3,12.2,seasonal
MAC005388,2013-02-19,10.888,0.8,14.7,seasonal
MAC005388,2013-02-20,11.437,2.0,13.5,seasonal
MAC005388,2013-02-21,14.811,0.7,14.8,seasonal
MAC005388,2013-02-22,22.844,0.3,15.2,seasonal
MAC005388,2013-02-23,15.233,0.3,15.2,seasonal
MAC005388,2013-02-24,19.177,0.4,15.1,seasonal
MAC005388,2013-02-25,16.04,2.5,13.0,seasonal
MAC005388,2013-02-26,17.554,3.5,12.0,seasonal
MAC005388,2013-02-27,17.713,3.0,12.5,seasonal
MAC005388,2013-02-28,18.027,3.5,12.0,seasonal
MAC005388,2013-03-02,15.359,2.3,13.2,seasonal
MAC005388,2013-03-03,13.613,2.6,12.9,seasonal
MAC005388,2013-03-04,15.936,3.6,11.9,seasonal
MAC005388,2013-03-05,16.829,5.8,9.7,seasonal
MAC005388,2013-03-06,14.466,7.4,8.1,seasonal
MAC005388,2013-03-07,23.802,8.0,7.5,seasonal
MAC005388,2013-03-08,11.769,8.5,7.0,seasonal
MAC005388,2013-03-09,3.847,6.0,9.5,seasonal
MAC005388,2013-03-10,12.571,2.1,13.4,seasonal
MAC005388,2013-03-11,24.464,-0.2,15.7,seasonal
MAC005388,2013-03-12,15.223,0.1,15.4,seasonal
MAC005388,2013-03-13,17.424,1.9,13.6,seasonal
MAC005388,2013-03-14,19.775,1.0,14.5,seasonal
MAC005388,2013-03-15,11.009,4.3,11.2,seasonal
MAC005388,2013-03-16,15.436,6.1,9.4,seasonal
MAC005388,2013-03-17,15.74,4.7,10.8,seasonal
MAC005388,2013-03-18,13.657,3.2,12.3,seasonal
MAC005388,2013-03-19,20.517,3.3,12.2,seasonal
MAC005388,2013-03-20,12.824,3.2,12.3,seasonal
MAC005388,2013-03-21,17.117,3.1,12.4,seasonal
MAC005388,2013-03-22,25.047,3.2,12.3,seasonal
MAC005388,2013-03-23,22.636,1.6,13.9,seasonal
MAC005388,2013-03-24,28.227,0.1,15.4,seasonal
MAC005388,2013-03-25,23.117,0.4,15.1,seasonal
MAC005388,2013-03-26,14.845,0.3,15.2,seasonal
MAC005388,2013-03-27,22.52,0.8,14.7,seasonal
MAC005388,2013-03-28,12.369,1.0,14.5,seasonal
MAC005388,2013-03-29,26.091,0.2,15.3,seasonal
MAC005388,2013-03-30,10.633,1.2,14.3,seasonal
MAC005388,2013-03-31,11.431,0.5,15.0,seasonal
MAC005388,2013-04-01,11.257,1.8,13.7,seasonal
MAC005388,2013-04-02,11.784,2.6,12.9,seasonal
MAC005388,2013-04-03,11.06,1.7,13.8,seasonal
MAC005388,2013-04-04,16.506,1.9,13.6,seasonal
MAC005388,2013-04-05,19.295,3.3,12.2,seasonal
MAC005388,2013-04-06,12.184,3.5,12.0,seasonal
MAC005388,2013-04-07,16.144,3.2,12.3,seasonal
MAC005388,2013-04-08,13.996,4.9,10.6,seasonal
MAC005388,2013-04-09,17.355,4.8,10.7,seasonal
MAC005388,2013-04-10,14.642,6.1,9.4,seasonal
MAC005388,2013-04-11,16.862,7.1,8.4,seasonal
MAC005388,2013-04-12,11.83,8.4,7.1,seasonal
MAC005388,2013-04-13,11.352,8.2,7.3,seasonal
MAC005388,2013-04-14,0.611,13.4,2.1,seasonal
MAC005388,2013-04-15,5.715,11.5,4.0,seasonal
MAC005388,2013-04-16,0.928,11.3,4.2,seasonal
MAC005388,2013-04-17,3.002,11.8,3.7,seasonal
MAC005388,2013-04-18,5.882,10.1,5.4,seasonal
MAC005388,2013-04-19,0.712,8.4,7.1,seasonal
MAC005388,2013-04-20,9.026,5.9,9.6,seasonal
MAC005388,2013-04-21,12.49,7.0,8.5,seasonal
MAC005388,2013-04-22,12.258,9.3,6.2,seasonal
MAC005388,2013-04-23,1.484,13.1,2.4,seasonal
MAC005388,2013-04-24,1.266,12.5,3.0,seasonal
MAC005388,2013-04-25,1.982,14.2,1.3,seasonal
MAC005388,2013-04-26,6.435,8.9,6.6,seasonal
MAC005388,2013-04-27,9.974,6.0,9.5,seasonal
MAC005388,2013-04-28,6.511,6.2,9.3,seasonal
MAC005388,2013-04-29,18.863,9.2,6.3,seasonal
MAC005388,2013-04-30,1.882,7.9,7.6,seasonal
MAC005388,2013-05-01,9.307,8.4,7.1,seasonal
MAC005388,2013-05-02,14.274,9.1,6.4,seasonal
MAC005388,2013-05-03,1.823,11.1,4.4,seasonal
MAC005388,2013-05-04,11.953,10.9,4.6,seasonal
MAC005388,2013-05-05,12.379,11.4,4.1,seasonal
MAC005388,2013-05-06,27.791,13.2,2.3,seasonal
MAC005388,2013-05-07,1.618,13.8,1.7,seasonal
MAC005388,2013-05-08,2.23,12.9,2.6,seasonal
MAC005388,2013-05-09,2.076,10.5,5.0,seasonal
MAC005388,2013-05-10,5.68,12.4,3.1,seasonal
MAC005388,2013-05-11,1.397,10.4,5.1,seasonal
MAC005388,2013-05-12,6.22,9.6,5.9,seasonal
MAC005388,2013-05-13,6.456,11.0,4.5,seasonal
MAC005388,2013-05-14,12.612,8.6,6.9,seasonal
MAC005388,2013-05-15,1.813,9.1,6.4,seasonal
MAC005388,2013-05-16,6.832,9.5,6.0,seasonal
MAC005388,2013-05-17,9.545,9.1,6.4,seasonal
MAC005388,2013-05-18,18.884,10.9,4.6,seasonal
MAC005388,2013-05-19,12.518,12.7,2.8,seasonal
MAC005388,2013-05-20,2.621,13.4,2.1,seasonal
MAC005388,2013-05-21,6.7,12.9,2.6,seasonal
MAC005388,2013-05-22,12.863,11.4,4.1,seasonal
MAC005388,2013-05-23,6.734,8.1,7.4,seasonal
MAC005388,2013-05-24,1.857,7.1,8.4,seasonal
MAC005388,2013-05-25,21.186,9.5,6.0,seasonal
MAC005388,2013-05-26,6.116,11.5,4.0,seasonal
MAC005388,2013-05-27,24.987,11.0,4.5,seasonal
MAC005388,2013-05-28,13.571,10.8,4.7,seasonal
MAC005388,2013-05-29,1.766,10.7,4.8,seasonal
MAC005388,2013-05-30,13.009,12.4,3.1,seasonal
MAC005388,2013-05-31,11.6,14.5,1.0,seasonal
MAC005388,2013-06-01,1.814,12.9,2.6,seasonal
MAC005388,2013-06-02,7.747,12.8,2.7,seasonal
MAC005388,2013-06-03,4.882,11.9,3.6,seasonal
MAC005388,2013-06-04,9.999,12.1,3.4,seasonal
MAC005388,2013-06-05,1.509,12.6,2.9,seasonal
MAC005388,2013-06-06,4.098,13.3,2.2,seasonal
MAC005388,2013-06-07,12.474,14.1,1.4,seasonal
MAC005388,2013-06-08,22.42,12.4,3.1,seasonal
MAC005388,2013-06-09,3.84,12.5,3.0,seasonal
MAC005388,2013-06-10,7.079,12.4,3.1,seasonal
MAC005388,2013-06-11,6.804,13.3,2.2,seasonal
MAC005388,2013-06-12,5.43,15.2,0.3,seasonal
MAC005388,2013-06-13,1.78,14.6,0.9,seasonal
MAC005388,2013-06-14,4.487,13.5,2.0,seasonal
MAC005388,2013-06-15,8.388,13.9,1.6,seasonal
MAC005388,2013-06-16,5.41,13.5,2.0,seasonal
MAC005388,2013-06-17,5.963,14.9,0.6,seasonal
MAC005388,2013-06-18,7.287,17.2,0.0,seasonal
MAC005388,2013-06-19,3.5,19.0,0.0,seasonal
MAC005388,2013-06-20,1.865,17.3,0.0,seasonal
MAC005388,2013-06-21,1.967,16.6,0.0,seasonal
MAC005388,2013-06-22,5.91,14.3,1.2,seasonal
MAC005388,2013-06-23,1.86,14.8,0.7,seasonal
MAC005388,2013-06-24,1.746,12.8,2.7,seasonal
MAC005388,2013-06-25,5.686,14.1,1.4,seasonal
MAC005388,2013-06-26,1.882,16.0,0.0,seasonal
MAC005388,2013-06-27,16.661,14.5,1.0,seasonal
MAC005388,2013-06-28,1.675,15.4,0.1,seasonal
MAC005388,2013-06-29,6.484,15.8,0.0,seasonal
MAC005388,2013-06-30,1.92,18.5,0.0,seasonal
MAC005388,2013-07-01,7.605,16.3,0.0,seasonal
MAC005388,2013-07-02,5.822,14.5,1.0,seasonal
MAC005388,2013-07-03,1.935,16.4,0.0,seasonal
MAC005388,2013-07-04,4.577,17.1,0.0,seasonal
MAC005388,2013-07-05,2.729,18.3,0.0,seasonal
MAC005388,2013-07-06,1.934,18.9,0.0,seasonal
MAC005388,2013-07-07,2.074,20.5,0.0,seasonal
MAC005388,2013-07-08,2.01,18.9,0.0,seasonal
MAC005388,2013-07-09,4.816,18.1,0.0,seasonal
MAC005388,2013-07-10,1.991,17.2,0.0,seasonal
MAC005388,2013-07-11,1.992,15.2,0.3,seasonal
MAC005388,2013-07-12,1.766,17.0,0.0,seasonal
MAC005388,2013-07-13,1.417,21.6,0.0,seasonal
MAC005388,2013-07-14,4.552,22.1,0.0,seasonal
MAC005388,2013-07-15,1.812,21.8,0.0,seasonal
MAC005388,2013-07-16,1.776,22.8,0.0,seasonal
MAC005388,2013-07-17,2.369,22.9,0.0,seasonal
MAC005388,2013-07-18,2.405,21.2,0.0,seasonal
MAC005388,2013-07-19,3.302,20.3,0.0,seasonal
MAC005388,2013-07-20,1.704,18.8,0.0,seasonal
MAC005388,2013-07-21,4.834,20.2,0.0,seasonal
MAC005388,2013-07-22,2.256,23.8,0.0,seasonal
MAC005388,2013-07-23,1.62,23.1,0.0,seasonal
MAC005388,2013-07-24,1.676,20.5,0.0,seasonal
MAC005388,2013-07-25,4.73,19.8,0.0,seasonal
MAC005388,2013-07-26,1.759,19.6,0.0,seasonal
MAC005388,2013-07-27,1.882,20.0,0.0,seasonal
MAC005388,2013-07-28,4.571,18.7,0.0,seasonal
MAC005388,2013-07-29,0.858,17.9,0.0,seasonal
MAC005388,2013-07-30,1.848,16.8,0.0,seasonal
MAC005388,2013-07-31,1.659,18.6,0.0,seasonal
MAC005388,2013-08-01,1.279,22.8,0.0,seasonal
MAC005388,2013-08-02,1.49,19.6,0.0,seasonal
MAC005388,2013-08-03,1.223,18.1,0.0,seasonal
MAC005388,2013-08-04,1.141,17.9,0.0,seasonal
MAC005388,2013-08-05,1.429,18.3,0.0,seasonal
MAC005388,2013-08-06,1.776,16.8,0.0,seasonal
MAC005388,2013-08-07,1.366,17.3,0.0,seasonal
MAC005388,2013-08-08,1.322,16.6,0.0,seasonal
MAC005388,2013-08-09,4.379,18.3,0.0,seasonal
MAC005388,2013-08-10,2.079,16.9,0.0,seasonal
MAC005388,2013-08-11,1.657,18.2,0.0,seasonal
MAC005388,2013-08-12,1.896,16.3,0.0,seasonal
MAC005388,2013-08-13,1.398,15.3,0.2,seasonal
MAC005388,2013-08-14,1.718,16.4,0.0,seasonal
MAC005388,2013-08-15,1.924,19.2,0.0,seasonal
MAC005388,2013-08-16,4.408,17.9,0.0,seasonal
MAC005388,2013-08-17,1.257,16.6,0.0,seasonal
MAC005388,2013-08-18,1.715,18.8,0.0,seasonal
MAC005388,2013-08-19,1.711,17.0,0.0,seasonal
MAC005388,2013-08-20,1.911,17.6,0.0,seasonal
MAC005388,2013-08-21,2.49,18.1,0.0,seasonal
MAC005388,2013-08-22,1.522,18.7,0.0,seasonal
MAC005388,2013-08-23,1.904,20.0,0.0,seasonal
MAC005388,2013-08-24,1.782,17.0,0.0,seasonal
MAC005388,2013-08-25,2.341,17.1,0.0,seasonal
MAC005388,2013-08-26,1.866,18.2,0.0,seasonal
MAC005388,2013-08-27,5.128,16.1,0.0,seasonal
MAC005388,2013-08-28,1.94,16.1,0.0,seasonal
MAC005388,2013-08-29,1.735,17.9,0.0,seasonal
MAC005388,2013-08-30,2.322,18.3,0.0,seasonal
MAC005388,2013-08-31,4.719,16.3,0.0,seasonal
MAC005388,2013-09-01,1.938,14.7,0.8,seasonal
MAC005388,2013-09-02,2.158,16.8,0.0,seasonal
MAC005388,2013-09-03,1.843,18.5,0.0,seasonal
MAC005388,2013-09-04,5.385,18.7,0.0,seasonal
MAC005388,2013-09-05,1.989,20.4,0.0,seasonal
MAC005388,2013-09-06,4.669,15.4,0.1,seasonal
MAC005388,2013-09-07,2.25,13.6,1.9,seasonal
MAC005388,2013-09-08,4.816,11.8,3.7,seasonal
MAC005388,2013-09-09,2.097,11.6,3.9,seasonal
MAC005388,2013-09-10,5.261,12.5,3.0,seasonal
MAC005388,2013-09-11,1.981,13.5,2.0,seasonal
MAC005388,2013-09-12,1.707,14.1,1.4,seasonal
MAC005388,2013-09-13,5.617,16.2,0.0,seasonal
MAC005388,2013-09-14,1.832,11.7,3.8,seasonal
MAC005388,2013-09-15,5.401,11.3,4.2,seasonal
MAC005388,2013-09-16,1.785,11.2,4.3,seasonal
MAC005388,2013-09-17,1.586,11.0,4.5,seasonal
MAC005388,2013-09-18,5.748,12.3,3.2,seasonal
MAC005388,2013-09-19,5.225,12.0,3.5,seasonal
MAC005388,2013-09-20,1.781,13.4,2.1,seasonal
MAC005388,2013-09-21,2.953,13.5,2.0,seasonal
MAC005388,2013-09-22,4.886,16.8,0.0,seasonal
MAC005388,2013-09-23,1.668,16.6,0.0,seasonal
MAC005388,2013-09-24,2.143,15.1,0.4,seasonal
MAC005388,2013-09-25,1.573,15.7,0.0,seasonal
MAC005388,2013-09-26,1.749,14.5,1.0,seasonal
MAC005388,2013-09-27,1.333,12.6,2.9,seasonal
MAC005388,2013-09-28,1.619,14.3,1.2,seasonal
MAC005388,2013-09-29,1.633,14.3,1.2,seasonal
MAC005388,2013-09-30,12.456,14.9,0.6,seasonal
MAC005388,2013-10-01,6.903,14.3,1.2,seasonal
MAC005388,2013-10-02,5.945,15.4,0.1,seasonal
MAC005388,2013-10-03,3.234,16.1,0.0,seasonal
MAC005388,2013-10-04,2.999,17.3,0.0,seasonal
MAC005388,2013-10-05,4.935,15.3,0.2,seasonal
MAC005388,2013-10-06,1.794,13.8,1.7,seasonal
MAC005388,2013-10-07,4.99,13.3,2.2,seasonal
MAC005388,2013-10-08,5.317,15.6,0.0,seasonal
MAC005388,2013-10-09,2.051,13.6,1.9,seasonal
MAC005388,2013-10-10,1.739,9.3,6.2,seasonal
MAC005388,2013-10-11,1.979,11.1,4.4,seasonal
MAC005388,2013-10-12,4.721,11.4,4.1,seasonal
MAC005388,2013-10-13,2.995,9.6,5.9,seasonal
MAC005388,2013-10-14,20.729,9.1,6.4,seasonal
MAC005388,2013-10-15,5.304,9.5,6.0,seasonal
MAC005388,2013-10-16,10.856,9.7,5.8,seasonal
MAC005388,2013-10-17,2.691,13.2,2.3,seasonal
MAC005388,2013-10-18,5.416,12.6,2.9,seasonal
MAC005388,2013-10-19,9.422,13.9,1.6,seasonal
MAC005388,2013-10-20,4.48,13.4,2.1,seasonal
MAC005388,2013-10-21,1.831,14.8,0.7,seasonal
MAC005388,2013-10-22,6.771,16.0,0.0,seasonal
MAC005388,2013-10-23,1.808,13.9,1.6,seasonal
MAC005388,2013-10-24,2.573,11.1,4.4,seasonal
MAC005388,2013-10-25,2.252,15.3,0.2,seasonal
MAC005388,2013-10-26,4.837,15.0,0.5,seasonal
MAC005388,2013-10-27,6.164,13.5,2.0,seasonal
MAC005388,2013-10-28,2.474,12.7,2.8,seasonal
MAC005388,2013-10-29,7.137,9.1,6.4,seasonal
MAC005388,2013-10-30,16.973,9.0,6.5,seasonal
MAC005388,2013-10-31,2.889,12.5,3.0,seasonal
MAC005388,2013-11-01,2.78,12.0,3.5,seasonal
MAC005388,2013-11-02,1.561,11.5,4.0,seasonal
MAC005388,2013-11-03,7.593,8.7,6.8,seasonal
MAC005388,2013-11-04,2.761,7.4,8.1,seasonal
MAC005388,2013-11-05,2.123,7.6,7.9,seasonal
MAC005388,2013-11-06,6.54,10.4,5.1,seasonal
MAC005388,2013-11-07,5.628,10.4,5.1,seasonal
MAC005388,2013-11-08,12.969,7.5,8.0,seasonal
MAC005388,2013-11-09,2.497,5.4,10.1,seasonal
MAC005388,2013-11-10,12.629,5.2,10.3,seasonal
MAC005388,2013-11-11,13.241,8.5,7.0,seasonal
MAC005388,2013-11-12,13.067,10.0,5.5,seasonal
MAC005388,2013-11-13,3.191,5.1,10.4,seasonal
MAC005388,2013-11-14,14.184,7.2,8.3,seasonal
MAC005388,2013-11-15,5.042,4.8,10.7,seasonal
MAC005388,2013-11-16,11.438,4.0,11.5,seasonal
MAC005388,2013-11-17,10.627,6.0,9.5,seasonal
MAC005388,2013-11-18,6.095,7.8,7.7,seasonal
MAC005388,2013-11-19,16.987,2.9,12.6,seasonal
MAC005388,2013-11-20,17.869,2.3,13.2,seasonal
MAC005388,2013-11-21,12.429,4.5,11.0,seasonal
MAC005388,2013-11-22,10.081,4.8,10.7,seasonal
MAC005388,2013-11-23,13.384,4.6,10.9,seasonal
MAC005388,2013-11-24,15.958,4.6,10.9,seasonal
MAC005388,2013-11-25,11.04,4.0,11.5,seasonal
MAC005388,2013-11-26,17.016,2.5,13.0,seasonal
MAC005388,2013-11-27,12.152,6.4,9.1,seasonal
MAC005388,2013-11-28,19.462,7.2,8.3,seasonal
MAC005388,2013-11-29,6.382,7.3,8.2,seasonal
MAC005388,2013-11-30,14.289,5.3,10.2,seasonal
MAC005388,2013-12-01,9.272,3.7,11.8,seasonal
MAC005388,2013-12-02,6.099,5.5,10.0,seasonal
MAC005388,2013-12-03,15.916,3.2,12.3,seasonal
MAC005388,2013-12-04,10.63,4.4,11.1,seasonal
MAC005388,2013-12-05,6.991,4.4,11.1,seasonal
MAC005388,2013-12-06,17.538,4.3,11.2,seasonal
MAC005388,2013-12-07,15.032,5.9,9.6,seasonal
MAC005388,2013-12-08,10.983,7.3,8.2,seasonal
MAC005388,2013-12-09,16.966,6.7,8.8,seasonal
MAC005388,2013-12-10,19.406,3.9,11.6,seasonal
MAC005388,2013-12-11,16.193,2.8,12.7,seasonal
MAC005388,2013-12-12,10.081,5.2,10.3,seasonal
MAC005388,2013-12-13,12.626,8.7,6.8,seasonal
MAC005388,2013-12-14,12.233,7.3,8.2,seasonal
MAC005388,2013-12-15,12.045,10.7,4.8,seasonal
MAC005388,2013-12-16,1.655,11.4,4.1,seasonal
MAC005388,2013-12-17,11.565,6.3,9.2,seasonal
MAC005388,2013-12-18,15.854,8.1,7.4,seasonal
MAC005388,2013-12-19,10.066,6.1,9.4,seasonal
MAC005388,2013-12-20,12.567,5.4,10.1,seasonal
MAC005388,2013-12-21,16.44,10.2,5.3,seasonal
MAC005388,2013-12-22,7.316,7.1,8.4,seasonal
MAC005388,2013-12-23,1.677,8.1,7.4,seasonal
MAC005388,2013-12-24,12.768,8.5,7.0,seasonal
MAC005388,2013-12-25,3.944,4.7,10.8,seasonal
MAC005388,2013-12-26,13.134,4.1,11.4,seasonal
MAC005388,2013-12-27,12.621,9.0,6.5,seasonal
MAC005388,2013-12-28,9.585,4.8,10.7,seasonal
MAC005388,2013-12-29,5.384,2.3,13.2,seasonal
MAC005388,2013-12-30,11.977,7.8,7.7,seasonal
MAC005397,2013-01-01,0.289,5.8,9.7,seasonal
MAC005397,2013-01-02,14.764,6.2,9.3,seasonal
MAC005397,2013-01-03,29.66,10.2,5.3,seasonal
MAC005397,2013-01-04,17.629,8.8,6.7,seasonal
MAC005397,2013-01-05,17.797,8.6,6.9,seasonal
MAC005397,2013-01-06,12.665,7.0,8.5,seasonal
MAC005397,2013-01-07,17.986,7.6,7.9,seasonal
MAC005397,2013-01-08,19.229,8.9,6.6,seasonal
MAC005397,2013-01-09,19.188,6.8,8.7,seasonal
MAC005397,2013-01-10,16.242,1.8,13.7,seasonal
MAC005397,2013-01-11,20.749,2.7,12.8,seasonal
MAC005397,2013-01-12,21.808,2.7,12.8,seasonal
MAC005397,2013-01-13,21.832,1.1,14.4,seasonal
MAC005397,2013-01-14,21.173,0.2,15.3,seasonal
MAC005397,2013-01-15,20.849,0.6,14.9,seasonal
MAC005397,2013-01-16,21.23,-2.2,17.7,seasonal
MAC005397,2013-01-17,19.593,-2.2,17.7,seasonal
MAC005397,2013-01-18,23.539,-1.4,16.9,seasonal
MAC005397,2013-01-19,21.79,-0.2,15.7,seasonal
MAC005397,2013-01-20,22.431,-1.2,16.7,seasonal
MAC005397,2013-01-21,20.472,-1.5,17.0,seasonal
MAC005397,2013-01-22,22.151,-1.5,17.0,seasonal
MAC005397,2013-01-23,21.953,0.9,14.6,seasonal
MAC005397,2013-01-24,23.827,-0.3,15.8,seasonal
MAC005397,2013-01-25,17.631,-1.5,17.0,seasonal
MAC005397,2013-01-26,19.402,3.3,12.2,seasonal
MAC005397,2013-01-27,16.138,7.6,7.9,seasonal
MAC005397,2013-01-28,13.091,5.8,9.7,seasonal
MAC005397,2013-01-29,14.656,10.9,4.6,seasonal
MAC005397,2013-01-30,14.58,10.1,5.4,seasonal
MAC005397,2013-01-31,14.722,8.2,7.3,seasonal
MAC005397,2013-02-01,18.771,5.4,10.1,seasonal
MAC005397,2013-02-02,14.617,2.7,12.8,seasonal
MAC005397,2013-02-03,16.66,3.6,11.9,seasonal
MAC005397,2013-02-04,17.857,7.9,7.6,seasonal
MAC005397,2013-02-05,15.916,3.6,11.9,seasonal
MAC005397,2013-02-06,16.244,3.5,12.0,seasonal
MAC005397,2013-02-07,12.642,1.9,13.6,seasonal
MAC005397,2013-02-08,11.83,1.2,14.3,seasonal
MAC005397,2013-02-09,17.965,1.6,13.9,seasonal
MAC005397,2013-02-10,18.772,2.6,12.9,seasonal
MAC005397,2013-02-11,17.469,1.1,14.4,seasonal
MAC005397,2013-02-12,18.148,1.1,14.4,seasonal
MAC005397,2013-02-13,24.116,0.5,15.0,seasonal
MAC005397,2013-02-14,18.028,6.5,9.0,seasonal
MAC005397,2013-02-15,15.97,4.4,11.1,seasonal
MAC005397,2013-02-16,13.198,5.0,10.5,seasonal
MAC005397,2013-02-17,15.101,3.5,12.0,seasonal
MAC005397,2013-02-18,0.375,3.3,12.2,seasonal
MAC005397,2013-02-19,0.35,0.8,14.7,seasonal
MAC005397,2013-02-20,0.31,2.0,13.5,seasonal
MAC005397,2013-02-21,0.285,0.7,14.8,seasonal
MAC005397,2013-02-22,0.278,0.3,15.2,seasonal
MAC005397,2013-02-23,12.317,0.3,15.2,seasonal
MAC005397,2013-02-24,29.923,0.4,15.1,seasonal
MAC005397,2013-02-25,17.668,2.5,13.0,seasonal
MAC005397,2013-02-26,19.481,3.5,12.0,seasonal
MAC005397,2013-02-27,17.992,3.0,12.5,seasonal
MAC005397,2013-02-28,16.58,3.5,12.0,seasonal
MAC005397,2013-03-01,17.827,3.9,11.6,seasonal
MAC005397,2013-03-02,18.283,2.3,13.2,seasonal
MAC005397,2013-03-03,18.774,2.6,12.9,seasonal
MAC005397,2013-03-04,17.341,3.6,11.9,seasonal
MAC005397,2013-03-05,16.833,5.8,9.7,seasonal
MAC005397,2013-03-06,16.621,7.4,8.1,seasonal
MAC005397,2013-03-07,17.205,8.0,7.5,seasonal
MAC005397,2013-03-08,14.91,8.5,7.0,seasonal
MAC005397,2013-03-09,15.66,6.0,9.5,seasonal
MAC005397,2013-03-10,16.151,2.1,13.4,seasonal
MAC005397,2013-03-11,15.624,-0.2,15.7,seasonal
MAC005397,2013-03-12,19.639,0.1,15.4,seasonal
MAC005397,2013-03-13,18.171,1.9,13.6,seasonal
MAC005397,2013-03-14,17.295,1.0,14.5,seasonal
MAC005397,2013-03-15,19.969,4.3,11.2,seasonal
MAC005397,2013-03-16,20.411,6.1,9.4,seasonal
MAC005397,2013-03-17,19.251,4.7,10.8,seasonal
MAC005397,2013-03-18,13.329,3.2,12.3,seasonal
MAC005397,2013-03-19,17.814,3.3,12.2,seasonal
MAC005397,2013-03-20,17.151,3.2,12.3,seasonal
MAC005397,2013-03-21,17.715,3.1,12.4,seasonal
MAC005397,2013-03-22,20.371,3.2,12.3,seasonal
MAC005397,2013-03-23,21.61,1.6,13.9,seasonal
MAC005397,2013-03-24,20.778,0.1,15.4,seasonal
MAC005397,2013-03-25,20.573,0.4,15.1,seasonal
MAC005397,2013-03-26,21.207,0.3,15.2,seasonal
MAC005397,2013-03-27,21.184,0.8,14.7,seasonal
MAC005397,2013-03-28,21.355,1.0,14.5,seasonal
MAC005397,2013-03-29,21.265,0.2,15.3,seasonal
MAC005397,2013-03-30,20.691,1.2,14.3,seasonal
MAC005397,2013-03-31,21.246,0.5,15.0,seasonal
MAC005397,2013-04-01,20.692,1.8,13.7,seasonal
MAC005397,2013-04-02,18.92,2.6,12.9,seasonal
MAC005397,2013-04-03,17.638,1.7,13.8,seasonal
MAC005397,2013-04-04,17.957,1.9,13.6,seasonal
MAC005397,2013-04-05,17.472,3.3,12.2,seasonal
MAC005397,2013-04-06,17.745,3.5,12.0,seasonal
MAC005397,2013-04-07,16.556,3.2,12.3,seasonal
MAC005397,2013-04-08,14.002,4.9,10.6,seasonal
MAC005397,2013-04-09,13.919,4.8,10.7,seasonal
MAC005397,2013-04-10,12.164,6.1,9.4,seasonal
MAC005397,2013-04-11,15.528,7.1,8.4,seasonal
MAC005397,2013-04-12,11.94,8.4,7.1,seasonal
MAC005397,2013-04-13,17.311,8.2,7.3,seasonal
MAC005397,2013-04-14,6.413,13.4,2.1,seasonal
MAC005397,2013-04-15,6.256,11.5,4.0,seasonal
MAC005397,2013-04-16,6.561,11.3,4.2,seasonal
MAC005397,2013-04-17,6.302,11.8,3.7,seasonal
MAC005397,2013-04-18,6.635,10.1,5.4,seasonal
MAC005397,2013-04-19,7.896,8.4,7.1,seasonal
MAC005397,2013-04-20,7.406,5.9,9.6,seasonal
MAC005397,2013-04-21,6.191,7.0,8.5,seasonal
MAC005397,2013-04-22,4.557,9.3,6.2,seasonal
MAC005397,2013-04-23,5.61,13.1,2.4,seasonal
MAC005397,2013-04-24,5.105,12.5,3.0,seasonal
MAC005397,2013-04-25,5.796,14.2,1.3,seasonal
MAC005397,2013-04-26,6.107,8.9,6.6,seasonal
MAC005397,2013-04-27,4.612,6.0,9.5,seasonal
MAC005397,2013-04-28,6.278,6.2,9.3,seasonal
MAC005397,2013-04-29,5.635,9.2,6.3,seasonal
MAC005397,2013-04-30,6.584,7.9,7.6,seasonal
MAC005397,2013-05-01,5.077,8.4,7.1,seasonal
MAC005397,2013-05-02,6.509,9.1,6.4,seasonal
MAC005397,2013-05-03,7.385,11.1,4.4,seasonal
MAC005397,2013-05-04,6.202,10.9,4.6,seasonal
MAC005397,2013-05-05,5.581,11.4,4.1,seasonal
MAC005397,2013-05-06,5.952,13.2,2.3,seasonal
MAC005397,2013-05-07,4.942,13.8,1.7,seasonal
MAC005397,2013-05-08,4.857,12.9,2.6,seasonal
MAC005397,2013-05-09,6.126,10.5,5.0,seasonal
MAC005397,2013-05-10,5.131,12.4,3.1,seasonal
MAC005397,2013-05-11,0.737,10.4,5.1,seasonal
MAC005397,2013-05-12,1.09,9.6,5.9,seasonal
MAC005397,2013-05-13,1.762,11.0,4.5,seasonal
MAC005397,2013-05-14,2.273,8.6,6.9,seasonal
MAC005397,2013-05-15,1.24,9.1,6.4,seasonal
MAC005397,2013-05-16,0.754,9.5,6.0,seasonal
MAC005397,2013-05-17,1.908,9.1,6.4,seasonal
MAC005397,2013-05-18,1.621,10.9,4.6,seasonal
MAC005397,2013-05-19,2.141,12.7,2.8,seasonal
MAC005397,2013-05-20,1.054,13.4,2.1,seasonal
MAC005397,2013-05-21,0.842,12.9,2.6,seasonal
MAC005397,2013-05-22,1.484,11.4,4.1,seasonal
MAC005397,2013-05-23,0.905,8.1,7.4,seasonal
MAC005397,2013-05-24,3.818,7.1,8.4,seasonal
MAC005397,2013-05-25,0.575,9.5,6.0,seasonal
MAC005397,2013-05-26,1.095,11.5,4.0,seasonal
MAC005397,2013-05-27,1.017,11.0,4.5,seasonal
MAC005397,2013-05-28,0.752,10.8,4.7,seasonal
MAC005397,2013-05-29,0.699,10.7,4.8,seasonal
MAC005397,2013-05-30,1.09,12.4,3.1,seasonal
MAC005397,2013-05-31,2.618,14.5,1.0,seasonal
MAC005397,2013-06-01,2.2,12.9,2.6,seasonal
MAC005397,2013-06-02,2.294,12.8,2.7,seasonal
MAC005397,2013-06-03,1.997,11.9,3.6,seasonal
MAC005397,2013-06-04,1.638,12.1,3.4,seasonal
MAC005397,2013-06-05,3.032,12.6,2.9,seasonal
MAC005397,2013-06-06,9.962,13.3,2.2,seasonal
MAC005397,2013-06-07,6.749,14.1,1.4,seasonal
MAC005397,2013-06-08,6.799,12.4,3.1,seasonal
MAC005397,2013-06-09,6.16,12.5,3.0,seasonal
MAC005397,2013-06-10,2.322,12.4,3.1,seasonal
MAC005397,2013-06-11,4.652,13.3,2.2,seasonal
MAC005397,2013-06-12,4.381,15.2,0.3,seasonal
MAC005397,2013-06-13,3.733,14.6,0.9,seasonal
MAC005397,2013-06-14,5.042,13.5,2.0,seasonal
MAC005397,2013-06-15,4.161,13.9,1.6,seasonal
MAC005397,2013-06-16,4.755,13.5,2.0,seasonal
MAC005397,2013-06-17,1.362,14.9,0.6,seasonal
MAC005397,2013-06-18,6.777,17.2,0.0,seasonal
MAC005397,2013-06-19,4.374,19.0,0.0,seasonal
MAC005397,2013-06-20,3.045,17.3,0.0,seasonal
MAC005397,2013-06-21,4.804,16.6,0.0,seasonal
MAC005397,2013-06-22,4.53,14.3,1.2,seasonal
MAC005397,2013-06-23,0.71,14.8,0.7,seasonal
MAC005397,2013-06-24,0.931,12.8,2.7,seasonal
MAC005397,2013-06-25,6.783,14.1,1.4,seasonal
MAC005397,2013-06-26,3.167,16.0,0.0,seasonal
MAC005397,2013-06-27,4.07,14.5,1.0,seasonal
MAC005397,2013-06-28,2.677,15.4,0.1,seasonal
MAC005397,2013-06-29,3.839,15.8,0.0,seasonal
MAC005397,2013-06-30,3.933,18.5,0.0,seasonal
MAC005397,2013-07-01,3.965,16.3,0.0,seasonal
MAC005397,2013-07-02,3.506,14.5,1.0,seasonal
MAC005397,2013-07-03,4.012,16.4,0.0,seasonal
MAC005397,2013-07-04,4.412,17.1,0.0,seasonal
MAC005397,2013-07-05,5.357,18.3,0.0,seasonal
MAC005397,2013-07-06,3.802,18.9,0.0,seasonal
MAC005397,2013-07-07,5.193,20.5,0.0,seasonal
MAC005397,2013-07-08,0.46,18.9,0.0,seasonal
MAC005397,2013-07-09,0.452,18.1,0.0,seasonal
MAC005397,2013-07-10,0.441,17.2,0.0,seasonal
MAC005397,2013-07-11,0.438,15.2,0.3,seasonal
MAC005397,2013-07-12,0.437,17.0,0.0,seasonal
MAC005397,2013-07-13,5.425,21.6,0.0,seasonal
MAC005397,2013-07-14,4.389,22.1,0.0,seasonal
MAC005397,2013-07-15,3.773,21.8,0.0,seasonal
MAC005397,2013-07-16,3.351,22.8,0.0,seasonal
MAC005397,2013-07-17,3.55,22.9,0.0,seasonal
MAC005397,2013-07-18,3.902,21.2,0.0,seasonal
MAC005397,2013-07-19,4.001,20.3,0.0,seasonal
MAC005397,2013-07-20,2.724,18.8,0.0,seasonal
MAC005397,2013-07-21,4.007,20.2,0.0,seasonal
MAC005397,2013-07-22,3.234,23.8,0.0,seasonal
MAC005397,2013-07-23,2.57,23.1,0.0,seasonal
MAC005397,2013-07-24,4.095,20.5,0.0,seasonal
MAC005397,2013-07-25,3.31,19.8,0.0,seasonal
MAC005397,2013-07-26,3.568,19.6,0.0,seasonal
MAC005397,2013-07-27,3.017,20.0,0.0,seasonal
MAC005397,2013-07-28,3.251,18.7,0.0,seasonal
MAC005397,2013-07-29,3.571,17.9,0.0,seasonal
MAC005397,2013-07-30,3.348,16.8,0.0,seasonal
MAC005397,2013-07-31,4.098,18.6,0.0,seasonal
MAC005397,2013-08-01,3.346,22.8,0.0,seasonal
MAC005397,2013-08-02,2.952,19.6,0.0,seasonal
MAC005397,2013-08-03,3.841,18.1,0.0,seasonal
MAC005397,2013-08-04,3.706,17.9,0.0,seasonal
MAC005397,2013-08-05,2.834,18.3,0.0,seasonal
MAC005397,2013-08-06,2.653,16.8,0.0,seasonal
MAC005397,2013-08-07,3.052,17.3,0.0,seasonal
MAC005397,2013-08-08,3.806,16.6,0.0,seasonal
MAC005397,2013-08-09,3.524,18.3,0.0,seasonal
MAC005397,2013-08-10,3.734,16.9,0.0,seasonal
MAC005397,2013-08-11,4.019,18.2,0.0,seasonal
MAC005397,2013-08-12,4.128,16.3,0.0,seasonal
MAC005397,2013-08-13,2.453,15.3,0.2,seasonal
MAC005397,2013-08-14,3.783,16.4,0.0,seasonal
MAC005397,2013-08-15,3.957,19.2,0.0,seasonal
MAC005397,2013-08-16,3.258,17.9,0.0,seasonal
MAC005397,2013-08-17,3.395,16.6,0.0,seasonal
MAC005397,2013-08-18,4.2,18.8,0.0,seasonal
MAC005397,2013-08-19,4.693,17.0,0.0,seasonal
MAC005397,2013-08-20,3.308,17.6,0.0,seasonal
MAC005397,2013-08-21,2.735,18.1,0.0,seasonal
MAC005397,2013-08-22,3.342,18.7,0.0,seasonal
MAC005397,2013-08-23,3.803,20.0,0.0,seasonal
MAC005397,2013-08-24,3.719,17.0,0.0,seasonal
MAC005397,2013-08-25,4.192,17.1,0.0,seasonal
MAC005397,2013-08-26,3.232,18.2,0.0,seasonal
MAC005397,2013-08-27,2.564,16.1,0.0,seasonal
MAC005397,2013-08-28,4.04,16.1,0.0,seasonal
MAC005397,2013-08-29,3.834,17.9,0.0,seasonal
MAC005397,2013-08-30,3.407,18.3,0.0,seasonal
MAC005397,2013-08-31,2.441,16.3,0.0,seasonal
MAC005397,2013-09-01,2.974,14.7,0.8,seasonal
MAC005397,2013-09-02,3.585,16.8,0.0,seasonal
MAC005397,2013-09-03,2.675,18.5,0.0,seasonal
MAC005397,2013-09-04,3.711,18.7,0.0,seasonal
MAC005397,2013-09-05,3.522,20.4,0.0,seasonal
MAC005397,2013-09-06,3.452,15.4,0.1,seasonal
MAC005397,2013-09-07,2.993,13.6,1.9,seasonal
MAC005397,2013-09-08,3.662,11.8,3.7,seasonal
MAC005397,2013-09-09,3.92,11.6,3.9,seasonal
MAC005397,2013-09-10,4.515,12.5,3.0,seasonal
MAC005397,2013-09-11,2.792,13.5,2.0,seasonal
MAC005397,2013-09-12,4.746,14.1,1.4,seasonal
MAC005397,2013-09-13,2.916,16.2,0.0,seasonal
MAC005397,2013-09-14,4.086,11.7,3.8,seasonal
MAC005397,2013-09-15,4.096,11.3,4.2,seasonal
MAC005397,2013-09-16,3.082,11.2,4.3,seasonal
MAC005397,2013-09-17,4.429,11.0,4.5,seasonal
MAC005397,2013-09-18,3.939,12.3,3.2,seasonal
MAC005397,2013-09-19,3.005,12.0,3.5,seasonal
MAC005397,2013-09-20,4.127,13.4,2.1,seasonal
MAC005397,2013-09-21,4.226,13.5,2.0,seasonal
MAC005397,2013-09-22,3.512,16.8,0.0,seasonal
MAC005397,2013-09-23,3.842,16.6,0.0,seasonal
MAC005397,2013-09-24,3.417,15.1,0.4,seasonal
MAC005397,2013-09-25,3.507,15.7,0.0,seasonal
MAC005397,2013-09-26,3.924,14.5,1.0,seasonal
MAC005397,2013-09-27,3.78,12.6,2.9,seasonal
MAC005397,2013-09-28,2.646,14.3,1.2,seasonal
MAC005397,2013-09-29,3.944,14.3,1.2,seasonal
MAC005397,2013-09-30,3.007,14.9,0.6,seasonal
MAC005397,2013-10-01,3.804,14.3,1.2,seasonal
MAC005397,2013-10-02,3.786,15.4,0.1,seasonal
MAC005397,2013-10-03,4.149,16.1,0.0,seasonal
MAC005397,2013-10-04,3.723,17.3,0.0,seasonal
MAC005397,2013-10-05,4.16,15.3,0.2,seasonal
MAC005397,2013-10-06,4.073,13.8,1.7,seasonal
MAC005397,2013-10-07,4.113,13.3,2.2,seasonal
MAC005397,2013-10-08,3.056,15.6,0.0,seasonal
MAC005397,2013-10-09,4.071,13.6,1.9,seasonal
MAC005397,2013-10-10,2.979,9.3,6.2,seasonal
MAC005397,2013-10-11,3.2,11.1,4.4,seasonal
MAC005397,2013-10-12,3.001,11.4,4.1,seasonal
MAC005397,2013-10-13,3.758,9.6,5.9,seasonal
MAC005397,2013-10-14,4.462,9.1,6.4,seasonal
MAC005397,2013-10-15,3.422,9.5,6.0,seasonal
MAC005397,2013-10-16,4.752,9.7,5.8,seasonal
MAC005397,2013-10-17,3.484,13.2,2.3,seasonal
MAC005397,2013-10-18,3.864,12.6,2.9,seasonal
MAC005397,2013-10-19,3.765,13.9,1.6,seasonal
MAC005397,2013-10-20,4.307,13.4,2.1,seasonal
MAC005397,2013-10-21,3.023,14.8,0.7,seasonal
MAC005397,2013-10-22,4.368,16.0,0.0,seasonal
MAC005397,2013-10-23,2.606,13.9,1.6,seasonal
MAC005397,2013-10-24,3.795,11.1,4.4,seasonal
MAC005397,2013-10-25,4.158,15.3,0.2,seasonal
MAC005397,2013-10-26,4.146,15.0,0.5,seasonal
MAC005397,2013-10-27,3.16,13.5,2.0,seasonal
MAC005397,2013-10-28,2.473,12.7,2.8,seasonal
MAC005397,2013-10-29,2.985,9.1,6.4,seasonal
MAC005397,2013-10-30,4.198,9.0,6.5,seasonal
MAC005397,2013-10-31,3.403,12.5,3.0,seasonal
MAC005397,2013-11-01,3.802,12.0,3.5,seasonal
MAC005397,2013-11-02,2.793,11.5,4.0,seasonal
MAC005397,2013-11-03,3.481,8.7,6.8,seasonal
MAC005397,2013-11-04,3.727,7.4,8.1,seasonal
MAC005397,2013-11-05,3.892,7.6,7.9,seasonal
MAC005397,2013-11-06,4.034,10.4,5.1,seasonal
MAC005397,2013-11-07,3.509,10.4,5.1,seasonal
MAC005397,2013-11-08,3.586,7.5,8.0,seasonal
MAC005397,2013-11-09,3.878,5.4,10.1,seasonal
MAC005397,2013-11-10,0.377,5.2,10.3,seasonal
MAC005397,2013-11-11,5.42,8.5,7.0,seasonal
MAC005397,2013-11-12,3.974,10.0,5.5,seasonal
MAC005397,2013-11-13,2.615,5.1,10.4,seasonal
MAC005397,2013-11-14,3.075,7.2,8.3,seasonal
MAC005397,2013-11-15,4.739,4.8,10.7,seasonal
MAC005397,2013-11-16,2.692,4.0,11.5,seasonal
MAC005397,2013-11-17,3.627,6.0,9.5,seasonal
MAC005397,2013-11-18,4.016,7.8,7.7,seasonal
MAC005397,2013-11-19,3.566,2.9,12.6,seasonal
MAC005397,2013-11-20,3.199,2.3,13.2,seasonal
MAC005397,2013-11-21,3.58,4.5,11.0,seasonal
MAC005397,2013-11-22,5.005,4.8,10.7,seasonal
MAC005397,2013-11-23,4.512,4.6,10.9,seasonal
MAC005397,2013-11-24,4.055,4.6,10.9,seasonal
MAC005397,2013-11-25,3.131,4.0,11.5,seasonal
MAC005397,2013-11-26,3.607,2.5,13.0,seasonal
MAC005397,2013-11-27,3.338,6.4,9.1,seasonal
MAC005397,2013-11-28,4.046,7.2,8.3,seasonal
MAC005397,2013-11-29,3.677,7.3,8.2,seasonal
MAC005397,2013-11-30,4.218,5.3,10.2,seasonal
MAC005397,2013-12-01,4.031,3.7,11.8,seasonal
MAC005397,2013-12-02,2.972,5.5,10.0,seasonal
MAC005397,2013-12-03,4.53,3.2,12.3,seasonal
MAC005397,2013-12-04,4.612,4.4,11.1,seasonal
MAC005397,2013-12-05,4.956,4.4,11.1,seasonal
MAC005397,2013-12-06,3.102,4.3,11.2,seasonal
MAC005397,2013-12-07,4.558,5.9,9.6,seasonal
MAC005397,2013-12-08,3.711,7.3,8.2,seasonal
MAC005397,2013-12-09,4.24,6.7,8.8,seasonal
MAC005397,2013-12-10,4.395,3.9,11.6,seasonal
MAC005397,2013-12-11,2.829,2.8,12.7,seasonal
MAC005397,2013-12-12,2.851,5.2,10.3,seasonal
MAC005397,2013-12-13,2.815,8.7,6.8,seasonal
MAC005397,2013-12-14,2.807,7.3,8.2,seasonal
MAC005397,2013-12-15,4.842,10.7,4.8,seasonal
MAC005397,2013-12-16,2.772,11.4,4.1,seasonal
MAC005397,2013-12-17,2.464,6.3,9.2,seasonal
MAC005397,2013-12-18,4.077,8.1,7.4,seasonal
MAC005397,2013-12-19,4.293,6.1,9.4,seasonal
MAC005397,2013-12-20,4.614,5.4,10.1,seasonal
MAC005397,2013-12-21,2.782,10.2,5.3,seasonal
MAC005397,2013-12-22,3.896,7.1,8.4,seasonal
MAC005397,2013-12-23,0.322,8.1,7.4,seasonal
MAC005397,2013-12-24,0.304,8.5,7.0,seasonal
MAC005397,2013-12-25,0.294,4.7,10.8,seasonal
MAC005397,2013-12-26,0.291,4.1,11.4,seasonal
MAC005397,2013-12-27,0.285,9.0,6.5,seasonal
MAC005397,2013-12-28,0.293,4.8,10.7,seasonal
MAC005397,2013-12-29,0.29,2.3,13.2,seasonal
MAC005397,2013-12-30,11.701,7.8,7.7,seasonal
MAC005398,2013-01-01,20.8,5.8,9.7,seasonal
MAC005398,2013-01-02,18.606,6.2,9.3,seasonal
MAC005398,2013-01-03,19.741,10.2,5.3,seasonal
MAC005398,2013-01-04,19.248,8.8,6.7,seasonal
MAC005398,2013-01-05,19.669,8.6,6.9,seasonal
MAC005398,2013-01-06,19.536,7.0,8.5,seasonal
MAC005398,2013-01-07,19.191,7.6,7.9,seasonal
MAC005398,2013-01-08,18.666,8.9,6.6,seasonal
MAC005398,2013-01-09,21.193,6.8,8.7,seasonal
MAC005398,2013-01-10,20.997,1.8,13.7,seasonal
MAC005398,2013-01-11,22.09,2.7,12.8,seasonal
MAC005398,2013-01-12,22.972,2.7,12.8,seasonal
MAC005398,2013-01-13,23.226,1.1,14.4,seasonal
MAC005398,2013-01-14,22.481,0.2,15.3,seasonal
MAC005398,2013-01-15,23.897,0.6,14.9,seasonal
MAC005398,2013-01-16,23.976,-2.2,17.7,seasonal
MAC005398,2013-01-17,27.158,-2.2,17.7,seasonal
MAC005398,2013-01-18,30.581,-1.4,16.9,seasonal
MAC005398,2013-01-19,30.171,-0.2,15.7,seasonal
MAC005398,2013-01-20,28.797,-1.2,16.7,seasonal
MAC005398,2013-01-21,30.31,-1.5,17.0,seasonal
MAC005398,2013-01-22,30.687,-1.5,17.0,seasonal
MAC005398,2013-01-23,28.269,0.9,14.6,seasonal
MAC005398,2013-01-24,28.266,-0.3,15.8,seasonal
MAC005398,2013-01-25,29.377,-1.5,17.0,seasonal
MAC005398,2013-01-26,24.402,3.3,12.2,seasonal
MAC005398,2013-01-27,27.806,7.6,7.9,seasonal
MAC005398,2013-01-28,22.206,5.8,9.7,seasonal
MAC005398,2013-01-29,21.62,10.9,4.6,seasonal
MAC005398,2013-01-30,23.982,10.1,5.4,seasonal
MAC005398,2013-01-31,25.538999,8.2,7.3,seasonal
MAC005398,2013-02-01,24.870001,5.4,10.1,seasonal
MAC005398,2013-02-02,27.546,2.7,12.8,seasonal
MAC005398,2013-02-03,26.094,3.6,11.9,seasonal
MAC005398,2013-02-04,24.258,7.9,7.6,seasonal
MAC005398,2013-02-05,24.944,3.6,11.9,seasonal
MAC005398,2013-02-06,27.456,3.5,12.0,seasonal
MAC005398,2013-02-07,26.033,1.9,13.6,seasonal
MAC005398,2013-02-08,27.327,1.2,14.3,seasonal
MAC005398,2013-02-09,26.277001,1.6,13.9,seasonal
MAC005398,2013-02-10,26.972,2.6,12.9,seasonal
MAC005398,2013-02-11,27.903,1.1,14.4,seasonal
MAC005398,2013-02-12,28.036,1.1,14.4,seasonal
MAC005398,2013-02-13,28.615,0.5,15.0,seasonal
MAC005398,2013-02-14,24.639,6.5,9.0,seasonal
MAC005398,2013-02-15,24.562,4.4,11.1,seasonal
MAC005398,2013-02-16,27.58,5.0,10.5,seasonal
MAC005398,2013-02-17,26.55,3.5,12.0,seasonal
MAC005398,2013-02-18,25.471,3.3,12.2,seasonal
MAC005398,2013-02-19,26.604,0.8,14.7,seasonal
MAC005398,2013-02-20,27.828,2.0,13.5,seasonal
MAC005398,2013-02-21,29.073,0.7,14.8,seasonal
MAC005398,2013-02-22,31.576,0.3,15.2,seasonal
MAC005398,2013-02-23,29.303,0.3,15.2,seasonal
MAC005398,2013-02-24,32.282,0.4,15.1,seasonal
MAC005398,2013-02-25,28.087,2.5,13.0,seasonal
MAC005398,2013-02-26,28.222,3.5,12.0,seasonal
MAC005398,2013-02-27,28.332,3.0,12.5,seasonal
MAC005398,2013-02-28,27.214,3.5,12.0,seasonal
MAC005398,2013-03-01,28.033,3.9,11.6,seasonal
MAC005398,2013-03-02,30.448,2.3,13.2,seasonal
MAC005398,2013-03-03,26.792,2.6,12.9,seasonal
MAC005398,2013-03-04,27.861,3.6,11.9,seasonal
MAC005398,2013-03-05,23.358,5.8,9.7,seasonal
MAC005398,2013-03-06,22.244,7.4,8.1,seasonal
MAC005398,2013-03-07,22.458,8.0,7.5,seasonal
MAC005398,2013-03-08,24.159,8.5,7.0,seasonal
MAC005398,2013-03-09,25.021,6.0,9.5,seasonal
MAC005398,2013-03-10,28.392,2.1,13.4,seasonal
MAC005398,2013-03-11,31.655,-0.2,15.7,seasonal
MAC005398,2013-03-12,31.531,0.1,15.4,seasonal
MAC005398,2013-03-13,30.022,1.9,13.6,seasonal
MAC005398,2013-03-14,26.232,1.0,14.5,seasonal
MAC005398,2013-03-15,26.309,4.3,11.2,seasonal
MAC005398,2013-03-16,24.251001,6.1,9.4,seasonal
MAC005398,2013-03-17,25.075,4.7,10.8,seasonal
MAC005398,2013-03-18,24.741,3.2,12.3,seasonal
MAC005398,2013-03-19,24.633,3.3,12.2,seasonal
MAC005398,2013-03-20,26.581,3.2,12.3,seasonal
MAC005398,2013-03-21,28.227999,3.1,12.4,seasonal
MAC005398,2013-03-22,27.282,3.2,12.3,seasonal
MAC005398,2013-03-23,29.275,1.6,13.9,seasonal
MAC005398,2013-03-24,32.53,0.1,15.4,seasonal
MAC005398,2013-03-25,30.86,0.4,15.1,seasonal
MAC005398,2013-03-26,30.345,0.3,15.2,seasonal
MAC005398,2013-03-27,30.559,0.8,14.7,seasonal
MAC005398,2013-03-28,30.197,1.0,14.5,seasonal
MAC005398,2013-03-29,31.409,0.2,15.3,seasonal
MAC005398,2013-03-30,29.64,1.2,14.3,seasonal
MAC005398,2013-03-31,28.178,0.5,15.0,seasonal
MAC005398,2013-04-01,30.253,1.8,13.7,seasonal
MAC005398,2013-04-02,28.117,2.6,12.9,seasonal
MAC005398,2013-04-03,28.896,1.7,13.8,seasonal
MAC005398,2013-04-04,29.626,1.9,13.6,seasonal
MAC005398,2013-04-05,28.428,3.3,12.2,seasonal
MAC005398,2013-04-06,26.282,3.5,12.0,seasonal
MAC005398,2013-04-07,27.325,3.2,12.3,seasonal
MAC005398,2013-04-08,24.176,4.9,10.6,seasonal
MAC005398,2013-04-09,25.71,4.8,10.7,seasonal
MAC005398,2013-04-10,24.424,6.1,9.4,seasonal
MAC005398,2013-04-11,22.328,7.1,8.4,seasonal
MAC005398,2013-04-12,22.457,8.4,7.1,seasonal
MAC005398,2013-04-13,24.372,8.2,7.3,seasonal
MAC005398,2013-04-14,19.253,13.4,2.1,seasonal
MAC005398,2013-04-15,16.169,11.5,4.0,seasonal
MAC005398,2013-04-16,16.446,11.3,4.2,seasonal
MAC005398,2013-04-17,17.183,11.8,3.7,seasonal
MAC005398,2013-04-18,20.669,10.1,5.4,seasonal
MAC005398,2013-04-19,20.565,8.4,7.1,seasonal
MAC005398,2013-04-20,21.285,5.9,9.6,seasonal
MAC005398,2013-04-21,19.114,7.0,8.5,seasonal
MAC005398,2013-04-22,16.984,9.3,6.2,seasonal
MAC005398,2013-04-23,16.48,13.1,2.4,seasonal
MAC005398,2013-04-24,15.08,12.5,3.0,seasonal
MAC005398,2013-04-25,19.354,14.2,1.3,seasonal
MAC005398,2013-04-26,29.83,8.9,6.6,seasonal
MAC005398,2013-04-27,26.104,6.0,9.5,seasonal
MAC005398,2013-04-28,29.024,6.2,9.3,seasonal
MAC005398,2013-04-29,22.741,9.2,6.3,seasonal
MAC005398,2013-04-30,26.086,7.9,7.6,seasonal
MAC005398,2013-05-01,25.445,8.4,7.1,seasonal
MAC005398,2013-05-02,24.813,9.1,6.4,seasonal
MAC005398,2013-05-03,21.464,11.1,4.4,seasonal
MAC005398,2013-05-04,24.872,10.9,4.6,seasonal
MAC005398,2013-05-05,20.433,11.4,4.1,seasonal
MAC005398,2013-05-06,21.913,13.2,2.3,seasonal
MAC005398,2013-05-07,20.419,13.8,1.7,seasonal
MAC005398,2013-05-08,22.207,12.9,2.6,seasonal
MAC005398,2013-05-09,22.65,10.5,5.0,seasonal
MAC005398,2013-05-10,24.133,12.4,3.1,seasonal
MAC005398,2013-05-11,19.33,10.4,5.1,seasonal
MAC005398,2013-05-12,20.938,9.6,5.9,seasonal
MAC005398,2013-05-13,20.213,11.0,4.5,seasonal
MAC005398,2013-05-14,20.214,8.6,6.9,seasonal
MAC005398,2013-05-15,23.156,9.1,6.4,seasonal
MAC005398,2013-05-16,20.079,9.5,6.0,seasonal
MAC005398,2013-05-17,20.151,9.1,6.4,seasonal
MAC005398,2013-05-18,11.158,10.9,4.6,seasonal
MAC005398,2013-05-19,10.513,12.7,2.8,seasonal
MAC005398,2013-05-20,10.347,13.4,2.1,seasonal
MAC005398,2013-05-21,12.227,12.9,2.6,seasonal
MAC005398,2013-05-22,12.343,11.4,4.1,seasonal
MAC005398,2013-05-23,0.65,8.1,7.4,seasonal
MAC005398,2013-05-24,0.579,7.1,8.4,seasonal
MAC005398,2013-05-25,0.56,9.5,6.0,seasonal
MAC005398,2013-05-26,0.584,11.5,4.0,seasonal
MAC005398,2013-05-27,0.583,11.0,4.5,seasonal
MAC005398,2013-05-28,0.566,10.8,4.7,seasonal
MAC005398,2013-05-29,0.554,10.7,4.8,seasonal
MAC005398,2013-05-30,0.547,12.4,3.1,seasonal
MAC005398,2013-05-31,0.578,14.5,1.0,seasonal
MAC005398,2013-06-01,0.586,12.9,2.6,seasonal
MAC005398,2013-06-02,11.796,12.8,2.7,seasonal
MAC005398,2013-06-03,0.552,11.9,3.6,seasonal
MAC005398,2013-06-04,0.506,12.1,3.4,seasonal
MAC005398,2013-06-05,0.607,12.6,2.9,seasonal
MAC005398,2013-06-06,0.644,13.3,2.2,seasonal
MAC005398,2013-06-07,0.576,14.1,1.4,seasonal
MAC005398,2013-06-08,0.586,12.4,3.1,seasonal
MAC005398,2013-06-09,0.563,12.5,3.0,seasonal
MAC005398,2013-06-10,0.579,12.4,3.1,seasonal
MAC005398,2013-06-11,6.307,13.3,2.2,seasonal
MAC005398,2013-06-12,0.619,15.2,0.3,seasonal
MAC005398,2013-06-13,0.594,14.6,0.9,seasonal
MAC005398,2013-06-14,9.332,13.5,2.0,seasonal
MAC005398,2013-06-15,0.682,13.9,1.6,seasonal
MAC005398,2013-06-16,0.619,13.5,2.0,seasonal
MAC005398,2013-06-17,0.58,14.9,0.6,seasonal
MAC005398,2013-06-18,0.683,17.2,0.0,seasonal
MAC005398,2013-06-19,10.664,19.0,0.0,seasonal
MAC005398,2013-06-20,0.614,17.3,0.0,seasonal
MAC005398,2013-06-21,7.709,16.6,0.0,seasonal
MAC005398,2013-06-22,0.665,14.3,1.2,seasonal
MAC005398,2013-06-23,0.609,14.8,0.7,seasonal
MAC005398,2013-06-24,0.62,12.8,2.7,seasonal
MAC005398,2013-06-25,0.607,14.1,1.4,seasonal
MAC005398,2013-06-26,10.591,16.0,0.0,seasonal
MAC005398,2013-06-27,0.59,14.5,1.0,seasonal
MAC005398,2013-06-28,0.648,15.4,0.1,seasonal
MAC005398,2013-06-29,8.864,15.8,0.0,seasonal
MAC005398,2013-06-30,0.615,18.5,0.0,seasonal
MAC005398,2013-07-01,7.806,16.3,0.0,seasonal
MAC005398,2013-07-02,0.67,14.5,1.0,seasonal
MAC005398,2013-07-03,0.623,16.4,0.0,seasonal
MAC005398,2013-07-04,0.59,17.1,0.0,seasonal
MAC005398,2013-07-05,0.671,18.3,0.0,seasonal
MAC005398,2013-07-06,9.95,18.9,0.0,seasonal
MAC005398,2013-07-07,0.677,20.5,0.0,seasonal
MAC005398,2013-07-08,0.633,18.9,0.0,seasonal
MAC005398,2013-07-09,0.589,18.1,0.0,seasonal
MAC005398,2013-07-10,9.863,17.2,0.0,seasonal
MAC005398,2013-07-11,6.17,15.2,0.3,seasonal
MAC005398,2013-07-12,3.927,17.0,0.0,seasonal
MAC005398,2013-07-13,3.775,21.6,0.0,seasonal
MAC005398,2013-07-14,3.722,22.1,0.0,seasonal
MAC005398,2013-07-15,3.698,21.8,0.0,seasonal
MAC005398,2013-07-16,3.689,22.8,0.0,seasonal
MAC005398,2013-07-17,3.626,22.9,0.0,seasonal
MAC005398,2013-07-18,3.803,21.2,0.0,seasonal
MAC005398,2013-07-19,3.698,20.3,0.0,seasonal
MAC005398,2013-07-20,3.915,18.8,0.0,seasonal
MAC005398,2013-07-21,3.678,20.2,0.0,seasonal
MAC005398,2013-07-22,3.817,23.8,0.0,seasonal
MAC005398,2013-07-23,0.64,23.1,0.0,seasonal
MAC005398,2013-07-24,0.642,20.5,0.0,seasonal
MAC005398,2013-07-25,0.605,19.8,0.0,seasonal
MAC005398,2013-07-26,0.673,19.6,0.0,seasonal
MAC005398,2013-07-27,0.561,20.0,0.0,seasonal
MAC005398,2013-07-28,0.65,18.7,0.0,seasonal
MAC005398,2013-07-29,0.642,17.9,0.0,seasonal
MAC005398,2013-07-30,0.592,16.8,0.0,seasonal
MAC005398,2013-07-31,0.674,18.6,0.0,seasonal
MAC005398,2013-08-01,10.209,22.8,0.0,seasonal
MAC005398,2013-08-02,0.654,19.6,0.0,seasonal
MAC005398,2013-08-03,0.674,18.1,0.0,seasonal
MAC005398,2013-08-04,0.613,17.9,0.0,seasonal
MAC005398,2013-08-05,0.684,18.3,0.0,seasonal
MAC005398,2013-08-06,0.582,16.8,0.0,seasonal
MAC005398,2013-08-07,0.652,17.3,0.0,seasonal
MAC005398,2013-08-08,0.577,16.6,0.0,seasonal
MAC005398,2013-08-09,10.631,18.3,0.0,seasonal
MAC005398,2013-08-10,5.881,16.9,0.0,seasonal
MAC005398,2013-08-11,0.651,18.2,0.0,seasonal
MAC005398,2013-08-12,0.565,16.3,0.0,seasonal
MAC005398,2013-08-13,9.004,15.3,0.2,seasonal
MAC005398,2013-08-14,0.601,16.4,0.0,seasonal
MAC005398,2013-08-15,0.566,19.2,0.0,seasonal
MAC005398,2013-08-16,8.66,17.9,0.0,seasonal
MAC005398,2013-08-17,0.6,16.6,0.0,seasonal
MAC005398,2013-08-18,0.612,18.8,0.0,seasonal
MAC005398,2013-08-19,9.167,17.0,0.0,seasonal
MAC005398,2013-08-20,0.593,17.6,0.0,seasonal
MAC005398,2013-08-21,0.608,18.1,0.0,seasonal
MAC005398,2013-08-22,0.559,18.7,0.0,seasonal
MAC005398,2013-08-23,0.657,20.0,0.0,seasonal
MAC005398,2013-08-24,10.241,17.0,0.0,seasonal
MAC005398,2013-08-25,0.583,17.1,0.0,seasonal
MAC005398,2013-08-26,0.63,18.2,0.0,seasonal
MAC005398,2013-08-27,9.058,16.1,0.0,seasonal
MAC005398,2013-08-28,0.648,16.1,0.0,seasonal
MAC005398,2013-08-29,0.635,17.9,0.0,seasonal
MAC005398,2013-08-30,0.629,18.3,0.0,seasonal
MAC005398,2013-08-31,9.342,16.3,0.0,seasonal
MAC005398,2013-09-01,0.551,14.7,0.8,seasonal
MAC005398,2013-09-02,0.612,16.8,0.0,seasonal
MAC005398,2013-09-03,0.683,18.5,0.0,seasonal
MAC005398,2013-09-04,0.557,18.7,0.0,seasonal
MAC005398,2013-09-05,10.068,20.4,0.0,seasonal
MAC005398,2013-09-06,0.629,15.4,0.1,seasonal
MAC005398,2013-09-07,0.528,13.6,1.9,seasonal
MAC005398,2013-09-08,0.601,11.8,3.7,seasonal
MAC005398,2013-09-09,0.559,11.6,3.9,seasonal
MAC005398,2013-09-10,0.497,12.5,3.0,seasonal
MAC005398,2013-09-11,0.493,13.5,2.0,seasonal
MAC005398,2013-09-12,0.512,14.1,1.4,seasonal
MAC005398,2013-09-13,11.233,16.2,0.0,seasonal
MAC005398,2013-09-14,0.53,11.7,3.8,seasonal
MAC005398,2013-09-15,0.557,11.3,4.2,seasonal
MAC005398,2013-09-16,0.631,11.2,4.3,seasonal
MAC005398,2013-09-17,0.547,11.0,4.5,seasonal
MAC005398,2013-09-18,10.876,12.3,3.2,seasonal
MAC005398,2013-09-19,0.533,12.0,3.5,seasonal
MAC005398,2013-09-20,0.543,13.4,2.1,seasonal
MAC005398,2013-09-21,8.502,13.5,2.0,seasonal
MAC005398,2013-09-22,0.536,16.8,0.0,seasonal
MAC005398,2013-09-23,7.768,16.6,0.0,seasonal
MAC005398,2013-09-24,0.641,15.1,0.4,seasonal
MAC005398,2013-09-25,0.605,15.7,0.0,seasonal
MAC005398,2013-09-26,8.545,14.5,1.0,seasonal
MAC005398,2013-09-27,0.691,12.6,2.9,seasonal
MAC005398,2013-09-28,8.316,14.3,1.2,seasonal
MAC005398,2013-09-29,0.5,14.3,1.2,seasonal
MAC005398,2013-09-30,0.554,14.9,0.6,seasonal
MAC005398,2013-10-01,8.783,14.3,1.2,seasonal
MAC005398,2013-10-02,0.531,15.4,0.1,seasonal
MAC005398,2013-10-03,0.599,16.1,0.0,seasonal
MAC005398,2013-10-04,0.572,17.3,0.0,seasonal
MAC005398,2013-10-05,9.996,15.3,0.2,seasonal
MAC005398,2013-10-06,0.554,13.8,1.7,seasonal
MAC005398,2013-10-07,7.947,13.3,2.2,seasonal
MAC005398,2013-10-08,0.514,15.6,0.0,seasonal
MAC005398,2013-10-09,0.608,13.6,1.9,seasonal
MAC005398,2013-10-10,0.471,9.3,6.2,seasonal
MAC005398,2013-10-11,10.867,11.1,4.4,seasonal
MAC005398,2013-10-12,6.447,11.4,4.1,seasonal
MAC005398,2013-10-13,0.5,9.6,5.9,seasonal
MAC005398,2013-10-14,0.54,9.1,6.4,seasonal
MAC005398,2013-10-15,10.063,9.5,6.0,seasonal
MAC005398,2013-10-16,0.599,9.7,5.8,seasonal
MAC005398,2013-10-17,7.875,13.2,2.3,seasonal
MAC005398,2013-10-18,0.553,12.6,2.9,seasonal
MAC005398,2013-10-19,0.533,13.9,1.6,seasonal
MAC005398,2013-10-20,0.545,13.4,2.1,seasonal
MAC005398,2013-10-21,10.386,14.8,0.7,seasonal
MAC005398,2013-10-22,0.615,16.0,0.0,seasonal
MAC005398,2013-10-23,0.552,13.9,1.6,seasonal
MAC005398,2013-10-24,0.546,11.1,4.4,seasonal
MAC005398,2013-10-25,10.253,15.3,0.2,seasonal
MAC005398,2013-10-26,0.56,15.0,0.5,seasonal
MAC005398,2013-10-27,0.808,13.5,2.0,seasonal
MAC005398,2013-10-28,9.522,12.7,2.8,seasonal
MAC005398,2013-10-29,0.757,9.1,6.4,seasonal
MAC005398,2013-10-30,0.79,9.0,6.5,seasonal
MAC005398,2013-10-31,0.578,12.5,3.0,seasonal
MAC005398,2013-11-01,10.613,12.0,3.5,seasonal
MAC005398,2013-11-02,0.825,11.5,4.0,seasonal
MAC005398,2013-11-03,0.515,8.7,6.8,seasonal
MAC005398,2013-11-04,10.285,7.4,8.1,seasonal
MAC005398,2013-11-05,1.026,7.6,7.9,seasonal
MAC005398,2013-11-06,0.722,10.4,5.1,seasonal
MAC005398,2013-11-07,9.418,10.4,5.1,seasonal
MAC005398,2013-11-08,0.64,7.5,8.0,seasonal
MAC005398,2013-11-09,7.765,5.4,10.1,seasonal
MAC005398,2013-11-10,0.631,5.2,10.3,seasonal
MAC005398,2013-11-11,0.675,8.5,7.0,seasonal
MAC005398,2013-11-12,0.551,10.0,5.5,seasonal
MAC005398,2013-11-13,10.81,5.1,10.4,seasonal
MAC005398,2013-11-14,4.891,7.2,8.3,seasonal
MAC005398,2013-11-15,0.6,4.8,10.7,seasonal
MAC005398,2013-11-16,8.689,4.0,11.5,seasonal
MAC005398,2013-11-17,5.363,6.0,9.5,seasonal
MAC005398,2013-11-18,0.787,7.8,7.7,seasonal
MAC005398,2013-11-19,0.486,2.9,12.6,seasonal
MAC005398,2013-11-20,9.675,2.3,13.2,seasonal
MAC005398,2013-11-21,42.085,4.5,11.0,seasonal
MAC005398,2013-11-22,24.568,4.8,10.7,seasonal
MAC005398,2013-11-23,36.645,4.6,10.9,seasonal
MAC005398,2013-11-24,31.722,4.6,10.9,seasonal
MAC005398,2013-11-25,27.456,4.0,11.5,seasonal
MAC005398,2013-11-26,30.245,2.5,13.0,seasonal
MAC005398,2013-11-27,21.844,6.4,9.1,seasonal
MAC005398,2013-11-28,24.446,7.2,8.3,seasonal
MAC005398,2013-11-29,38.932,7.3,8.2,seasonal
MAC005398,2013-11-30,22.776,5.3,10.2,seasonal
MAC005398,2013-12-01,29.815,3.7,11.8,seasonal
MAC005398,2013-12-02,22.302,5.5,10.0,seasonal
MAC005398,2013-12-03,31.788,3.2,12.3,seasonal
MAC005398,2013-12-04,29.474,4.4,11.1,seasonal
MAC005398,2013-12-05,23.453,4.4,11.1,seasonal
MAC005398,2013-12-06,24.472,4.3,11.2,seasonal
MAC005398,2013-12-07,29.645,5.9,9.6,seasonal
MAC005398,2013-12-08,28.112,7.3,8.2,seasonal
MAC005398,2013-12-09,26.818,6.7,8.8,seasonal
MAC005398,2013-12-10,23.82,3.9,11.6,seasonal
MAC005398,2013-12-11,24.628,2.8,12.7,seasonal
MAC005398,2013-12-12,21.84,5.2,10.3,seasonal
MAC005398,2013-12-13,31.312,8.7,6.8,seasonal
MAC005398,2013-12-14,27.14,7.3,8.2,seasonal
MAC005398,2013-12-15,19.994,10.7,4.8,seasonal
MAC005398,2013-12-16,21.594,11.4,4.1,seasonal
MAC005398,2013-12-17,21.719,6.3,9.2,seasonal
MAC005398,2013-12-18,21.235,8.1,7.4,seasonal
MAC005398,2013-12-19,22.967,6.1,9.4,seasonal
MAC005398,2013-12-20,32.145,5.4,10.1,seasonal
MAC005398,2013-12-21,20.752,10.2,5.3,seasonal
MAC005398,2013-12-22,29.315,7.1,8.4,seasonal
MAC005398,2013-12-23,19.305,8.1,7.4,seasonal
MAC005398,2013-12-24,21.27,8.5,7.0,seasonal
MAC005398,2013-12-25,23.033,4.7,10.8,seasonal
MAC005398,2013-12-26,22.919,4.1,11.4,seasonal
MAC005398,2013-12-27,23.576,9.0,6.5,seasonal
MAC005398,2013-12-28,34.317,4.8,10.7,seasonal
MAC005398,2013-12-29,29.003,2.3,13.2,seasonal
MAC005398,2013-12-30,22.119,7.8,7.7,seasonal
MAC005422,2013-01-01,20.424,5.8,9.7,seasonal
MAC005422,2013-01-02,18.541,6.2,9.3,seasonal
MAC005422,2013-01-03,18.388,10.2,5.3,seasonal
MAC005422,2013-01-04,19.427,8.8,6.7,seasonal
MAC005422,2013-01-05,21.181,8.6,6.9,seasonal
MAC005422,2013-01-06,18.585,7.0,8.5,seasonal
MAC005422,2013-01-07,18.773,7.6,7.9,seasonal
MAC005422,2013-01-08,18.933,8.9,6.6,seasonal
MAC005422,2013-01-09,17.627,6.8,8.7,seasonal
MAC005422,2013-01-10,23.388,1.8,13.7,seasonal
MAC005422,2013-01-11,23.3,2.7,12.8,seasonal
MAC005422,2013-01-12,22.502,2.7,12.8,seasonal
MAC005422,2013-01-13,25.692,1.1,14.4,seasonal
MAC005422,2013-01-14,25.366,0.2,15.3,seasonal
MAC005422,2013-01-15,24.99,0.6,14.9,seasonal
MAC005422,2013-01-16,25.407,-2.2,17.7,seasonal
MAC005422,2013-01-17,23.566,-2.2,17.7,seasonal
MAC005422,2013-01-18,24.251,-1.4,16.9,seasonal
MAC005422,2013-01-19,24.99,-0.2,15.7,seasonal
MAC005422,2013-01-20,24.963,-1.2,16.7,seasonal
MAC005422,2013-01-21,26.193,-1.5,17.0,seasonal
MAC005422,2013-01-22,24.805,-1.5,17.0,seasonal
MAC005422,2013-01-23,24.206,0.9,14.6,seasonal
MAC005422,2013-01-24,25.181,-0.3,15.8,seasonal
MAC005422,2013-01-25,25.318,-1.5,17.0,seasonal
MAC005422,2013-01-26,22.272,3.3,12.2,seasonal
MAC005422,2013-01-27,22.604,7.6,7.9,seasonal
MAC005422,2013-01-28,24.609,5.8,9.7,seasonal
MAC005422,2013-01-29,23.708,10.9,4.6,seasonal
MAC005422,2013-01-30,21.616,10.1,5.4,seasonal
MAC005422,2013-01-31,22.348,8.2,7.3,seasonal
MAC005422,2013-02-01,6.899,5.4,10.1,seasonal
MAC005422,2013-02-02,9.921,2.7,12.8,seasonal
MAC005422,2013-02-03,21.06,3.6,11.9,seasonal
MAC005422,2013-02-04,20.644,7.9,7.6,seasonal
MAC005422,2013-02-05,21.284,3.6,11.9,seasonal
MAC005422,2013-02-06,24.743,3.5,12.0,seasonal
MAC005422,2013-02-07,23.44,1.9,13.6,seasonal
MAC005422,2013-02-08,21.749,1.2,14.3,seasonal
MAC005422,2013-02-09,23.1,1.6,13.9,seasonal
MAC005422,2013-02-10,24.562,2.6,12.9,seasonal
MAC005422,2013-02-11,24.559,1.1,14.4,seasonal
MAC005422,2013-02-12,25.367,1.1,14.4,seasonal
MAC005422,2013-02-13,25.333,0.5,15.0,seasonal
MAC005422,2013-02-14,23.973,6.5,9.0,seasonal
MAC005422,2013-02-15,22.187,4.4,11.1,seasonal
MAC005422,2013-02-16,22.258,5.0,10.5,seasonal
MAC005422,2013-02-17,25.049001,3.5,12.0,seasonal
MAC005422,2013-02-18,26.066,3.3,12.2,seasonal
MAC005422,2013-02-19,22.385,0.8,14.7,seasonal
MAC005422,2013-02-20,24.56,2.0,13.5,seasonal
MAC005422,2013-02-21,24.905,0.7,14.8,seasonal
MAC005422,2013-02-22,23.7,0.3,15.2,seasonal
MAC005422,2013-02-23,25.394,0.3,15.2,seasonal
MAC005422,2013-02-24,23.608,0.4,15.1,seasonal
MAC005422,2013-02-25,22.911,2.5,13.0,seasonal
MAC005422,2013-02-26,23.684,3.5,12.0,seasonal
MAC005422,2013-02-27,23.761,3.0,12.5,seasonal
MAC005422,2013-02-28,24.145,3.5,12.0,seasonal
MAC005422,2013-03-01,23.056,3.9,11.6,seasonal
MAC005422,2013-03-02,24.478,2.3,13.2,seasonal
MAC005422,2013-03-03,24.308,2.6,12.9,seasonal
MAC005422,2013-03-04,21.684,3.6,11.9,seasonal
MAC005422,2013-03-05,24.674,5.8,9.7,seasonal
MAC005422,2013-03-06,18.751,7.4,8.1,seasonal
MAC005422,2013-03-07,19.879,8.0,7.5,seasonal
MAC005422,2013-03-08,23.282,8.5,7.0,seasonal
MAC005422,2013-03-09,25.015,6.0,9.5,seasonal
MAC005422,2013-03-10,20.943001,2.1,13.4,seasonal
MAC005422,2013-03-11,24.161,-0.2,15.7,seasonal
MAC005422,2013-03-12,24.524,0.1,15.4,seasonal
MAC005422,2013-03-13,23.861,1.9,13.6,seasonal
MAC005422,2013-03-14,23.37,1.0,14.5,seasonal
MAC005422,2013-03-15,22.736,4.3,11.2,seasonal
MAC005422,2013-03-16,22.507,6.1,9.4,seasonal
MAC005422,2013-03-17,20.161,4.7,10.8,seasonal
MAC005422,2013-03-18,17.28,3.2,12.3,seasonal
MAC005422,2013-03-19,18.72,3.3,12.2,seasonal
MAC005422,2013-03-20,21.435,3.2,12.3,seasonal
MAC005422,2013-03-21,22.553,3.1,12.4,seasonal
MAC005422,2013-03-22,22.42,3.2,12.3,seasonal
MAC005422,2013-03-23,22.619,1.6,13.9,seasonal
MAC005422,2013-03-24,20.817,0.1,15.4,seasonal
MAC005422,2013-03-25,20.593,0.4,15.1,seasonal
MAC005422,2013-03-26,21.616,0.3,15.2,seasonal
MAC005422,2013-03-27,25.459,0.8,14.7,seasonal
MAC005422,2013-03-28,22.002,1.0,14.5,seasonal
MAC005422,2013-03-29,21.9,0.2,15.3,seasonal
MAC005422,2013-03-30,29.126001,1.2,14.3,seasonal
MAC005422,2013-03-31,26.085,0.5,15.0,seasonal
MAC005422,2013-04-01,27.088,1.8,13.7,seasonal
MAC005422,2013-04-02,25.044,2.6,12.9,seasonal
MAC005422,2013-04-03,25.002,1.7,13.8,seasonal
MAC005422,2013-04-04,25.436,1.9,13.6,seasonal
MAC005422,2013-04-05,26.133,3.3,12.2,seasonal
MAC005422,2013-04-06,24.734,3.5,12.0,seasonal
MAC005422,2013-04-07,25.480001,3.2,12.3,seasonal
MAC005422,2013-04-08,24.472,4.9,10.6,seasonal
MAC005422,2013-04-09,25.411,4.8,10.7,seasonal
MAC005422,2013-04-10,19.792,6.1,9.4,seasonal
MAC005422,2013-04-11,21.842,7.1,8.4,seasonal
MAC005422,2013-04-12,19.632,8.4,7.1,seasonal
MAC005422,2013-04-13,21.285,8.2,7.3,seasonal
MAC005422,2013-04-14,20.724,13.4,2.1,seasonal
MAC005422,2013-04-15,18.577,11.5,4.0,seasonal
MAC005422,2013-04-16,20.148,11.3,4.2,seasonal
MAC005422,2013-04-17,18.787,11.8,3.7,seasonal
MAC005422,2013-04-18,22.367,10.1,5.4,seasonal
MAC005422,2013-04-19,21.113,8.4,7.1,seasonal
MAC005422,2013-04-20,20.703,5.9,9.6,seasonal
MAC005422,2013-04-21,18.827,7.0,8.5,seasonal
MAC005422,2013-04-22,22.14,9.3,6.2,seasonal
MAC005422,2013-04-23,19.25,13.1,2.4,seasonal
MAC005422,2013-04-24,19.805,12.5,3.0,seasonal
MAC005422,2013-04-25,17.726,14.2,1.3,seasonal
MAC005422,2013-04-26,22.333,8.9,6.6,seasonal
MAC005422,2013-04-27,20.493,6.0,9.5,seasonal
MAC005422,2013-04-28,20.603,6.2,9.3,seasonal
MAC005422,2013-04-29,20.138,9.2,6.3,seasonal
MAC005422,2013-04-30,21.122,7.9,7.6,seasonal
MAC005422,2013-05-01,21.285,8.4,7.1,seasonal
MAC005422,2013-05-02,17.764,9.1,6.4,seasonal
MAC005422,2013-05-03,18.459,11.1,4.4,seasonal
MAC005422,2013-05-04,20.198,10.9,4.6,seasonal
MAC005422,2013-05-05,17.425001,11.4,4.1,seasonal
MAC005422,2013-05-06,12.386,13.2,2.3,seasonal
MAC005422,2013-05-07,13.984,13.8,1.7,seasonal
MAC005422,2013-05-08,10.647,12.9,2.6,seasonal
MAC005422,2013-05-09,14.147,10.5,5.0,seasonal
MAC005422,2013-05-10,15.594,12.4,3.1,seasonal
MAC005422,2013-05-11,15.913,10.4,5.1,seasonal
MAC005422,2013-05-12,13.419,9.6,5.9,seasonal
MAC005422,2013-05-13,14.093,11.0,4.5,seasonal
MAC005422,2013-05-14,18.244001,8.6,6.9,seasonal
MAC005422,2013-05-15,16.649,9.1,6.4,seasonal
MAC005422,2013-05-16,15.893,9.5,6.0,seasonal
MAC005422,2013-05-17,15.76,9.1,6.4,seasonal
MAC005422,2013-05-18,15.899,10.9,4.6,seasonal
MAC005422,2013-05-19,15.358,12.7,2.8,seasonal
MAC005422,2013-05-20,14.644,13.4,2.1,seasonal
MAC005422,2013-05-21,12.64,12.9,2.6,seasonal
MAC005422,2013-05-22,12.317,11.4,4.1,seasonal
MAC005422,2013-05-23,13.869,8.1,7.4,seasonal
MAC005422,2013-05-24,17.62,7.1,8.4,seasonal
MAC005422,2013-05-25,11.331,9.5,6.0,seasonal
MAC005422,2013-05-26,12.844,11.5,4.0,seasonal
MAC005422,2013-05-27,10.675,11.0,4.5,seasonal
MAC005422,2013-05-28,11.518,10.8,4.7,seasonal
MAC005422,2013-05-29,9.713,10.7,4.8,seasonal
MAC005422,2013-05-30,14.698,12.4,3.1,seasonal
MAC005422,2013-05-31,13.522,14.5,1.0,seasonal
MAC005422,2013-06-01,14.686,12.9,2.6,seasonal
MAC005422,2013-06-02,13.64,12.8,2.7,seasonal
MAC005422,2013-06-03,11.151,11.9,3.6,seasonal
MAC005422,2013-06-04,12.105,12.1,3.4,seasonal
MAC005422,2013-06-05,11.288,12.6,2.9,seasonal
MAC005422,2013-06-06,11.563,13.3,2.2,seasonal
MAC005422,2013-06-07,11.354,14.1,1.4,seasonal
MAC005422,2013-06-08,11.987,12.4,3.1,seasonal
MAC005422,2013-06-09,14.658,12.5,3.0,seasonal
MAC005422,2013-06-10,11.508,12.4,3.1,seasonal
MAC005422,2013-06-11,11.08,13.3,2.2,seasonal
MAC005422,2013-06-12,13.164,15.2,0.3,seasonal
MAC005422,2013-06-13,11.742,14.6,0.9,seasonal
MAC005422,2013-06-14,15.528,13.5,2.0,seasonal
MAC005422,2013-06-15,13.087,13.9,1.6,seasonal
MAC005422,2013-06-16,11.137,13.5,2.0,seasonal
MAC005422,2013-06-17,12.592,14.9,0.6,seasonal
MAC005422,2013-06-18,10.734,17.2,0.0,seasonal
MAC005422,2013-06-19,10.526,19.0,0.0,seasonal
MAC005422,2013-06-20,9.824,17.3,0.0,seasonal
MAC005422,2013-06-21,12.918,16.6,0.0,seasonal
MAC005422,2013-06-22,8.902,14.3,1.2,seasonal
MAC005422,2013-06-23,12.275,14.8,0.7,seasonal
MAC005422,2013-06-24,11.905,12.8,2.7,seasonal
MAC005422,2013-06-25,11.85,14.1,1.4,seasonal
MAC005422,2013-06-26,12.13,16.0,0.0,seasonal
MAC005422,2013-06-27,11.425,14.5,1.0,seasonal
MAC005422,2013-06-28,11.519,15.4,0.1,seasonal
MAC005422,2013-06-29,8.731,15.8,0.0,seasonal
MAC005422,2013-06-30,12.402,18.5,0.0,seasonal
MAC005422,2013-07-01,11.194,16.3,0.0,seasonal
MAC005422,2013-07-02,10.32,14.5,1.0,seasonal
MAC005422,2013-07-03,11.545,16.4,0.0,seasonal
MAC005422,2013-07-04,7.497,17.1,0.0,seasonal
MAC005422,2013-07-05,8.252,18.3,0.0,seasonal
MAC005422,2013-07-06,6.907,18.9,0.0,seasonal
MAC005422,2013-07-07,7.245,20.5,0.0,seasonal
MAC005422,2013-07-08,8.429,18.9,0.0,seasonal
MAC005422,2013-07-09,7.976,18.1,0.0,seasonal
MAC005422,2013-07-10,7.221,17.2,0.0,seasonal
MAC005422,2013-07-11,9.875,15.2,0.3,seasonal
MAC005422,2013-07-12,6.484,17.0,0.0,seasonal
MAC005422,2013-07-13,5.249,21.6,0.0,seasonal
MAC005422,2013-07-14,7.729,22.1,0.0,seasonal
MAC005422,2013-07-15,5.854,21.8,0.0,seasonal
MAC005422,2013-07-16,4.016,22.8,0.0,seasonal
MAC005422,2013-07-17,3.205,22.9,0.0,seasonal
MAC005422,2013-07-18,3.631,21.2,0.0,seasonal
MAC005422,2013-07-19,3.548,20.3,0.0,seasonal
MAC005422,2013-07-20,5.835,18.8,0.0,seasonal
MAC005422,2013-07-21,5.475,20.2,0.0,seasonal
MAC005422,2013-07-22,3.333,23.8,0.0,seasonal
MAC005422,2013-07-23,3.698,23.1,0.0,seasonal
MAC005422,2013-07-24,3.3,20.5,0.0,seasonal
MAC005422,2013-07-25,3.402,19.8,0.0,seasonal
MAC005422,2013-07-26,3.374,19.6,0.0,seasonal
MAC005422,2013-07-27,3.634,20.0,0.0,seasonal
MAC005422,2013-07-28,4.019,18.7,0.0,seasonal
MAC005422,2013-07-29,7.152,17.9,0.0,seasonal
MAC005422,2013-07-30,5.602,16.8,0.0,seasonal
MAC005422,2013-07-31,5.764,18.6,0.0,seasonal
MAC005422,2013-08-01,4.738,22.8,0.0,seasonal
MAC005422,2013-08-02,3.286,19.6,0.0,seasonal
MAC005422,2013-08-03,4.084,18.1,0.0,seasonal
MAC005422,2013-08-04,4.548,17.9,0.0,seasonal
MAC005422,2013-08-05,4.846,18.3,0.0,seasonal
MAC005422,2013-08-06,0.668,16.8,0.0,seasonal
MAC005422,2013-08-07,6.369,17.3,0.0,seasonal
MAC005422,2013-08-08,5.072,16.6,0.0,seasonal
MAC005422,2013-08-09,4.407,18.3,0.0,seasonal
MAC005422,2013-08-10,4.01,16.9,0.0,seasonal
MAC005422,2013-08-11,5.106,18.2,0.0,seasonal
MAC005422,2013-08-12,4.889,16.3,0.0,seasonal
MAC005422,2013-08-13,5.638,15.3,0.2,seasonal
MAC005422,2013-08-14,5.421,16.4,0.0,seasonal
MAC005422,2013-08-15,5.251,19.2,0.0,seasonal
MAC005422,2013-08-16,5.656,17.9,0.0,seasonal
MAC005422,2013-08-17,7.846,16.6,0.0,seasonal
MAC005422,2013-08-18,8.084,18.8,0.0,seasonal
MAC005422,2013-08-19,6.064,17.0,0.0,seasonal
MAC005422,2013-08-20,7.557,17.6,0.0,seasonal
MAC005422,2013-08-21,7.21,18.1,0.0,seasonal
MAC005422,2013-08-22,8.134,18.7,0.0,seasonal
MAC005422,2013-08-23,8.643,20.0,0.0,seasonal
MAC005422,2013-08-24,9.335,17.0,0.0,seasonal
MAC005422,2013-08-25,9.797,17.1,0.0,seasonal
MAC005422,2013-08-26,12.101,18.2,0.0,seasonal
MAC005422,2013-08-27,9.069,16.1,0.0,seasonal
MAC005422,2013-08-28,8.909,16.1,0.0,seasonal
MAC005422,2013-08-29,7.631,17.9,0.0,seasonal
MAC005422,2013-08-30,8.551,18.3,0.0,seasonal
MAC005422,2013-08-31,8.684,16.3,0.0,seasonal
MAC005422,2013-09-01,8.985,14.7,0.8,seasonal
MAC005422,2013-09-02,9.227,16.8,0.0,seasonal
MAC005422,2013-09-03,8.432,18.5,0.0,seasonal
MAC005422,2013-09-04,8.514,18.7,0.0,seasonal
MAC005422,2013-09-05,10.688,20.4,0.0,seasonal
MAC005422,2013-09-06,11.105,15.4,0.1,seasonal
MAC005422,2013-09-07,9.92,13.6,1.9,seasonal
MAC005422,2013-09-08,10.179,11.8,3.7,seasonal
MAC005422,2013-09-09,10.188,11.6,3.9,seasonal
MAC005422,2013-09-10,13.744,12.5,3.0,seasonal
MAC005422,2013-09-11,12.586,13.5,2.0,seasonal
MAC005422,2013-09-12,12.626,14.1,1.4,seasonal
MAC005422,2013-09-13,12.384,16.2,0.0,seasonal
MAC005422,2013-09-14,15.51,11.7,3.8,seasonal
MAC005422,2013-09-15,1.94,11.3,4.2,seasonal
MAC005422,2013-09-16,20.675,11.2,4.3,seasonal
MAC005422,2013-09-17,20.109,11.0,4.5,seasonal
MAC005422,2013-09-18,18.898,12.3,3.2,seasonal
MAC005422,2013-09-19,21.281,12.0,3.5,seasonal
MAC005422,2013-09-20,10.876,13.4,2.1,seasonal
MAC005422,2013-09-21,8.72,13.5,2.0,seasonal
MAC005422,2013-09-22,11.047,16.8,0.0,seasonal
MAC005422,2013-09-23,17.971,16.6,0.0,seasonal
MAC005422,2013-09-24,17.106,15.1,0.4,seasonal
MAC005422,2013-09-25,9.719,15.7,0.0,seasonal
MAC005422,2013-09-26,22.319,14.5,1.0,seasonal
MAC005422,2013-09-27,19.525,12.6,2.9,seasonal
MAC005422,2013-09-28,21.451,14.3,1.2,seasonal
MAC005422,2013-09-29,11.737,14.3,1.2,seasonal
MAC005422,2013-09-30,10.898,14.9,0.6,seasonal
MAC005422,2013-10-01,15.161,14.3,1.2,seasonal
MAC005422,2013-10-02,12.256,15.4,0.1,seasonal
MAC005422,2013-10-03,10.106,16.1,0.0,seasonal
MAC005422,2013-10-04,13.977,17.3,0.0,seasonal
MAC005422,2013-10-05,10.896,15.3,0.2,seasonal
MAC005422,2013-10-06,10.425,13.8,1.7,seasonal
MAC005422,2013-10-07,12.127,13.3,2.2,seasonal
MAC005422,2013-10-08,22.516,15.6,0.0,seasonal
MAC005422,2013-10-09,12.785,13.6,1.9,seasonal
MAC005422,2013-10-10,5.098,9.3,6.2,seasonal
MAC005422,2013-10-11,5.281,11.1,4.4,seasonal
MAC005422,2013-10-12,8.877,11.4,4.1,seasonal
MAC005422,2013-10-13,9.525,9.6,5.9,seasonal
MAC005422,2013-10-14,10.021,9.1,6.4,seasonal
MAC005422,2013-10-15,9.579,9.5,6.0,seasonal
MAC005422,2013-10-16,9.046,9.7,5.8,seasonal
MAC005422,2013-10-17,8.303,13.2,2.3,seasonal
MAC005422,2013-10-18,8.404,12.6,2.9,seasonal
MAC005422,2013-10-19,8.675,13.9,1.6,seasonal
MAC005422,2013-10-20,9.663,13.4,2.1,seasonal
MAC005422,2013-10-21,8.607,14.8,0.7,seasonal
MAC005422,2013-10-22,6.851,16.0,0.0,seasonal
MAC005422,2013-10-23,10.033,13.9,1.6,seasonal
MAC005422,2013-10-24,8.919,11.1,4.4,seasonal
MAC005422,2013-10-25,10.002,15.3,0.2,seasonal
MAC005422,2013-10-26,10.725,15.0,0.5,seasonal
MAC005422,2013-10-27,10.376,13.5,2.0,seasonal
MAC005422,2013-10-28,14.084,12.7,2.8,seasonal
MAC005422,2013-10-29,16.397,9.1,6.4,seasonal
MAC005422,2013-10-30,11.268,9.0,6.5,seasonal
MAC005422,2013-10-31,13.074,12.5,3.0,seasonal
MAC005422,2013-11-01,12.88,12.0,3.5,seasonal
MAC005422,2013-11-02,11.864,11.5,4.0,seasonal
MAC005422,2013-11-03,13.172,8.7,6.8,seasonal
MAC005422,2013-11-04,15.788,7.4,8.1,seasonal
MAC005422,2013-11-05,18.705,7.6,7.9,seasonal
MAC005422,2013-11-06,13.855,10.4,5.1,seasonal
MAC005422,2013-11-07,17.982,10.4,5.1,seasonal
MAC005422,2013-11-08,15.463,7.5,8.0,seasonal
MAC005422,2013-11-09,16.575,5.4,10.1,seasonal
MAC005422,2013-11-10,20.994,5.2,10.3,seasonal
MAC005422,2013-11-11,20.854,8.5,7.0,seasonal
MAC005422,2013-11-12,21.073,10.0,5.5,seasonal
MAC005422,2013-11-13,19.703,5.1,10.4,seasonal
MAC005422,2013-11-14,18.21,7.2,8.3,seasonal
MAC005422,2013-11-15,20.42,4.8,10.7,seasonal
MAC005422,2013-11-16,19.37,4.0,11.5,seasonal
MAC005422,2013-11-17,18.848,6.0,9.5,seasonal
MAC005422,2013-11-18,19.828,7.8,7.7,seasonal
MAC005422,2013-11-19,20.622,2.9,12.6,seasonal
MAC005422,2013-11-20,19.685,2.3,13.2,seasonal
MAC005422,2013-11-21,17.951,4.5,11.0,seasonal
MAC005422,2013-11-22,22.013,4.8,10.7,seasonal
MAC005422,2013-11-23,20.835,4.6,10.9,seasonal
MAC005422,2013-11-24,22.831,4.6,10.9,seasonal
MAC005422,2013-11-25,23.079,4.0,11.5,seasonal
MAC005422,2013-11-26,22.514,2.5,13.0,seasonal
MAC005422,2013-11-27,20.173,6.4,9.1,seasonal
MAC005422,2013-11-28,18.12,7.2,8.3,seasonal
MAC005422,2013-11-29,21.323,7.3,8.2,seasonal
MAC005422,2013-11-30,21.407,5.3,10.2,seasonal
MAC005422,2013-12-01,23.471,3.7,11.8,seasonal
MAC005422,2013-12-02,23.49,5.5,10.0,seasonal
MAC005422,2013-12-03,21.973,3.2,12.3,seasonal
MAC005422,2013-12-04,22.807,4.4,11.1,seasonal
MAC005422,2013-12-05,22.613,4.4,11.1,seasonal
MAC005422,2013-12-06,25.854,4.3,11.2,seasonal
MAC005422,2013-12-07,26.172,5.9,9.6,seasonal
MAC005422,2013-12-08,22.313,7.3,8.2,seasonal
MAC005422,2013-12-09,22.0,6.7,8.8,seasonal
MAC005422,2013-12-10,27.536,3.9,11.6,seasonal
MAC005422,2013-12-11,18.305,2.8,12.7,seasonal
MAC005422,2013-12-12,20.81,5.2,10.3,seasonal
MAC005422,2013-12-13,21.53,8.7,6.8,seasonal
MAC005422,2013-12-14,21.529,7.3,8.2,seasonal
MAC005422,2013-12-15,19.395,10.7,4.8,seasonal
MAC005422,2013-12-16,21.582,11.4,4.1,seasonal
MAC005422,2013-12-17,21.717,6.3,9.2,seasonal
MAC005422,2013-12-18,23.981,8.1,7.4,seasonal
MAC005422,2013-12-19,24.585,6.1,9.4,seasonal
MAC005422,2013-12-20,23.415,5.4,10.1,seasonal
MAC005422,2013-12-21,24.653,10.2,5.3,seasonal
MAC005422,2013-12-22,25.049,7.1,8.4,seasonal
MAC005422,2013-12-23,23.302,8.1,7.4,seasonal
MAC005422,2013-12-24,24.58,8.5,7.0,seasonal
MAC005422,2013-12-25,25.23,4.7,10.8,seasonal
MAC005422,2013-12-26,25.863,4.1,11.4,seasonal
MAC005422,2013-12-27,26.361999,9.0,6.5,seasonal
MAC005422,2013-12-28,25.528,4.8,10.7,seasonal
MAC005422,2013-12-29,26.834999,2.3,13.2,seasonal
MAC005422,2013-12-30,22.9,7.8,7.7,seasonal
