LCLid,jan_total_n,jan_night_n,jan_total_kwh,jan_night_kwh,jan_max_overnight_kw,jul_total_n,jul_night_n,jul_total_kwh,jul_night_kwh
MAC000002,1487,495,359.6530001000004,85.54000009999986,2.4920002,1488,496,271.1509998999997,72.50800000000011
MAC000003,1487,495,1065.1690027999991,875.8200028000003,7.15,1488,496,367.2460006999997,191.14000070000026
MAC000004,1487,495,55.78999999999997,17.976999999999993,0.57,1488,496,43.273999999999965,14.594999999999999
MAC000006,1487,495,82.81899999999993,13.277999999999963,0.598,1488,496,89.45899999999995,19.917999999999985
MAC000007,1487,495,303.39799990000074,41.47600000000002,0.692,1488,496,268.4119995000002,44.77400000000006
MAC000008,1487,495,684.4549999999999,157.52800000000008,2.386,1488,496,534.0890000000003,131.38700000000003
MAC000009,1487,495,292.27699989999985,45.37499999999992,0.498,1488,496,229.90699999999993,34.75200000000003
MAC000010,1487,495,893.7939985000003,138.1200000000002,2.402,1488,496,691.1049999000002,129.69399999999993
MAC000011,1487,495,614.6729995,133.4059999,3.178,1488,496,330.6010001000001,88.32700000000007
MAC000012,1487,495,57.79699999999998,12.66699999999999,0.348,1488,496,46.12599999999979,15.345999999999995
MAC000013,1487,495,203.9219999999999,55.185000000000045,0.698,1487,496,129.5299999999999,35.43600000000005
MAC000016,720,240,21.999999999999957,6.172999999999993,0.11,0,0,0.0,0.0
MAC000018,1487,495,427.2179998000007,131.29499999999996,1.954,1488,496,298.9149997999998,89.8130000000001
MAC000019,1487,495,246.7339998999996,39.71599999999997,0.49,1488,496,174.93699999999987,44.45099999999998
MAC000020,1486,495,280.43199999999985,33.220000000000034,0.546,1488,496,155.44900000000015,33.43399999999997
MAC000021,1487,495,809.0919996000001,226.76899979999996,4.7579998,1488,496,379.61699999999985,127.30399999999993
MAC000022,1487,495,612.3059999999997,196.60999999999981,1.408,1488,496,172.669,50.79899999999996
MAC000023,1487,495,526.7000003,57.547999999999966,1.838,1488,496,257.65499990000035,50.32099999999996
MAC000024,1486,495,1318.5739978999989,721.4289981000001,9.948,1488,496,247.98699979999992,50.544
MAC000025,1486,495,149.4880003999999,8.16399999999997,0.438,1487,496,163.44300009999967,12.108999999999998
MAC000026,1487,495,317.38599989999966,79.84500000000008,1.518,1487,496,328.42399989999956,82.4170000000001
MAC000027,1487,495,292.02800019999955,83.49300000000004,1.004,1488,496,256.30900000000054,83.00399999999995
MAC000028,1487,495,214.92899999999997,54.688999999999965,0.374,1488,496,25.624000000000517,8.608999999999991
MAC000029,1487,495,110.51999990000068,22.62300000000001,0.468,1488,496,113.91400010000136,34.30700009999996
MAC000030,1487,495,464.8010000999996,61.01199999999998,3.22,1479,487,300.13700000000006,74.70299990000001
MAC000032,1487,495,691.0500003999987,579.1390003999995,6.3520002,1488,496,145.21600020000022,77.37000010000011
MAC000033,1487,495,235.30200000000042,61.175,1.32,1488,496,245.35800000000006,49.79700000000002
MAC000034,1487,495,1314.3849962999982,1155.2999964000005,12.1879998,1488,496,187.25900000000001,49.49900000000012
MAC000035,1487,495,979.3630006999991,199.57000010000002,3.1760002,1488,496,477.53500040000006,92.89199999999988
MAC000036,1487,495,75.90299999999982,7.716,0.136,1488,496,91.53100000000008,13.753999999999994
MAC000037,1487,495,1.3050000000000002,0.0,0.0,1488,496,4.368,0.0
MAC000038,1487,495,427.3270002000004,65.54499999999996,1.692,1486,495,264.9189999999999,65.14299999999997
MAC000039,1487,495,314.6149996999996,55.614999999999974,1.03,1488,496,262.7130000000001,48.752000000000024
MAC000040,1487,495,981.273999900002,229.28200000000007,3.1860002,1488,496,938.2230001999994,237.4489999999998
MAC000041,1487,495,327.1420000000001,56.37299999999995,1.684,1487,496,161.42499999999987,37.711999999999954
MAC000042,1481,495,362.5929998000003,66.31400000000002,3.1,1487,496,270.1549999000005,56.910000000000004
MAC000043,1487,495,194.5259999999999,59.793000000000006,0.668,1488,496,83.00400000000006,23.044999999999987
MAC000045,1487,495,1171.805999999998,308.35500070000023,5.94,1488,496,572.1110008999995,182.4640004
MAC000047,1487,495,178.27700000000016,39.258000000000024,0.526,1488,496,160.94899999999993,36.422000000000004
MAC000049,1487,495,1326.6269992999999,201.80900009999985,5.0419998,1488,496,759.3180010000008,187.20400020000014
MAC000050,1487,495,764.2630008999996,75.02300000000007,2.964,0,0,0.0,0.0
MAC000053,1487,495,378.6209999,75.98100000000012,2.654,1488,496,235.81399999999965,59.72399999999997
MAC000054,1487,495,308.2120000000005,71.86999999999989,0.894,1488,496,305.19400000000024,72.23100000000001
MAC000055,1487,495,450.16699959999977,83.72099999999995,1.56,1486,496,363.8850000000003,101.2109999999999
MAC000056,1487,495,175.66599990000054,18.908000000000005,0.552,1487,496,175.19600000000008,21.706999999999983
MAC000057,1487,495,196.48300000000006,66.19999999999999,0.624,1488,496,155.13899999999933,47.68100000000005
MAC000058,1486,495,109.19499999999965,14.732999999999983,0.21,1488,496,108.52500000000026,16.607999999999993
MAC000059,1487,495,571.5429998000014,128.6589999999999,1.542,1488,496,525.606,127.47800000000001
MAC000060,1487,495,397.03800000000024,60.55899999999994,1.242,1488,496,237.27699989999985,47.40899999999998
MAC000061,1487,495,198.1299999999998,26.531999999999975,0.828,1487,496,174.09800000000044,26.312999999999942
MAC000062,1487,495,397.83900020000004,101.61099999999985,1.574,1487,496,338.4160000000002,101.64399999999998
MAC000063,1487,495,516.6879999999996,114.92399999999996,2.974,1488,496,280.58500000000043,83.03099999999995
MAC000066,1487,495,274.1229999999993,78.08499999999997,0.794,1488,496,133.11399999999986,32.915000000000035
MAC000067,1487,495,282.3990000000003,76.62500000000004,0.874,1487,496,197.9870000000001,59.72399999999999
MAC000068,1486,494,643.3499996999993,80.19599989999999,3.19,1487,496,470.34699999999924,84.27999999999999
MAC000069,1487,495,341.65500009999903,92.71100000000007,0.88,1485,496,159.45599999999993,41.14099999999998
MAC000070,1487,495,126.59300000000016,13.089999999999996,0.726,1488,496,129.5320000000003,22.729000000000017
MAC000072,1487,495,187.7819999999998,30.187000000000026,1.316,1488,496,72.37799999999996,18.110000000000003
MAC000073,1486,495,130.93399990000034,24.154999999999962,0.78,1486,496,129.19300000000055,23.965999999999987
MAC000074,1487,495,466.4709997999999,83.71000000000005,1.21,1488,496,355.73899990000007,71.815
MAC000077,1487,495,176.76100000000017,53.618,0.792,1488,496,214.76399999999987,65.05999999999999
MAC000078,1487,495,226.61499989999965,41.334,1.9,1488,496,95.764,20.940000000000015
MAC000079,1487,495,820.7110002999997,169.7790001,5.132,1104,368,336.9700005,72.617
MAC000080,1487,495,134.13900000000046,34.78599999999995,0.642,0,0,0.0,0.0
MAC000081,1487,495,517.3650006999999,91.901,3.034,1487,496,349.24399970000013,68.01800000000004
MAC000083,1487,495,937.310000099999,264.9460001000002,3.456,1488,496,253.8550000000001,58.733000000000054
MAC000084,1487,495,437.4289999000001,98.492,1.646,1488,496,409.3760000000007,111.48799999999987
MAC000085,1487,495,1091.3030009000001,195.5110001000001,5.3639998,1488,496,694.7420010999996,149.62600030000002
MAC000086,1487,495,131.773,28.881999999999994,0.712,1488,496,149.80899979999998,54.72199980000004
MAC000087,1487,495,641.3339998999999,150.34099999999984,1.592,1488,496,405.8840000999998,91.87800000000009
MAC000089,1487,495,218.09299990000042,33.96599999999998,1.044,1488,496,111.14099999999995,29.741000000000014
MAC000090,1487,495,818.2919990000005,220.68399930000004,3.734,1488,496,293.14499989999956,123.66699989999996
MAC000091,1487,495,217.39200000000005,44.82199999999998,0.948,1488,496,146.78400000000013,44.33000000000008
MAC000092,1487,495,196.56400010000007,18.43199999999997,0.47,1488,496,95.01900000000018,16.991000000000007
MAC000093,1487,495,385.91499980000015,67.00999999999999,1.56,1488,496,350.09099999999984,56.34999999999995
MAC000094,1487,495,615.1999996999989,228.12299999999993,3.868,1488,496,317.4619998999998,95.36900000000004
MAC000095,1487,495,269.24199990000034,66.874,1.198,1488,496,201.44299999999993,50.0640000000001
MAC000096,1487,495,1200.8790011,263.5009995000001,6.0240002,1488,496,788.7050004000002,193.59300019999998
MAC000097,1487,495,635.9199996999995,97.2869999999999,3.304,1487,496,542.5170003999996,100.45800000000017
MAC000098,1439,479,357.42600000000016,60.79300000000006,1.254,1488,496,301.01299999999975,72.91399999999999
MAC000099,1487,495,138.2990000000002,36.41100000000002,0.966,1488,496,123.26099999999994,31.45099999999997
MAC000100,1487,495,385.83800040000074,43.938000000000024,0.55,1488,496,333.7019998999998,57.51500000000003
MAC000101,1487,495,389.10199999999986,41.83699999999999,1.646,1484,495,306.42500020000074,41.783000000000044
MAC000102,1487,495,101.11600000000013,40.32999999999997,0.428,1488,496,82.08600000000015,25.61499999999999
MAC000103,1487,495,1091.0899994000004,320.10799940000004,2.946,1488,496,526.8260003999998,136.5090000999998
MAC000104,1487,495,209.83500000000046,20.051000000000013,0.474,1488,496,177.40800000000033,26.208000000000023
MAC000105,1487,495,2170.664996500003,297.9139997999999,4.422,1487,496,1060.4129996000024,254.47600009999994
MAC000108,1487,495,110.0190000000003,14.14500000000002,0.324,1488,496,108.73000000000002,17.55500000000002
MAC000110,1487,495,560.9260002000009,157.72900039999993,3.298,1487,495,370.86200050000025,101.7270002
MAC000111,1487,495,314.20399999999927,83.28499999999994,0.838,1488,496,306.4279998000003,68.58199999999998
MAC000112,1487,495,489.54000029999963,100.38499980000023,2.9059998,1488,496,280.8669997000002,52.99200000000009
MAC000113,1487,495,857.7820000000011,170.3209998999999,3.09,1488,496,756.8300005000008,233.979
MAC000114,1392,464,218.30600000000032,35.43799999999999,2.394,0,0,0.0,0.0
MAC000115,1487,495,299.86500000000024,68.1230001,2.79,1488,496,179.13400010000038,42.85699999999999
MAC000116,1487,495,1124.4530015999985,261.4590002,3.8340002,1488,496,867.4970003000013,234.9740002
MAC000117,1487,495,246.97699979999982,53.770999999999965,0.916,1488,496,209.3709999999999,49.86100000000001
MAC000118,1486,494,225.3649999000006,46.288,0.588,1488,496,180.51600000000002,49.26500000000002
MAC000119,1487,495,640.7519997000012,145.44100010000017,3.126,1487,495,247.79000009999962,53.92999999999998
MAC000120,1487,495,20.905000000000022,6.324999999999989,0.08,1486,496,75.27299999999998,18.050000000000004
MAC000121,1487,495,437.70100009999936,81.2829999999999,1.886,1487,496,294.1510000000004,71.20999999999994
MAC000122,1486,495,153.69300000000095,22.45000000000008,1.274,1488,496,127.11200000000018,11.24899999999998
MAC000123,1487,495,257.25200000000007,43.96700000000001,0.576,1488,496,208.0129999999999,55.09200000000003
MAC000125,1487,495,432.50399969999967,93.07600000000004,2.28,1488,496,231.15399990000006,60.812999999999946
MAC000126,1487,495,234.08399980000044,45.293000000000006,1.634,1488,496,127.81900010000031,26.183999999999994
MAC000127,1487,495,261.4340000000008,61.696000000000026,1.786,1488,496,270.47099999999995,62.013
MAC000128,1487,495,174.44900010000006,29.40199999999999,0.326,1487,496,141.48800000000006,27.965999999999973
MAC000129,1486,495,479.2989997999996,71.74500000000003,1.376,1488,496,221.38500009999984,55.121000099999996
MAC000130,1487,495,119.8790000000003,14.092999999999982,0.198,1488,496,110.93900009999996,19.289000000000012
MAC000131,1487,495,397.8979999000001,62.2619999999999,1.12,1488,496,213.37799999999993,55.33300000000007
MAC000132,1487,495,515.8380000000004,75.46799999999996,2.444,1488,496,354.3159998,92.71599980000003
MAC000133,1486,495,767.2419994999997,116.35999979999987,7.9699998,1488,496,586.3169997999996,87.97199989999997
MAC000134,669,224,259.7019995000002,16.082000100000002,7.6020002,0,0,0.0,0.0
MAC000135,1487,495,171.16799999999986,51.863999999999976,0.702,0,0,0.0,0.0
MAC000136,1487,495,591.6489994999995,116.00500000000008,1.386,0,0,0.0,0.0
MAC000137,1487,495,419.1850001000003,106.3829999,4.1160002,1487,496,389.9670001000002,92.80400009999994
MAC000138,1487,495,405.69799979999954,52.381000000000014,2.974,1488,496,121.78499980000032,19.659999999999986
MAC000140,1487,495,182.4719998000001,27.825999999999972,0.394,1488,496,131.93500000000012,30.23499999999998
MAC000142,1487,495,1127.3119989000031,262.94799989999996,2.9260002,0,0,0.0,0.0
MAC000143,1487,495,367.38399999999984,60.26100000000006,1.696,1488,496,189.0809999999999,37.866000000000035
MAC000144,1487,495,233.22799999999995,24.762000000000008,1.218,1488,496,164.7210000999999,27.695999999999984
MAC000145,1487,495,459.3659992999999,93.85500000000008,2.04,1488,496,376.6030000999997,105.21100000000006
MAC000148,1487,495,258.12299999999846,92.0570000000001,0.622,1488,496,24.68499999999977,7.87500000000001
MAC000149,1487,495,52.83000000000011,5.969999999999995,0.942,1488,496,51.900000000000006,10.466999999999997
MAC000150,1487,495,301.1400003000003,71.98599999999995,1.666,1488,496,258.3489998000002,65.30499999999998
MAC000151,1487,495,135.47900000000033,22.18499999999997,0.36,1488,496,91.20600000000037,24.411999999999953
MAC000152,1487,495,358.5749999000003,60.456999999999915,1.664,1488,496,218.72800000000095,64.82100000000004
MAC000153,1487,495,1462.2470008000003,657.153000899999,6.672,1488,496,554.0399992000002,346.3779993999998
MAC000154,1438,478,222.49900009999973,56.68400000000006,0.636,0,0,0.0,0.0
MAC000155,1487,495,511.8069997000002,109.74800000000009,2.22,1488,496,344.7990000000002,103.77400000000003
MAC000156,1487,495,375.61999999999983,125.39700000000016,1.994,1488,496,316.4149999999997,99.93600000000006
MAC000157,1487,495,360.9909999999996,142.42100010000013,2.33,1488,496,290.7429997999997,107.33900000000007
MAC000159,1487,495,422.8700000999999,93.41399999999993,1.058,1488,496,345.4970000000004,60.03400000000004
MAC000160,1480,495,213.52299979999967,35.31999999999995,1.078,1488,496,214.5239999000004,39.503999999999984
MAC000161,1487,495,363.3269998999994,103.66800000000016,0.886,0,0,0.0,0.0
MAC000162,1487,495,206.79700000000028,52.903000000000034,1.39,1488,496,171.59100000000018,55.65
MAC000163,1487,495,430.63299949999987,87.63400010000002,2.616,1488,496,319.36699949999934,38.82800010000001
MAC000164,1487,495,558.5219999000001,193.17200009999993,2.486,1485,496,242.08700000000013,91.02199999999993
MAC000166,1487,495,347.9510000000001,93.56200000000004,1.782,1488,496,256.6389999999998,74.10499999999999
MAC000167,1487,495,257.4420003000006,53.470999999999954,0.738,1488,496,208.60699999999989,52.92700000000001
MAC000168,1487,495,88.58199990000021,31.02300000000003,1.01,1488,496,42.86400000000031,11.943999999999996
MAC000169,1487,495,220.60299990000033,83.39300000000006,1.002,1488,496,162.63200000000003,59.109999999999886
MAC000171,1487,495,104.32900000000046,31.921999999999965,2.21,1488,496,102.16399990000059,27.708999999999975
MAC000172,1487,495,56.94299999999995,18.014999999999972,0.304,1488,496,156.3849999999994,44.36400000000007
MAC000174,1486,495,632.8790006000004,178.4440000000002,6.374,1488,496,734.2269998999978,222.4229995999999
MAC000175,1439,479,271.7190000000002,70.91199999999998,0.784,1488,496,218.7219999999996,58.855999999999966
MAC000176,1487,495,169.57800000000012,46.09500000000002,1.312,1488,496,345.8530000000008,102.28099999999993
MAC000177,1487,495,126.25700000000032,29.041000000000004,0.55,1488,496,147.81799999999996,39.75200000000001
MAC000178,1487,495,317.4089997000007,74.03499989999989,8.2539998,1488,496,339.35400010000086,93.53400019999994
MAC000179,1487,495,298.663,59.89499999999995,0.942,1488,496,172.096,40.11800000000003
MAC000180,1487,495,383.1989999999999,78.71200000000005,2.694,1488,496,282.072999600001,74.56499989999992
MAC000181,1487,495,463.116998800001,73.83700009999991,6.6100002,1488,496,294.05799990000037,49.408000000000044
MAC000182,1487,495,206.31400009999987,40.479,0.99,1488,496,154.41900020000023,26.942999999999994
MAC000183,1487,495,381.06400029999963,43.08900000000003,1.484,1488,496,362.14800019999973,60.62200000000008
MAC000184,1487,495,357.9530000000001,105.72999999999995,1.24,1488,496,234.99700000000013,76.25000000000004
MAC000185,1487,495,231.47099989999984,33.59300000000004,1.292,1488,496,153.05200000000033,27.632000000000044
MAC000188,1487,495,172.85200000000006,30.635000000000016,1.064,1488,496,110.60500000000044,22.978000000000012
MAC000189,1487,495,612.6369994999993,222.06099980000002,4.5479998,1488,496,153.12900009999925,62.10800009999999
MAC000190,1487,495,210.04600000000045,47.37500000000001,0.758,1488,496,169.32799999999997,45.819
MAC000191,1487,495,556.1980002000001,91.68599999999985,3.096,1485,496,335.32799990000024,65.14799990000007
MAC000192,1487,495,232.90500000000006,46.64600000000004,2.22,1488,496,268.2759999999997,72.54400000000005
MAC000196,1295,431,79.36700000000015,18.74599999999997,0.552,767,255,28.631999999999998,8.462999999999994
MAC000197,1487,495,8.778,0.0,0.0,1487,496,0.008,0.0
MAC000199,1487,495,198.18799990000002,34.57099999999999,1.242,1488,496,150.6199999999998,36.500999999999976
MAC000200,1487,495,159.37599990000086,19.703999999999997,0.54,1488,496,121.7660000000002,25.874999999999968
MAC000201,1487,495,327.6659998999997,59.56400000000009,1.988,1487,496,214.8910000999999,57.277000099999995
MAC000202,1487,495,533.6950008000005,93.5969999,6.244,0,0,0.0,0.0
MAC000203,1487,495,215.4289999999997,47.47300000000004,2.042,1488,496,152.4899999999996,30.185000000000006
MAC000204,1486,495,140.70700000000036,34.00600000000001,1.194,0,0,0.0,0.0
MAC000205,1487,495,384.93099969999986,76.33799999999998,3.124,1488,496,380.2449996000003,91.58499999999995
MAC000206,1487,495,360.6830004000005,49.858999999999966,2.428,1488,496,285.52000000000027,53.825000000000045
MAC000207,1487,495,481.9090000999994,89.90900010000007,2.4360002,1488,496,367.91300000000035,68.07599999999994
MAC000208,1391,463,278.8560002,31.23400000000005,0.706,1440,480,193.42599999999922,37.26400000000003
MAC000209,1487,495,100.3800000000001,16.17399999999997,0.236,1486,496,88.86400000000016,24.729000000000017
MAC000210,1487,495,180.65800000000183,30.449999999999946,0.31,1485,496,143.2499999999993,40.42400000000008
MAC000211,1487,495,320.6750000999996,47.54399999999993,1.336,1488,496,210.96000000000015,46.50199999999996
MAC000212,1487,495,73.51500000000003,18.448999999999984,0.202,1488,496,81.68900000000018,20.34400000000001
MAC000213,1486,494,235.09200009999992,29.810999999999993,0.632,1488,496,161.52299999999954,35.205000000000005
MAC000214,1487,495,257.50699999999944,44.75500000000004,0.84,1488,496,214.93300009999967,40.57800000000005
MAC000215,1487,495,197.328,53.74000000000007,1.652,1488,496,161.97699999999995,49.30000000000001
MAC000216,1487,495,1077.8430004999998,195.6299999,2.276,1487,496,560.1479998000005,75.23800000000003
MAC000217,1487,495,122.8009999999998,19.519999999999975,0.744,1488,496,159.8969999999998,36.00000000000005
MAC000218,1487,495,506.35199989999893,137.73199990000006,2.132,1488,496,481.9820001000004,133.43899999999996
MAC000220,1487,495,153.12200000000044,33.035000000000025,0.73,1488,496,259.6859999999997,69.56400000000006
MAC000221,1487,495,546.4100001999996,79.29599999999998,2.66,1488,496,252.02300019999964,46.52400000000003
MAC000222,1487,495,431.41300010000043,111.11799999999988,1.82,1488,496,145.40799999999987,64.39199999999998
MAC000223,1487,495,572.0199998000008,221.313,2.488,0,0,0.0,0.0
MAC000224,1487,495,519.4339996999996,110.71999999999996,5.9559998,1487,496,418.65200010000035,126.24500030000004
MAC000225,1487,495,344.9860001,63.030999999999935,2.894,0,0,0.0,0.0
MAC000226,1487,495,444.4459992000007,48.41399989999995,3.2579998,1488,496,338.4679997999996,67.76099990000003
MAC000227,1487,495,484.0320002000002,90.74299999999998,3.422,1488,496,446.48299989999987,89.36999999999989
MAC000228,1487,495,247.65400029999967,26.46100000000002,0.312,1488,496,162.5970000000008,20.709000000000003
MAC000229,1487,495,294.4139998000005,33.09899999999996,1.83,1487,496,96.3719999999998,22.24499999999999
MAC000230,1487,495,415.90200040000025,74.35499999999995,2.056,1488,496,354.8109997000006,52.57099999999995
MAC000231,1487,495,113.6790000000003,14.659000000000002,0.504,1488,496,117.21000000000008,18.07199999999999
MAC000232,1487,495,87.22400000000032,24.662,0.426,1488,496,64.7980000000001,18.73800000000002
MAC000233,1486,495,80.9980000000001,15.267999999999988,0.352,1488,496,84.17300010000021,19.426999999999957
MAC000234,1487,495,407.13000009999996,110.699,3.248,1480,496,310.2660000000001,86.11699999999992
MAC000235,1487,495,211.66200000000003,72.97399999999999,0.63,1488,496,26.335000000000328,11.327000000000004
MAC000237,1487,495,1061.3329992000004,214.2110000999998,5.6300002,1440,480,711.0530006999998,177.05200029999995
MAC000238,1487,495,309.7589998999998,64.84400000000002,2.138,1488,496,231.75000000000009,58.67999999999996
MAC000239,1487,495,294.1129999000004,65.83100000000002,1.798,1488,496,214.5880000000003,49.34800000000007
MAC000240,1487,495,340.9050002000006,64.814,3.052,1488,496,292.2020000000008,79.2379997999999
MAC000241,1487,495,333.60399999999964,65.10900000000001,1.756,0,0,0.0,0.0
MAC000242,1487,495,2.8359999999999976,1.0230000000000004,0.108,1488,496,93.75100000000036,11.27599999999997
MAC000243,1487,495,383.07900019999914,50.52599999999998,1.844,1488,496,349.71699980000005,60.87500000000004
MAC000244,1487,495,213.63299989999996,69.11199999999997,0.652,1488,496,192.02500000000006,59.11800000000002
MAC000245,1487,495,1020.1490005000007,152.68900009999993,4.296,1488,496,748.7940001,142.59799990000016
MAC000246,1487,495,719.2549998999999,193.9620000999999,3.246,1488,496,446.239999900001,135.40699969999994
MAC000248,1487,495,485.76100019999984,130.5079999,6.0679998,1488,496,475.3300000999991,161.53999979999992
MAC000249,1487,495,2039.4359990999985,484.93700060000043,4.3460002,1488,496,1048.9460000000015,220.10099989999983
MAC000250,1487,495,241.00299989999954,73.474,2.158,1488,496,145.74300000000025,49.99399999999999
MAC000251,1487,495,361.4169995000003,56.97000000000003,4.04,1488,496,364.12399999999997,69.23000000000005
MAC000252,1487,495,1297.5649991999987,557.5379989000004,7.0100002,1488,496,490.3450003000005,236.1130002999998
MAC000253,1486,495,426.47799979999974,93.5489999999999,1.14,1488,496,333.29299999999995,83.09
MAC000254,1487,495,404.75599979999936,66.9629999,2.7579998,1480,495,246.5319999000004,39.059999999999995
MAC000255,1487,495,565.6010001000001,92.94000000000007,0.868,1488,496,503.2399998000001,95.70700000000014
MAC000256,1487,495,1052.2640004,277.63099999999986,2.402,1488,496,319.75300000000016,81.63599999999991
MAC000258,1487,495,273.9449999999998,23.21099999999996,0.564,1487,496,224.51499960000004,41.606999999999964
MAC000260,1487,495,394.4549999999995,38.68300000000002,1.722,1488,496,67.83300000000027,22.030999999999942
MAC000262,1487,495,448.879,121.94399999999997,1.418,1487,496,659.6380002,189.34000019999985
MAC000263,1486,495,156.68300000000042,42.62199999999999,0.494,1488,496,123.92300000000012,33.037000000000006
MAC000264,1487,495,224.94600000000065,67.316,0.606,1488,496,204.59200000000004,61.66799999999994
MAC000267,1487,495,330.1669997000006,65.73599999999993,1.876,1488,496,283.11499990000027,68.38199999999995
MAC000268,1486,495,171.5240001,47.92200000000001,1.784,1488,496,95.18000000000015,25.676
MAC000269,1487,495,86.50200000000031,12.950999999999963,0.404,1488,496,96.4680000000001,18.859000000000005
MAC000270,1487,495,667.5860001000011,183.60600000000002,3.264,1488,496,548.4020001999994,144.13400000000013
MAC000271,1486,495,313.0140000000002,106.78000000000003,1.906,1488,496,237.79200010000002,70.17999999999998
MAC000272,1487,495,475.5779995,49.062000000000026,1.134,1488,496,238.3629999999999,47.242000000000004
MAC000273,1487,495,184.70200049999818,14.762999999999993,3.086,1487,496,73.30799980000026,19.250999999999994
MAC000274,1487,495,1708.4819987000044,540.306,6.238,1488,496,312.26599990000113,83.97899999999996
MAC000275,1487,495,317.73299980000064,73.09700000000011,1.826,1487,496,162.2819999000003,28.317999999999994
MAC000276,1487,495,478.1510000000002,163.23500000000007,2.18,1488,496,487.2599999999993,180.53199999999993
MAC000277,1487,495,423.97699979999993,101.7429999999999,2.15,1488,496,333.46700000000027,79.53799999999991
MAC000279,1487,495,178.73699990000048,47.64799989999999,2.1,1473,496,119.73700009999995,29.28699999999996
MAC000280,1487,495,573.569000099999,147.96500000000003,2.766,1488,496,521.809,132.17699999999996
MAC000281,1487,495,274.3749999999999,59.1319999999999,0.952,1488,496,243.24100000000044,55.38499999999998
MAC000282,1487,495,230.90900010000058,41.88699999999996,1.218,1484,496,157.3349999999998,35.49999999999997
MAC000283,1487,495,327.8130000999997,46.55200000000004,0.764,1488,496,111.2550000000003,17.365999999999993
MAC000284,1487,495,66.23200000000013,11.260999999999981,0.192,1488,496,40.3690000000001,13.323999999999971
MAC000285,1487,495,140.72899999999976,34.071999999999946,0.572,1487,496,101.50600000000044,31.839999999999947
MAC000287,1487,495,74.89999999999964,16.490000000000006,0.33,1488,496,9.974,0.041
MAC000289,1487,495,226.14299970000027,51.269000000000034,1.672,1488,496,145.06499989999966,42.56000000000004
MAC000291,1487,495,743.2360002999994,126.34600010000001,2.49,1488,496,347.9020000000004,108.81600000000002
MAC000294,1487,495,524.1580002999996,130.42900000000006,2.634,1485,495,379.10499999999996,109.98399999999991
MAC000295,1487,495,393.8890000000001,73.95800000000006,0.94,1488,496,253.1279999999991,61.01200000000001
MAC000296,1487,495,757.3029986999991,32.519999999999975,1.658,1488,496,446.27899939999986,44.426000000000016
MAC000297,1487,495,679.1529994999971,116.47000000000027,3.034,1488,496,92.80300000000013,15.031000000000008
MAC000299,1487,495,651.9689999000012,121.37799999999993,1.64,1344,448,99.90200000000038,9.144999999999994
MAC000300,1487,495,475.18999959999957,166.4269999999999,3.832,1488,496,152.81400020000004,44.29699999999997
MAC000301,1487,495,316.5969999000001,63.483000000000004,0.764,1488,496,241.8589999999999,60.275
MAC000302,1487,495,278.67900000000014,60.82599999999998,1.45,1487,496,219.52399999999986,62.79900000000006
MAC000304,1487,495,470.3320005999998,76.08099999999992,3.438,1488,496,313.47399999999976,103.63099999999996
MAC000305,1487,495,325.9089999999998,25.765999999999988,1.49,1488,496,49.37599999999994,12.792999999999976
MAC000306,1487,495,209.56000050000029,93.69900039999996,3.076,1488,496,205.68100019999997,51.358000000000004
MAC000307,1487,495,2460.0409998999994,477.15400009999973,6.408,1488,496,874.9330001999995,249.52400029999995
MAC000308,1487,495,117.64000000000006,46.342000000000006,2.154,1488,496,109.03599999999976,38.432
MAC000309,1487,495,813.7020006000005,148.60800029999993,5.9780002,1488,496,356.40599940000084,49.765999999999934
MAC000310,1487,495,213.43799989999994,27.323000000000008,0.342,1488,496,138.39699999999982,29.396000000000026
MAC000311,1487,495,554.5900001999997,121.25500000000004,3.5940002,1488,496,379.2110000000006,81.64999999999993
MAC000312,1487,495,1182.3039989000001,879.0899988999994,7.7800002,1488,496,251.80400089999836,168.97900089999968
MAC000313,1487,495,485.97200010000023,122.73800000000006,1.126,1488,496,414.56199999999876,105.37700000000014
MAC000314,1487,495,206.84599999999966,28.722000000000026,0.67,1488,496,162.08200000000033,24.456000000000017
MAC000315,1486,495,164.32399999999984,30.09699999999997,1.42,1488,496,145.66800000000026,26.90899999999999
MAC000316,1487,495,118.80800000000053,19.94500000000002,0.426,1488,496,131.82099990000034,20.312999999999988
MAC000317,1487,495,287.0699999999998,65.42299999999996,1.128,1488,496,210.18900000000025,55.807000000000095
MAC000318,1487,495,392.1629998000009,107.51299999999996,1.242,1487,496,101.536000000001,36.37899999999997
MAC000319,1487,495,340.561000399999,113.0340001000001,3.398,1488,496,190.9409999999999,61.44899999999997
MAC000320,1487,495,352.45799950000185,151.48800000000008,3.3,1488,496,267.1979999000015,128.40200009999998
MAC000321,1487,495,2520.1419990999975,961.1070004,8.1540002,1488,496,458.56100029999993,199.01400020000003
MAC000322,1487,495,158.54,67.963,1.756,1488,496,157.49299999999968,62.58400000000002
MAC000323,1487,495,515.8299999999994,89.33299999999984,2.672,1488,496,278.88099980000004,48.79200000000002
MAC000324,1487,495,118.85000000000014,17.991999999999948,3.748,1488,496,114.54400000000048,24.42100000000002
MAC000325,1487,495,26.414999999999978,8.036999999999962,0.224,1487,496,7.734999999999986,2.8379999999999908
MAC000326,1487,495,933.6540000999993,233.4619998,6.4099998,1487,496,176.58699999999982,38.12200000000001
MAC000327,1487,495,548.9759988,83.09599969999998,2.7579998,1487,496,268.53699989999996,78.13600000000005
MAC000329,1486,495,347.67099999999965,54.218000000000025,1.474,1488,496,254.73300010000023,56.57700009999999
MAC000330,1487,495,224.9389999999998,64.63800000000005,0.686,1488,496,129.3829999999999,33.90900000000002
MAC000331,1487,495,871.9549999999992,740.4020001000004,7.3340002,1488,496,290.9449997000001,165.76199970000016
MAC000332,1487,495,296.92000000000024,52.43900000000008,0.81,1488,496,237.04000000000045,54.36499999999996
MAC000333,1486,495,161.26700000000017,22.493999999999964,0.308,1488,496,132.15400000000014,27.41099999999988
MAC000334,1487,495,167.9690000000002,35.330000000000034,0.546,1488,496,174.71100000000024,45.90800000000008
MAC000335,1486,495,159.67299999999986,41.0019999999999,1.698,1488,496,186.64799999999994,37.345999999999954
MAC000337,1487,495,101.48699999999995,10.378999999999992,0.224,1488,496,78.37700000000008,23.403000000000034
MAC000338,1487,495,437.8579997999998,59.620000000000005,0.862,1488,496,296.0820002000002,43.82300000000002
MAC000340,1487,495,352.49900000000065,127.69199999999975,2.946,1488,496,246.9060000000007,65.68500000000002
MAC000341,1487,495,344.03900009999967,63.350999999999985,0.908,1488,496,300.4680000000002,66.93199999999992
MAC000343,1487,495,189.2029999,25.608999999999938,0.55,1488,496,123.98800000000031,22.096999999999973
MAC000345,1487,495,338.1939998999995,65.62300000000003,2.06,1488,496,277.5879999999997,85.05200000000009
MAC000346,1487,495,143.36299999999952,37.29900000000003,0.48,1488,496,176.20800000000008,46.727000000000125
MAC000347,1487,495,198.23600000000025,27.825000000000006,1.164,1488,496,178.5079999999999,41.975999999999985
MAC000348,1487,495,167.6710001000002,27.866999999999972,0.62,1487,496,135.13800000000015,24.797
MAC000349,1487,495,199.15000029999965,44.72000000000002,1.294,1488,496,147.54800000000003,32.54300000000002
MAC000350,1487,495,285.07500019999964,107.7980002000001,3.402,1488,496,311.6980000999995,127.29900009999994
MAC000351,1487,495,220.706,22.79099999999996,0.324,1488,496,125.38700000000026,25.07199999999999
MAC000353,1487,495,208.09200000000024,32.43000000000001,0.346,1488,496,180.60599999999977,41.28200000000006
MAC000355,1487,495,310.3329999999996,89.3480001,2.576,1488,496,264.82099999999974,70.37600000000008
MAC000356,1487,495,268.4780001000006,45.18399999999995,1.3,0,0,0.0,0.0
MAC000357,1487,495,411.4100001999998,69.87599989999995,2.1659998,1488,496,260.86900000000026,50.278000000000006
MAC000358,1487,495,3344.872998699999,751.1169990000013,12.1920004,0,0,0.0,0.0
MAC000359,1487,495,523.6560002999994,113.5560000000001,3.774,1488,496,347.9320000999988,85.58500000000018
MAC000360,1487,495,282.80800010000013,67.59800000000004,1.904,1488,496,278.05100000000004,80.65899999999996
MAC000361,1487,495,284.9869997999998,28.587999999999955,3.424,1488,496,167.98300000000023,29.611000000000004
MAC000362,1487,495,142.56800000000064,28.551000000000005,0.596,1488,496,119.88200000000015,28.46400000000001
MAC000363,1487,495,119.00100000000027,28.14699999999998,1.962,1488,496,84.40900000000039,20.209000000000007
MAC000364,1487,495,82.2820000000002,21.262999999999998,0.34,1488,496,57.71000000000016,17.784000000000027
MAC000365,1487,495,96.6890000000003,16.860999999999983,0.45,1488,496,84.40300000000019,19.826000000000004
MAC000367,1487,495,121.83600000000011,20.556999999999977,0.4,1488,496,122.97499999999974,26.487000000000002
MAC000368,1487,495,73.579,22.145999999999997,0.248,1488,496,106.8170000000006,32.262
MAC000370,1486,495,526.7689998000002,118.59400010000009,2.532,1488,496,333.0320000000003,90.80599999999994
MAC000371,1487,495,158.74300000000065,25.49599999999998,0.366,1488,496,97.68600000000036,23.14799999999998
MAC000372,1487,495,364.95999989999916,93.97599999999984,1.006,1488,496,364.47499999999997,88.82499999999999
MAC000373,1487,495,553.8440002000002,47.27399999999991,1.014,1488,496,233.61500000000024,52.28299989999999
MAC000374,1487,495,132.15300000000065,21.895999999999987,0.97,1487,496,95.61500000000015,23.079000000000004
MAC000375,1487,495,188.42700000000036,41.085999999999906,0.76,1487,496,112.49899999999953,32.168000000000035
MAC000376,1487,495,349.7609999999997,93.32500000000009,1.826,1488,496,234.41900019999989,46.39300000000002
MAC000377,1486,495,216.65199999999973,47.16200000000006,0.638,1488,496,170.9330000000001,33.73699999999999
MAC000378,1487,495,171.74099989999982,31.979000000000003,1.394,1488,496,110.04000000000043,29.948999999999984
MAC000379,1486,495,1034.8839991000002,173.99299990000003,3.024,1441,481,899.4870005000012,189.7620000000001
MAC000380,1486,495,150.76600000000056,39.32899999999997,0.646,1485,496,101.59799999999967,31.13000000000003
MAC000381,1487,495,529.3319994000009,170.06700000000006,2.274,1488,496,292.1930000000002,93.29599999999988
MAC000382,1487,495,367.92199999999974,64.07899999999997,0.654,1488,496,200.9119999999999,39.511
MAC000385,1487,495,98.63700000000033,17.792999999999967,0.33,1488,496,72.6070000000001,16.731999999999985
MAC000386,1487,495,442.32399970000023,63.772,1.914,1440,480,276.44399990000016,44.14099999999998
MAC000387,1487,495,361.7489998999998,71.06500000000005,1.218,1488,496,300.27599989999993,76.67199999999997
MAC000388,1487,495,168.74900000000102,42.774999999999956,1.008,1488,496,210.19599999999966,61.71699980000013
MAC000389,1487,495,441.73200050000094,123.10199999999995,2.74,1488,496,249.64500010000037,72.26299999999998
MAC000390,1487,495,401.3600001000006,67.59300000000005,2.042,1488,496,338.01400000000007,75.48299999999998
MAC000391,1485,493,348.6880007000003,128.96000020000017,3.838,1488,496,212.2540000999998,68.14100000000009
MAC000393,0,0,0.0,0.0,,0,0,0.0,0.0
MAC000394,1487,495,316.78599999999983,50.053999999999995,0.936,1488,496,255.36099990000028,43.18000000000002
MAC000396,1487,495,367.0580000000001,64.13300000000005,1.648,1488,496,302.3520002000003,73.05399999999996
MAC000397,1487,495,324.9540001000006,52.63100000000001,1.47,1488,496,299.12699989999993,42.24300000000009
MAC000398,1487,495,468.51800009999926,43.40499999999999,0.918,1248,416,261.67200000000014,41.53700000000001
MAC000399,1487,495,18.55100000000024,6.56699999999999,1.602,1488,496,0.9320000000000002,0.3940000000000001
MAC000400,1487,495,121.11299999999981,48.04,2.524,1487,496,115.96800000000034,36.21799999999996
MAC000403,1487,495,254.17500000000018,45.41699999999995,0.84,1488,496,182.36799999999974,51.88300000000004
MAC000404,1487,495,36.50900000000007,7.36999999999999,0.496,1488,496,87.18600000000045,19.452999999999996
MAC000405,1487,495,367.18999989999986,93.52999999999999,1.92,1486,496,372.47999999999985,101.72900000000006
MAC000407,1486,495,116.60200030000046,24.33199999999995,3.476,1487,495,105.09700020000041,26.301999999999957
MAC000409,1487,495,986.4960004000015,169.35400010000015,5.692,1487,496,675.0979998999992,156.43900050000008
MAC000410,0,0,0.0,0.0,,0,0,0.0,0.0
MAC000411,1487,495,136.06600000000032,17.488999999999972,0.158,1488,496,97.543,26.384000000000007
MAC000412,1487,495,295.92700000000065,78.66399999999999,0.786,1488,496,249.32799999999983,74.96100000000001
MAC000413,1487,495,240.9069999999999,36.60699999999999,0.888,1488,496,147.61099990000034,32.817999999999984
MAC000414,1439,479,126.7090000000001,32.79599999999998,0.334,1488,496,242.21200000000013,73.47799999999998
MAC000415,1487,495,826.9729996000003,663.0459996000003,7.2740002,1488,496,238.47900009999972,144.9160001000001
MAC000416,1487,495,341.9250007999999,56.455,1.408,1487,495,317.71000000000026,65.99399990000002
MAC000417,1487,495,134.8690000000003,41.57299999999999,1.142,1488,496,110.18000000000023,30.835999999999995
MAC000419,1487,495,298.08299999999974,86.366,0.888,1392,464,155.18599999999938,44.85799999999991
MAC000420,1435,479,909.0649988000001,131.52600000000012,2.464,1488,496,158.43700010000026,24.430000000000007
MAC000422,1487,495,88.25200000000007,29.096999999999976,0.402,1488,496,201.4479999999997,39.33300000000005
MAC000423,1483,495,95.20199999999963,6.091999999999972,0.106,1488,496,79.98600000000013,11.163000000000025
MAC000424,1487,495,272.5420001000009,42.015000000000015,1.628,1488,496,139.37100000000007,28.408000000000033
MAC000425,1486,495,432.41800009999935,110.50800000000001,0.99,1488,496,464.2620001000002,123.38300000000007
MAC000426,1487,495,325.8129999999993,62.041000000000075,2.088,1486,496,168.289,34.13899999999995
MAC000427,1487,495,49.91199999999989,6.35499999999997,0.162,1488,496,41.2730000000001,8.483999999999973
MAC000428,1487,495,323.03900019999946,49.35799979999994,2.74,1488,496,205.51199969999968,51.90100000000003
MAC000429,1487,495,231.46499980000078,44.747,1.238,1488,496,219.26600000000124,45.610000000000205
MAC000430,1487,495,144.33100000000042,27.678999999999984,0.384,1344,448,141.42299999999955,38.69600000000001
MAC000431,1487,495,988.4829990000009,155.22099960000008,4.362,1488,496,426.5010001,99.37900000000013
MAC000432,1487,495,190.4790000000001,40.699000000000034,0.95,0,0,0.0,0.0
MAC000434,1486,495,304.53699959999994,51.22399979999998,2.914,1488,496,183.9819998999999,34.57699999999996
MAC000435,1485,493,179.47100000000015,50.697999999999986,0.908,1488,496,233.54099970000013,68.84600000000002
MAC000436,1487,495,165.22100000000015,30.277999999999984,0.358,1488,496,115.65500000000023,13.237999999999984
MAC000437,1487,495,922.6759996,190.7539997000001,3.856,1488,496,610.2670003000006,95.52100000000004
MAC000438,1487,495,146.16100010000017,56.83699999999998,3.068,1487,496,149.9379999999995,42.46800000000002
MAC000440,1487,495,606.3380000999999,243.41799999999978,4.2880002,1479,487,251.51500000000004,85.05999999999999
MAC000441,1487,495,477.64600029999895,40.33899999999996,1.982,1488,496,165.36999989999956,30.175000099999988
MAC000442,1487,495,207.47200000000012,35.85199999999998,1.644,1487,496,157.44300000000004,38.034999999999954
MAC000443,1487,495,1314.6800000999995,200.80000010000006,3.6300002,1488,496,729.6760000999996,91.32999999999976
MAC000444,1439,479,190.48899999999978,34.712999999999965,0.84,1344,448,167.76899999999998,36.26800000000002
MAC000445,1487,495,247.4869998999998,50.6730000000001,1.316,1487,496,241.94799989999976,97.35599999999988
MAC000446,1487,495,310.6659996999998,54.323999999999934,2.414,1487,496,200.698,62.88300000000002
MAC000448,1487,495,174.93600009999966,29.031000000000045,0.54,1488,496,132.81399999999914,31.05299999999999
MAC000449,1487,495,143.13300000000027,44.36999999999992,1.88,1487,496,78.56500000000034,21.023999999999987
MAC000450,1487,495,2122.3220002999988,526.1649996000002,5.5440002,0,0,0.0,0.0
MAC000452,1487,495,850.3449996999999,242.72899999999998,1.948,1488,496,398.0539998999996,97.76800000000001
MAC000453,1487,495,589.0929990000005,62.47600000000002,1.12,1488,496,326.41800010000026,70.96099999999991
MAC000454,1487,495,390.89600020000006,45.799999999999926,1.542,1488,496,200.14900000000023,28.296999999999954
MAC000455,1487,495,1091.5509988000001,297.1640001,4.15,1488,496,372.1159999000002,64.77299999999998
MAC000457,1477,495,112.37000000000005,32.891000000000076,0.584,1488,496,104.12999999999995,29.641999999999978
MAC000458,1487,495,205.11899990000023,46.07600009999997,2.374,0,0,0.0,0.0
MAC000459,1487,495,217.9449999999999,42.06499999999998,0.592,1488,496,174.63599999999988,47.05299999999998
MAC000460,1487,495,699.1770002999998,148.35899980000013,5.192,1488,496,256.4999994999996,80.29899959999993
MAC000462,1487,495,507.46999999999866,132.80999970000013,4.466,1488,496,215.4729999000001,90.12999990000034
MAC000463,1486,495,851.6229990999999,75.52699990000009,2.79,1488,496,582.8979994000006,74.20499999999994
MAC000466,1487,495,337.6289999999997,72.08799999999995,1.542,1487,496,324.3949999999999,87.51199999999997
MAC000468,1487,495,588.4139998999997,170.47899999999987,2.488,1488,496,547.5450001000002,176.1579999999999
MAC000469,1487,495,357.26100019999996,61.846000000000025,1.296,0,0,0.0,0.0
MAC000471,1487,495,337.14600040000056,70.56900000000006,1.818,1488,496,241.19299999999996,60.632999999999996
MAC000472,1487,495,179.9479998999993,55.04900000000006,0.8,1488,496,152.22899990000198,49.25599999999978
MAC000473,1487,495,500.9339999000001,87.17899999999995,2.216,1488,496,338.33399989999964,88.94599990000012
MAC000474,1487,495,273.7720000999994,78.0039999,3.058,1488,496,258.702,90.31000000000009
MAC000476,1487,495,213.38899999999984,30.708999999999953,2.34,1487,496,222.09599979999987,49.20199999999999
MAC000477,1487,495,212.474,38.248000000000005,0.454,1488,496,177.17000000000004,44.75200000000005
MAC000479,1487,495,293.1740004000004,92.23400040000018,4.5879998,1488,496,156.88700000000009,31.79400000000003
MAC000480,1487,495,1029.2839993000018,480.1789998999996,7.1420002,1487,496,557.9460005000004,207.3870003999999
MAC000481,1487,495,340.00600000000054,78.19599999999996,0.94,1488,496,358.7839999999999,90.94099999999993
MAC000482,1487,495,333.14900020000044,59.105000000000096,2.29,1487,496,280.0500001000001,66.25
MAC000483,1487,495,266.76299999999986,85.09800000000004,1.676,1486,496,202.34199999999984,55.85600000000002
MAC000484,1487,495,313.8419998999997,60.57099990000006,3.364,1488,496,192.02200009999925,64.105
MAC000485,1487,495,178.5569997000004,33.25099999999998,3.172,1488,496,126.10400010000002,28.529999999999994
MAC000486,1487,495,182.66500000000013,24.17699999999998,0.654,0,0,0.0,0.0
MAC000488,1487,495,373.64800019999984,29.37199999999998,1.294,1488,496,105.4110000000002,18.128000000000004
MAC000489,1486,495,135.65100000000058,25.418999999999937,0.982,1488,496,130.04100000000037,32.84999999999999
MAC000490,1487,495,456.6229995000013,75.97899999999993,1.292,1488,496,452.7300000000007,109.10999999999994
MAC000491,1487,495,265.4110002000003,50.918,2.022,0,0,0.0,0.0
MAC000492,1487,495,292.0830001000004,57.856000000000094,1.614,1488,496,267.1999999000007,60.04200000000004
MAC000493,1487,495,145.86599980000034,27.93499999999999,2.128,1486,496,95.10000000000053,19.390999999999952
MAC000495,1487,495,127.47199999999943,42.663000000000025,0.232,0,0,0.0,0.0
MAC000496,1487,495,119.50299999999989,31.825000000000003,0.282,1488,496,137.15099999999964,34.59499999999999
MAC000498,1487,495,477.29199979999964,93.85400000000007,1.206,1488,496,466.5879999000003,136.145
MAC000499,1486,495,328.4110007000002,48.541999999999966,2.364,1488,496,149.33299989999998,40.251
MAC000501,1487,495,309.88999970000043,45.823999999999984,0.71,1488,496,195.06999990000017,38.88899999999999
MAC000502,1487,495,211.65699989999985,51.88599989999999,2.0179998,1488,496,146.73200000000008,38.779
MAC000503,1487,495,222.98700009999996,31.22199999999994,2.23,1488,496,140.3010000000001,20.831999999999976
MAC000504,1487,495,96.15000000000052,28.433999999999973,0.368,1488,496,202.78800020000017,37.18499999999998
MAC000505,1487,495,418.7559999999996,34.585,1.576,1488,496,182.27199999999996,32.16199999999998
MAC000506,1487,495,389.86499959999946,83.22099999999992,2.18,1488,496,345.78199990000076,77.07600009999993
MAC000507,1487,495,358.60200010000017,103.67800000000001,0.974,1488,496,272.5040000000001,90.85900000000012
MAC000508,1487,495,451.4070000000002,122.88300009999993,2.1400002,1488,496,273.4229998999997,58.55700000000008
MAC000509,1487,495,273.28599990000026,31.142999999999983,1.31,1487,496,211.11400010000048,35.11799999999999
MAC000510,1487,495,334.0589999999998,68.0209999999999,0.922,1488,496,153.1390000000003,36.08299999999994
MAC000511,1487,495,409.7959998000001,91.59699999999998,1.384,1488,496,342.9350003999998,85.79999999999997
MAC000513,1487,495,64.9879999000005,9.876999999999988,0.46,1488,496,28.475999999999857,8.764999999999983
MAC000514,1487,495,249.92499999999933,27.72500000000002,0.568,1103,367,150.75299990000005,21.26700000000003
MAC000515,1487,495,269.03900049999976,13.818000000000016,0.606,1488,496,109.84600000000036,15.255999999999968
MAC000516,1487,495,321.03999990000045,57.80899999999991,1.39,1488,496,286.4039999999999,58.07999999999992
MAC000517,1487,495,231.46699999999987,23.591999999999988,0.75,1488,496,96.91300000000044,21.087999999999983
MAC000518,1487,495,258.08699989999997,38.963999900000026,2.1659998,1488,496,192.78400000000008,41.99899999999999
MAC000519,1487,495,734.1519997999981,202.08199979999995,4.816,1488,496,378.43399990000023,91.68799999999997
MAC000520,1487,495,153.6089999999997,49.87000000000003,0.304,1488,496,207.59400010000027,45.31900000000006
MAC000522,1486,495,807.0480010000005,84.0329999999999,2.678,1488,496,490.22400020000055,59.12099999999983
MAC000524,1487,495,805.6720012999995,14.544000000000002,0.432,1488,496,168.11199980000055,51.036999799999975
MAC000526,1487,495,464.46900009999933,103.15100000000005,1.604,1488,496,288.01299990000024,78.316
MAC000527,1487,495,588.5250004000003,105.70099999999991,2.424,1488,496,515.5650002999995,96.78200000000001
MAC000528,1391,463,592.9689999999996,300.2409996000002,6.816,432,144,52.19599989999997,19.6979999
MAC000530,1480,495,727.3359998000004,141.02200000000002,1.71,1488,496,1182.1519992999986,362.9219998000005
MAC000531,1487,495,132.53099999999972,24.120999999999935,0.956,1488,496,239.41500000000002,69.84900000000005
MAC000532,1487,495,284.06299980000006,47.87199990000003,2.0639998,1488,496,278.58000000000015,73.44400000000007
MAC000533,1487,495,227.60400000000038,43.73199999999993,0.422,1486,496,226.93800000000047,62.33700000000003
MAC000534,1487,495,119.98600000000033,46.42400000000001,1.66,0,0,0.0,0.0
MAC000535,1486,495,1194.2689982000018,276.7939994,7.2659998,1488,496,888.5980007000007,280.1910002999998
MAC000536,1487,495,398.6719998999994,115.61900000000004,1.878,1488,496,361.05400000000014,115.59700000000016
MAC000538,1487,495,170.6170000000001,32.846000000000075,0.932,1477,496,104.62400000000044,30.343999999999937
MAC000539,1487,495,74.28600000000007,24.009000000000032,0.506,1488,496,24.852999999999895,9.392999999999967
MAC000540,1487,495,415.17699949999974,92.38700000000003,2.486,0,0,0.0,0.0
MAC000541,1486,495,65.9320000000006,14.565000000000037,0.174,1488,496,43.24400000000032,9.788999999999994
MAC000542,1487,495,265.5809999999998,33.06899999999999,0.45,1488,496,218.32700000000014,43.654999999999966
MAC000543,1487,495,183.11099979999943,24.35200000000004,0.392,1488,496,103.6450002000006,19.568
MAC000545,1487,495,282.1449999999999,45.04599999999999,1.65,1488,496,214.48000000000027,50.28400000000004
MAC000546,1487,495,476.66500040000045,70.42300000000002,3.694,0,0,0.0,0.0
MAC000547,1487,495,1265.9619996000006,375.52200000000016,5.7919998,1488,496,1328.217001099998,361.0539999999999
MAC000548,1487,495,654.9239999000008,159.04899980000002,3.466,1488,496,765.0560000999996,186.58300000000003
MAC000550,1487,495,955.4660003000001,272.9879997000003,3.138,1488,496,453.2119999999998,95.31799999999997
MAC000551,1487,495,102.44700000000029,10.461999999999975,0.294,1488,496,77.09900000000022,17.915999999999976
MAC000552,1487,495,279.2590001,40.392,0.844,1487,496,181.56500009999988,35.237000000000045
MAC000553,1487,495,218.8730000000002,25.410999999999973,0.606,1488,496,161.1269997999999,30.507000000000005
MAC000554,1487,495,314.9129998999997,46.4780000000001,0.73,1393,465,213.92100000000028,50.50600000000005
MAC000555,1486,495,854.1890004999999,189.39799990000014,2.626,1488,496,593.6159999000007,120.07900000000006
MAC000556,1487,495,392.75899969999955,68.28800000000001,2.204,1488,496,283.92800000000005,71.26599999999998
MAC000557,1487,495,2375.5120009999955,703.9799992999996,4.132,1488,496,1595.9970013999987,662.7760003999995
MAC000558,1486,495,269.8680001000003,44.602000000000004,1.124,1439,480,264.4160000000001,65.47499999999997
MAC000559,1487,495,168.83299999999983,47.43800000000003,0.57,1486,496,134.66099999999955,38.17199999999999
MAC000560,1486,495,187.6589999999998,36.257000000000026,0.448,1488,496,217.31000000000014,56.46000000000002
MAC000562,1487,495,128.99400009999977,26.254000000000023,0.384,1488,496,126.13100010000014,22.19800000000002
MAC000563,1485,493,194.21300000000022,28.971999999999976,0.632,1488,496,121.8820000000001,25.15899999999996
MAC000564,1487,495,610.8890004000009,232.81900000000002,2.774,1488,496,175.7679999,42.243000000000045
MAC000566,1487,495,424.5339997000003,40.695000000000064,0.488,1488,496,359.35500060000044,46.349000000000025
MAC000567,1487,495,304.1210002000005,43.877000000000045,0.712,0,0,0.0,0.0
MAC000568,1487,495,288.0410000000002,57.68099999999994,0.778,1488,496,129.0930000000005,30.95800000000001
MAC000569,1487,495,1895.4929980999998,522.6579995000002,4.9640002,1488,496,640.8150002000012,149.85700000000014
MAC000570,1486,495,343.03899990000036,60.217999999999975,0.672,1487,496,310.5449999000001,69.12199999999997
MAC000571,1487,495,130.43000000000026,38.438999999999965,0.44,1488,496,87.53900000000003,25.127000000000024
MAC000572,1487,495,323.9550001999999,42.33399999999996,1.954,1488,496,207.0189999999999,37.46799989999999
MAC000573,1487,495,488.3850002999988,101.45900010000008,5.672,1488,496,569.1909995000003,110.49599999999984
MAC000574,1487,495,266.2870001000002,76.24900000000002,1.974,1488,496,222.0030001999996,69.65100000000002
MAC000575,1486,495,208.24200000000025,39.34799999999998,0.432,1488,496,193.2080000999992,47.4990000000001
MAC000576,1486,495,408.8059993999992,44.611999999999995,2.648,1487,495,355.47300009999964,40.85999999999998
MAC000577,1487,495,612.5409998000002,67.26800000000001,1.986,1488,496,490.00900030000037,86.26199999999999
MAC000578,1487,495,173.88600010000027,15.833999999999964,0.53,1488,496,133.55399990000046,22.52499999999999
MAC000579,1487,495,165.89300000000011,33.24999999999999,1.434,1488,496,176.70000000000002,34.03
MAC000580,1487,495,469.92200000000054,158.65300019999972,3.952,1488,496,224.3370001000001,78.08900009999996
MAC000581,1487,495,283.5579999999997,56.53199999999986,0.702,1488,496,224.37300000000036,56.131000000000014
MAC000585,1487,495,123.51600000000036,22.473999999999982,0.52,1483,496,77.44700000000005,27.256999999999987
MAC000588,1487,495,324.23500019999994,48.78199999999994,1.774,1488,496,213.9470000000005,33.31099999999993
MAC000589,1487,495,245.72199989999984,31.400999999999975,0.752,1488,496,225.21199999999982,38.40800000000002
MAC000591,1487,495,254.0820001000001,34.19699999999998,0.614,1488,496,225.689,32.20299999999999
MAC000592,1487,495,317.9109998999996,48.63100000000004,1.516,1487,496,252.23899970000028,65.28799990000013
MAC000594,1487,495,313.30500010000003,51.330999999999996,0.988,1487,495,188.8150000000002,47.669999999999995
MAC000596,1487,495,1039.8530006999986,231.14099979999966,4.842,1488,496,773.558999199998,202.43199990000016
MAC000597,1439,479,120.55900000000018,17.62699999999999,0.456,1488,496,110.78900000000007,13.985999999999997
MAC000599,1487,495,279.0089999999997,97.2859999999999,2.346,1488,496,146.2190000999993,36.0980000000001
MAC000600,1486,495,965.1789996999989,101.58499970000018,2.946,1488,496,150.50200009999992,30.131999999999987
MAC000601,1487,495,190.5380000000001,20.38499999999999,0.666,1488,496,95.1090001000003,18.435000000000006
MAC000602,1487,495,19.075000000000262,4.975999999999988,0.45,0,0,0.0,0.0
MAC000603,1487,495,66.42100000000002,5.9419999999999975,0.44,1487,496,33.51899999999996,3.4239999999999924
MAC000604,1487,495,444.5490000999995,127.99000010000026,2.6300002,1488,496,290.14199999999994,78.76399999999997
MAC000606,1487,495,317.52300000000054,95.60300000000016,1.25,0,0,0.0,0.0
MAC000607,1487,495,265.39700020000015,48.64900000000002,0.72,0,0,0.0,0.0
MAC000608,1487,495,78.06099999999992,23.229999999999954,0.148,1488,496,98.7990000000007,30.757999999999967
MAC000610,1487,495,504.66800000000046,74.35299999999995,1.906,1487,496,320.5840000000002,62.74199999999993
MAC000612,1487,495,594.7419997999999,165.94299989999996,3.0739998,1488,496,437.4050000000002,115.26499990000003
MAC000613,1487,495,164.74299999999994,39.56099999999996,0.542,1488,496,101.68999999999942,32.74400000000002
MAC000614,1487,495,364.462999700001,60.614999999999974,2.15,1488,496,317.22000010000005,92.42499989999995
MAC000615,1487,495,111.66400000000037,25.672999999999945,1.086,1488,496,66.168,14.545999999999996
MAC000616,1487,495,117.34200000000016,33.76599999999999,0.558,1488,496,142.31100000000026,27.47400000000002
MAC000618,1487,495,318.1839999000009,76.29699999999997,1.748,1488,496,422.1069995999991,76.898
MAC000619,0,0,0.0,0.0,,0,0,0.0,0.0
MAC000621,1487,495,934.6860003000012,241.3940000000002,4.376,1488,496,111.67400000000069,18.775999999999986
MAC000622,1487,495,339.55700000000076,111.61299999999993,1.984,1487,496,282.59800000000075,66.60200000000002
MAC000623,1487,495,235.56300000000002,27.562999999999988,0.578,1488,496,230.79799999999994,26.96200000000002
MAC000624,1487,495,605.4610006999993,64.67700000000004,3.05,1488,496,99.41999980000058,22.950000000000006
MAC000625,1486,495,491.63400039999925,91.70299999999995,2.046,1488,496,368.1659999,73.69800000000002
MAC000626,1487,495,110.40400000000014,9.750999999999982,0.126,1487,496,65.71700000000016,10.425999999999975
MAC000627,1487,495,332.53100019999926,96.59600000000006,1.662,1488,496,244.81300000000056,82.85300000000008
MAC000629,1487,495,827.6410001000007,248.84999999999985,1.49,1488,496,275.89100000000025,54.43000000000006
MAC000630,1487,495,494.71299919999984,48.18100000000007,2.904,1488,496,436.42399980000084,56.48299999999999
MAC000631,1484,494,103.28300000000029,24.859999999999985,0.55,1488,496,78.19800000000002,23.664999999999974
MAC000632,1487,495,520.1720000000001,89.34599999999993,2.1,1488,496,377.9230000000004,57.88500000000007
MAC000634,1487,495,92.804,26.345000000000006,0.328,1488,496,45.23300000000007,13.499000000000013
MAC000636,1486,495,6.541999999999991,0.14300000000000007,0.01,913,305,60.96100009999992,2.3509999999999964
MAC000637,1487,495,97.48399990000087,19.729999999999993,0.85,1488,496,89.04800000000047,20.146000000000008
MAC000638,1487,495,412.4559999,83.67499999999986,1.892,1488,496,257.4639999999996,56.53699999999999
MAC000639,1487,495,356.20599989999926,31.03799999999995,0.974,1488,496,189.9579999999998,26.739
MAC000642,1487,495,444.6689999000003,106.45499999999993,2.122,1488,496,409.07999949999993,108.71299999999994
MAC000643,1486,494,514.4970000000001,156.2060000000002,2.01,1487,496,221.67999999999972,66.94999999999999
MAC000644,1487,495,626.0830003000001,196.14199999999994,1.79,1488,496,240.10600000000093,53.8829999999999
MAC000645,1487,495,148.78800009999983,21.011999999999965,0.492,1488,496,119.02000000000022,28.093999999999987
MAC000646,1487,495,403.25600009999977,71.66000000000005,1.066,1488,496,174.4020000000006,45.84300000000004
MAC000647,1486,495,381.71400019999936,70.50099999999996,0.966,1488,496,338.92399990000087,69.18299999999995
MAC000648,1487,495,282.23800010000014,41.534000000000006,0.782,1488,496,204.5959997999989,42.84700000000007
MAC000649,1487,495,202.92200000000003,45.95,0.67,1488,496,176.983,42.84399999999996
MAC000650,1487,495,548.8639994000002,121.02899970000011,2.78,1488,496,408.4770000000004,92.93900000000009
MAC000651,1487,495,114.40000000000036,27.092999999999975,1.344,1488,496,95.97100000000013,31.29899999999998
MAC000652,1487,495,42.237000000000066,8.995999999999992,0.248,1488,496,51.78900000000004,9.221000000000004
MAC000654,1487,495,265.4469999000003,59.24099999999997,0.434,1488,496,188.52200000000025,53.10799999999997
MAC000655,1487,495,246.4159999999995,71.24800000000009,0.64,1488,496,178.12700000000052,44.09599999999998
MAC000656,1486,494,701.3059998999986,168.6,2.402,1486,496,301.99199999999985,69.96600000000001
MAC000657,1486,495,306.3439997999999,71.80699999999996,2.57,1488,496,135.7389999999998,35.19899999999998
MAC000658,1487,495,257.9040002000001,33.27100000000001,1.526,1488,496,169.2669999999998,35.81899999999999
MAC000659,1487,495,460.87099969999986,51.821999999999946,1.184,1488,496,197.53500009999996,38.27500000000001
MAC000660,1485,495,179.57500000000041,37.519999999999996,2.21,1488,496,187.3600001999998,72.03900000000009
MAC000661,1487,495,718.1259997000006,131.13900000000004,3.628,1488,496,635.1379995000001,129.20499990000002
MAC000662,1487,495,214.14299979999973,15.542,0.628,1487,496,104.92200000000025,15.641999999999966
MAC000663,1487,495,427.2659995999999,47.77800000000001,1.678,1488,496,208.4200000000001,33.43699999999999
MAC000664,1486,494,360.6049999000009,46.54300000000003,0.43,1488,496,381.14100000000013,72.45899999999992
MAC000667,1487,495,139.08100000000022,19.918999999999986,0.342,1487,496,90.67800000000021,20.385
MAC000668,1487,495,807.9140007999985,37.2379999,2.4059998,1488,496,144.31500010000002,12.704999999999986
MAC000669,1487,495,783.7500000000013,179.90200020000017,3.102,1488,496,409.2960001000007,118.00399999999992
MAC000670,1487,495,406.64199999999926,50.740999999999985,1.276,1488,496,292.1650000999999,62.514000000000024
MAC000671,1487,495,349.2690000000004,61.16200000000003,2.284,1487,495,270.4099999999995,65.09700000000005
MAC000674,1487,495,289.729,45.87400000000004,0.518,1488,496,175.47900000000007,31.892000000000003
MAC000675,1487,495,289.40300010000004,75.06899999999996,2.118,1488,496,122.98800000000006,54.2189999
MAC000676,1487,495,240.44300000000044,49.887000000000036,1.188,1488,496,280.4409999999997,75.934
MAC000677,1487,495,110.15599999999985,14.505999999999913,0.586,1487,496,108.61900000000018,21.449999999999978
MAC000678,1487,495,515.347999599999,41.64200029999996,2.3340002,1488,496,148.8459999999992,32.13800000000004
MAC000679,1487,495,429.18599980000005,82.97800000000022,2.454,1488,496,175.16700000000054,32.81199999999991
MAC000682,1487,495,672.5789995999995,75.46699999999987,1.758,1488,496,305.9420000999999,84.8110000000001
MAC000684,1487,495,180.54300000000023,32.89899999999992,0.546,1488,496,129.14300000000006,21.05999999999999
MAC000685,1487,495,190.97799969999994,22.94599989999992,2.606,1488,496,152.89500009999992,42.081999999999994
MAC000686,1487,495,545.8229994000008,78.09900000000002,3.06,1488,496,328.1550000999993,68.86499999999995
MAC000689,1487,495,534.5390003000005,56.739999999999974,1.654,1488,496,251.3569999999999,56.928999999999974
MAC000690,1487,495,157.4210000000007,36.90499999999996,1.492,1488,496,231.43300000000028,80.255
MAC000691,1486,494,160.1010000000001,39.12500000000006,0.4,1487,496,121.21300000000093,25.469999999999942
MAC000692,1487,495,668.8840005000003,122.72799979999999,5.8239998,1488,496,890.9519994999997,177.32099969999993
MAC000693,1487,495,1758.7190003999995,558.231,5.126,1488,496,334.2719999999999,108.98399999999997
MAC000694,1486,495,301.31199999999995,64.85199999999998,0.746,1487,496,201.48700010000013,34.60499999999997
MAC000695,1485,493,91.61099999999996,21.436999999999994,1.086,1488,496,57.60600000000014,9.151999999999987
MAC000696,1486,495,253.64700019999984,75.806,1.544,1488,496,196.5940000999998,54.03900000000006
MAC000697,1485,493,1226.4410009000019,269.31399969999995,3.316,1488,496,806.0690004999997,183.80200000000002
MAC000698,1487,495,204.81299990000014,49.973999999999975,1.622,1488,496,241.8549998999999,50.734000000000044
MAC000699,1486,495,204.11700010000095,36.28800000000002,1.07,1488,496,137.5409999999999,32.13299999999997
MAC000700,1487,495,103.3830001000001,5.86599999999998,0.134,1488,496,48.34799999999967,7.8749999999999964
MAC000701,1487,495,80.41799999999972,26.429000000000013,1.3,1464,496,184.2200000000004,60.95299999999996
MAC000702,1487,495,194.74000000000007,34.17100000000002,0.66,1487,495,164.06400009999996,31.753999999999987
MAC000703,1487,495,290.7520000000003,60.381000000000014,0.89,1488,496,302.8109999999998,75.66799999999998
MAC000705,1487,495,156.55700000000007,47.98800000000001,0.516,1488,496,120.92899999999987,38.29299999999998
MAC000706,1487,495,417.84600019999925,98.70800000000003,1.968,1487,496,298.54499980000105,79.91600000000011
MAC000707,1487,495,258.07799999999924,75.20100000000012,2.736,1488,496,322.66200000000003,92.8130000000001
MAC000711,1487,495,415.3479997000005,98.81100000000004,1.166,1439,479,376.64699980000074,81.99300000000002
MAC000712,1487,495,144.55600000000032,16.346999999999973,0.446,1488,496,92.1680000000004,23.521999999999952
MAC000713,1486,495,340.4209999999998,51.072000000000024,2.024,1487,495,283.9779999,51.16000000000004
MAC000714,1487,495,138.34900000000053,19.425000000000004,0.422,1488,496,104.73800000000035,22.339999999999982
MAC000715,1487,495,829.5810005000011,170.7290001,3.302,1488,496,468.4759997000008,116.64599999999986
MAC000717,1487,495,164.8850002000003,41.25899999999995,0.92,1488,496,108.9650000000001,31.51800000000002
MAC000718,1439,479,522.7080003999995,91.38800000000013,1.054,1440,480,483.0350004,89.12800000000007
MAC000720,1487,495,483.9119996999999,86.30300000000008,2.854,1488,496,370.82000010000075,66.67499999999998
MAC000721,1487,495,325.6889998000003,72.25000000000004,0.908,1488,496,312.4530000000001,79.09500000000008
MAC000723,1487,495,389.26099959999897,54.13300000000004,2.658,1488,496,86.76400010000013,14.537
MAC000724,1487,495,556.0910001999991,144.517,1.968,1488,496,242.32399999999993,58.01200000000003
MAC000726,1486,495,306.5650002,46.899,0.722,1488,496,301.53900020000003,67.32500000000005
MAC000727,1487,495,263.8869999000002,53.033,0.848,1488,496,219.69799999999952,54.94299999999998
MAC000729,1487,495,400.20500000000055,131.574,0.96,1487,496,235.99000000000044,80.42299999999997
MAC000730,1472,495,552.3989996000001,87.93900020000001,3.072,1487,495,532.4020000000004,146.48599980000006
MAC000731,1487,495,154.34700000000015,12.26800000000002,0.51,1488,496,108.81800000000042,21.509
MAC000732,1487,495,164.0150000000004,40.63599999999996,1.188,1488,496,120.42900000000033,24.660999999999973
MAC000733,1487,495,244.19900019999957,38.461999999999996,0.988,1488,496,265.63600009999976,61.03100000000003
MAC000734,1487,495,251.49200000000022,62.48100000000009,0.81,1488,496,383.5390001000003,95.84200000000003
MAC000735,1487,495,223.55999999999997,37.84400000000004,0.678,0,0,0.0,0.0
MAC000736,1487,495,536.6820001000003,56.31399999999995,2.364,1488,496,257.5110000000001,52.01099999999994
MAC000737,1487,495,746.4900005000003,263.2940002999998,5.238,1488,496,314.799,131.79699999999994
MAC000740,1487,495,249.30699999999982,55.30600000000003,1.262,1487,496,197.9170000000004,48.12400000000006
MAC000741,1487,495,398.6290006000003,122.647,2.674,0,0,0.0,0.0
MAC000742,1487,495,313.61699999999973,52.8,1.418,1488,496,251.07900000000058,67.96199999999997
MAC000743,1486,495,500.98599980000057,121.85600000000002,2.974,1488,496,345.60099970000016,91.12200000000006
MAC000744,1487,495,240.27299990000012,36.720999900000045,2.1659998,1488,496,156.34800000000035,29.962000000000053
MAC000745,1487,495,25.75900020000014,6.768999999999966,0.166,1486,496,54.022000200000136,17.45900000000002
MAC000746,1487,495,330.3199998999999,77.91499999999998,1.306,1488,496,206.87099999999975,58.575000000000045
MAC000747,1487,495,279.74700000000007,49.50699999999999,0.64,1488,496,289.45000000000016,58.53700000000003
MAC000748,1487,495,46.86200000000026,13.079999999999957,0.134,1487,496,167.022,35.277000000000015
MAC000749,1487,495,697.7570009000003,52.06399989999999,2.616,1488,496,364.60599959999996,64.31099990000004
MAC000750,1487,495,393.7649992999998,55.88000000000005,1.694,1488,496,287.9609999000003,57.54400000000001
MAC000752,1485,495,94.7220000000001,40.476000000000006,2.138,1487,495,64.74000000000025,17.666999999999973
MAC000753,1487,495,297.37599989999944,74.07699999999991,2.192,1487,495,222.93199999999987,54.6169999999999
MAC000756,1487,495,328.42000000000047,107.95299999999983,0.89,1488,496,350.4649999999997,122.81
MAC000757,1487,495,200.31099980000045,81.14899980000003,3.148,1488,496,139.5519999999998,42.949000000000005
MAC000758,1487,495,161.3469997999997,36.602999899999986,2.738,1488,496,85.03400000000029,23.158999999999946
MAC000760,1487,495,121.11200000000012,19.224999999999994,0.262,1488,496,104.1539999999998,30.005000000000003
MAC000761,1487,495,311.3410002000001,62.55499999999987,1.84,1488,496,198.25099999999998,50.89900000000002
MAC000762,1487,495,112.41499990000042,22.20900000000001,2.062,1488,496,72.69800000000016,22.334000000000003
MAC000763,1487,495,237.62199999999967,32.844000000000044,0.488,1488,496,164.82899999999984,33.69999999999998
MAC000764,1484,492,224.19999999999987,43.108,1.166,1486,496,131.66599999999994,29.977999999999998
MAC000765,1487,495,367.79000040000017,36.55399999999996,1.078,1488,496,241.80699999999976,59.39700000000013
MAC000767,1487,495,83.98000000000069,13.220999999999979,0.278,1488,496,70.36500000000008,18.818999999999974
MAC000768,1487,495,497.30199980000015,123.17599999999992,2.434,1487,495,228.7679998999998,58.79800000000003
MAC000769,1487,495,79.78700000000016,10.283999999999997,0.388,1488,496,64.65300000000026,15.84199999999997
MAC000770,720,240,83.02700009999991,9.758999999999997,0.662,0,0,0.0,0.0
MAC000771,1484,493,200.97800000000024,45.25999999999996,0.752,1488,496,188.1010000000001,47.63100000000001
MAC000773,1487,495,215.57299999999995,30.11699999999998,1.032,1488,496,135.57800000000043,23.236999999999995
MAC000774,1486,495,244.38199990000007,50.78899990000006,3.09,1488,496,252.35900029999988,57.833999999999996
MAC000776,1487,495,154.58200000000002,41.53999999999995,0.684,1488,496,120.51799999999977,31.655999999999988
MAC000777,1487,495,247.42399999999878,20.857000000000024,1.142,1488,496,93.97700010000018,21.71600000000001
MAC000778,1487,495,668.5469995999994,106.05100000000004,2.662,1488,496,31.361000000000068,1.4769999999999988
MAC000779,1487,495,106.04600000000052,22.602999999999973,3.1099998,1488,496,102.51000020000033,35.94100009999999
MAC000780,1487,495,784.8009991000015,143.78499999999997,2.376,1488,496,586.0630001999981,129.31500000000003
MAC000781,1487,495,220.86200010000064,45.20400000000004,0.616,1488,496,174.86600000000007,38.647000000000006
MAC000782,1487,495,131.78900000000013,43.94000000000001,1.522,1488,496,151.48699999999974,49.274000000000036
MAC000783,1487,495,287.2219999999982,55.73199999999979,1.764,1488,496,128.33600000000038,35.57500000000006
MAC000784,1487,495,655.5189999999993,118.91899999999994,2.378,1488,496,325.4679998999998,86.29500000000013
MAC000786,1487,495,265.7999999000001,54.10799999999999,0.882,1486,496,221.79000000000005,56.38200000000005
MAC000787,1487,495,490.53299999999956,143.397,1.194,1488,496,221.40599999999986,51.65000000000007
MAC000788,1487,495,344.6670006999993,58.004000000000055,2.352,1488,496,166.7799999999998,52.13900000000005
MAC000790,1487,495,20.794000000000004,5.14699999999997,0.022,1487,496,150.90199999999993,47.84900000000002
MAC000792,1487,495,266.30800000000033,79.42099999999999,1.086,1487,496,315.1499999999999,101.8880000000001
MAC000793,1487,495,164.40599990000013,28.559999999999988,0.39,1488,496,125.14000000000024,26.66999999999998
MAC000794,1487,495,346.17999999999995,96.68800000000005,1.288,1488,496,279.1740000000003,67.07500000000007
MAC000795,1487,495,349.65300010000016,60.50899999999998,1.544,1488,496,264.8930002,61.65400000000004
MAC000796,1485,493,87.53300000000006,34.04199999999999,1.878,1488,496,54.868999999999936,13.406
MAC000798,1486,495,118.07400000000015,25.351000000000013,0.704,1488,496,148.3769999999995,45.70100000000003
MAC000799,1487,495,313.0349998000001,47.18300010000003,4.3860002,1488,496,341.67800030000063,97.36200000000014
MAC000800,1487,495,258.3400002000005,47.72499999999998,1.946,1488,496,201.81999990000023,50.421000000000014
MAC000802,1487,495,574.8119992000006,163.97999980000006,3.5079998,1487,496,378.7429999999999,141.7720000000001
MAC000804,1486,495,185.59299999999973,38.246999999999964,1.626,1488,496,153.25000010000042,28.904000000000014
MAC000806,1487,495,839.3039993000009,121.494,3.864,1488,496,383.1859998000005,101.95200000000015
MAC000807,1487,495,327.32300000000055,58.603999999999964,0.902,1486,496,244.31599999999997,60.08700000000002
MAC000808,1487,495,804.8420004000011,115.88900020000003,4.4180002,1488,496,324.55600010000006,85.18899999999998
MAC000809,1487,495,105.43800000000036,23.531,0.458,1488,496,81.87700000000007,20.26700000000001
MAC000811,1487,495,567.9540007,106.37200040000005,2.372,1488,496,330.23600020000015,65.31400000000008
MAC000812,1486,495,228.73199989999995,35.33599999999989,0.732,1488,496,205.2140000000001,39.13800000000002
MAC000813,1487,495,196.41999999999987,30.246999999999975,0.866,1296,432,174.69199999999987,61.79100000000004
MAC000815,1487,495,149.93799999999956,38.75799999999996,0.532,1487,496,219.99100000000018,46.95899999999995
MAC000816,1487,495,175.95899999999978,42.13799999999999,0.934,1488,496,191.72100000000012,55.17500000000002
MAC000818,1487,495,146.964,24.70999999999997,0.484,1487,496,68.87200000000004,18.920999999999996
MAC000820,1487,495,260.67799980000007,64.75699999999989,1.63,1488,496,215.87200019999997,52.88999989999995
MAC000823,1487,495,476.40100030000013,88.72600000000001,1.146,1488,496,433.7060001000001,80.17200000000001
MAC000824,1487,495,389.1959998000002,34.142000000000046,1.32,1487,496,276.97699960000006,60.04699979999993
MAC000825,1487,495,503.4089995000006,80.49599999999992,2.51,1488,496,421.16999929999946,89.186
MAC000826,1487,495,371.05599989999985,58.66199999999997,3.32,1487,496,183.91199999999992,53.90400000000004
MAC000827,1487,495,477.2859999000005,87.23400000000002,5.922,1488,496,353.99200019999955,110.782
MAC000829,1487,495,50.373000000000225,10.289999999999988,0.288,1488,496,57.6220000000003,14.511999999999992
MAC000831,1482,493,404.4589997999998,80.22599999999996,2.022,1487,495,241.89299999999977,49.33300000000002
MAC000832,1487,495,408.00100000000003,107.704,1.254,1488,496,300.32999989999973,78.57799999999992
MAC000833,1487,495,599.4080002000017,67.46900000000005,3.348,1488,496,260.2250001000005,57.24999999999996
MAC000835,1487,495,639.2060000000012,109.45099999999991,2.396,1488,496,350.5070000000001,97.65899999999989
MAC000836,1487,495,347.3340000999999,38.37299999999999,0.512,1488,496,298.5199997000004,50.44000000000003
MAC000837,1487,495,191.73099999999982,29.862000000000005,0.718,1488,496,130.55299999999997,31.76099999999998
MAC000838,1487,495,213.53500000000057,60.531999999999975,0.782,1488,496,175.34400000000068,46.67199999999991
MAC000839,1487,495,329.07099989999944,59.62000010000003,4.7140002,1488,496,258.68600030000005,71.43700000000008
MAC000840,1486,495,638.0609997999976,83.89800000000007,1.88,1488,496,258.49,59.175
MAC000842,1487,495,195.12399999999994,23.790000000000056,1.208,1488,496,111.19299999999987,25.515999999999984
MAC000843,1487,495,131.82400000000038,14.898999999999992,0.282,1488,496,154.63300000000015,25.89800000000002
MAC000844,1487,495,561.4000003000002,118.94999990000002,3.0739998,1486,496,338.4669998000002,89.76599999999993
MAC000846,1486,495,189.89599969999998,22.920999999999964,0.556,1488,496,127.82500010000032,33.93600010000002
MAC000848,1484,494,830.3999998999994,196.6159999999999,3.04,1488,496,135.72599990000046,32.68599999999996
MAC000849,1487,495,254.84099999999987,28.770000000000014,0.502,1488,496,174.5449998,23.674000000000003
MAC000850,1486,495,559.239999499999,85.60399999999996,1.412,1488,496,413.89600009999884,88.64600000000003
MAC000852,1487,495,132.4030001,26.23200000000001,0.388,1488,496,98.75400000000032,24.699
MAC000853,1487,495,137.9090000000001,29.86600000000002,0.532,1488,496,156.48899999999986,36.468999999999966
MAC000854,1487,495,267.67000000000024,87.13199999999989,1.894,1488,496,165.30000000000007,45.08499999999997
MAC000855,1487,495,1459.5480000999987,343.846,4.1620002,1488,496,722.2810005999995,195.15899989999974
MAC000856,1487,495,439.09399979999955,72.76000000000003,0.822,1488,496,285.0259998000002,48.85000000000003
MAC000858,1487,495,618.359999500001,58.72700009999992,3.118,1488,496,407.2719999,46.95700000000006
MAC000860,1487,495,291.482,69.37099999999998,0.96,1488,496,246.65999999999988,72.2700000000001
MAC000861,1487,495,328.9159998999995,69.11200000000005,2.026,1488,496,214.74800000000005,52.08799999999996
MAC000862,1487,495,447.1749999999998,50.552999999999976,1.28,1488,496,340.5410000999994,81.66999999999992
MAC000863,1487,495,1069.0510001000007,189.76300039999995,4.624,1488,496,392.99600019999934,92.09299989999988
MAC000864,1485,494,265.6960000000003,58.66199999999995,0.62,1488,496,255.72300000000016,60.90800000000011
MAC000865,1486,494,322.0940000999999,39.679,0.554,1200,401,208.98699989999963,39.29900000000004
MAC000866,1487,495,546.8560000000002,81.55300000000007,2.158,1488,496,447.6139998999996,93.95400000000015
MAC000867,1487,495,447.4009999000001,74.85000000000001,2.7780002,1488,496,407.58799999999985,92.733
MAC000869,1487,495,151.28799999999922,50.70800000000003,0.936,1488,496,159.09099999999998,50.00600000000008
MAC000870,1487,495,121.2939999999998,32.825,0.406,1488,496,119.11900000000026,37.68099999999993
MAC000871,1487,495,126.86199999999978,12.693999999999921,1.05,1488,496,73.75600000000026,20.962999999999983
MAC000872,1487,495,327.67100000000045,102.61200000000004,0.886,1488,496,425.16399999999953,117.01899999999992
MAC000873,1487,495,122.67000000000013,23.784999999999993,0.43,1488,496,114.08500000000002,24.91999999999994
MAC000874,1487,495,147.03200000000044,19.856000000000005,1.168,1488,496,109.39500000000027,25.233000000000004
MAC000875,1486,495,364.31999999999994,73.89799999999995,1.878,1488,496,266.993,60.39300000000002
MAC000876,1487,495,385.2840000000001,95.55600009999992,2.744,1488,496,347.0900000000001,82.92600000000003
MAC000880,1487,495,176.78100000000015,54.284000000000056,0.438,1488,496,172.70199999999986,53.08900000000008
MAC000881,1487,495,349.4599999999997,69.00199999999995,0.77,1488,496,316.40799999999956,79.4730000000001
MAC000882,1486,495,340.09799999999893,72.05,1.042,1488,496,180.1750000000003,39.20800000000002
MAC000883,1487,495,789.5269999999998,187.7139999999999,3.27,0,0,0.0,0.0
MAC000885,1487,495,679.6420012000004,32.25499999999999,1.388,1488,496,400.6930002,42.05999999999999
MAC000886,1487,495,737.7040001999999,119.16100000000019,2.798,1485,496,464.4100000000009,106.88399980000001
MAC000888,1487,495,789.5300004000013,198.03500000000003,2.754,1488,496,379.7280002999996,100.70100000000001
MAC000889,1486,495,964.4999996999986,121.39300000000019,4.5159998,1488,496,118.52000000000046,42.56500000000002
MAC000890,1487,495,285.1549997999994,29.041000000000004,0.768,1488,496,178.64000000000064,25.70199999999998
MAC000891,1487,495,288.16200029999953,61.48600000000006,1.86,1488,496,176.6129999999995,48.507
MAC000892,1486,495,760.5249990999991,117.80600000000004,2.182,1488,496,507.41900019999883,103.80599999999988
MAC000893,1486,494,329.0499996000005,35.887999999999984,0.876,1486,496,266.75300000000044,47.915000000000035
MAC000894,1487,495,433.4320001000001,74.94199989999991,5.374,1487,495,324.95099949999985,52.51500000000001
MAC000896,1486,495,391.3409999999998,61.66900000000003,2.474,1488,496,293.6020000000004,57.95700000000004
MAC000897,1487,495,204.08900010000002,32.02599999999996,0.452,1473,489,117.69900000000014,26.793999999999976
MAC000899,1487,495,699.6420002999995,118.47300020000027,2.516,1488,496,489.7269997999996,92.87300000000009
MAC000900,1487,495,334.47299990000033,30.59000000000001,1.094,1488,496,304.71999999999946,36.41899999999995
MAC000902,1487,495,637.8199995000008,142.19299999999996,4.4899998,1487,496,434.5349997999996,114.07099999999997
MAC000903,1487,495,152.53099999999995,29.339999999999996,0.286,1488,496,157.92399999999927,40.934000000000026
MAC000904,1487,495,694.091000600001,115.59500000000001,2.03,1488,496,478.04600010000036,103.25999999999995
MAC000905,1487,495,271.96699999999987,71.94999999999997,1.446,1487,496,260.7739999999995,73.45099999999998
MAC000906,1486,495,380.7740000000004,126.56999999999981,2.024,1488,496,352.48399999999964,118.04000000000002
MAC000907,1487,495,416.65099980000093,58.451999899999954,2.2119998,1488,496,268.03000049999986,49.18900010000008
MAC000908,1487,495,760.0769998999995,238.45400000000012,3.696,1486,496,333.70799999999974,93.70899999999999
MAC000909,1487,495,217.52599999999998,30.74000000000006,0.424,1488,496,204.83800000000005,45.41999999999998
MAC000911,1487,495,294.5159998999999,45.02399999999998,0.934,1488,496,310.2090000000003,63.94499999999996
MAC000912,1487,495,46.31100000000001,2.0109999999999966,0.058,1488,496,228.31299999999982,75.67000000000012
MAC000914,1487,495,232.58200000000016,63.029999999999944,0.84,1488,496,219.58000000000033,63.13799999999999
MAC000915,1487,495,129.54900000000086,61.17300000000006,0.864,1488,496,269.02800009999976,85.31500000000007
MAC000916,1487,495,1712.342000700001,481.2300009999999,5.2080002,1488,496,542.2779997999992,147.24499999999998
MAC000917,1486,495,331.93800000000005,70.00300000000007,0.978,1439,480,341.66699979999913,87.92999990000008
MAC000918,1487,495,38.30000000000007,12.328999999999983,0.27,1488,496,176.12000000000018,44.96900000000004
MAC000919,1487,495,78.10500000000049,21.136999999999976,0.736,1488,496,70.0919999999998,20.472999999999995
MAC000920,1487,495,109.5650000000002,15.004000000000028,0.584,1487,496,96.42200000000017,24.41299999999999
MAC000921,1485,494,281.3199996999999,47.446999999999974,0.546,1488,496,277.6919999000004,59.08000000000001
MAC000922,1487,495,255.3409999,45.439999999999905,0.854,1488,496,164.07199999999958,36.87100000000002
MAC000923,1391,463,214.9430000000005,34.665000000000006,0.6,1439,479,185.2550000000005,25.423
MAC000925,1487,495,492.96499969999996,82.5030000000001,0.528,97,33,32.567999900000004,4.625000000000001
MAC000926,1487,495,166.16700000000046,22.959999999999994,0.632,1487,496,150.84299999999968,30.188999999999997
MAC000927,1487,495,505.2370001999992,98.20200000000007,1.994,1488,496,395.4279999000004,98.24300000000004
MAC000928,1487,495,250.1700002000003,30.658999999999995,0.358,1487,496,226.67199999999983,42.88899990000001
MAC000929,1487,495,415.63200049999966,36.124999999999986,2.428,1488,496,265.59999980000026,44.76700000000001
MAC000930,1487,495,329.56300010000035,69.667,0.928,1488,496,295.7199999,56.126999999999995
MAC000933,1391,463,248.22500000000042,74.46399999999994,0.692,1488,496,227.7890000000004,67.151
MAC000934,1487,495,744.6630003000009,185.00800020000017,4.5240002,1488,496,810.6699998000008,188.3320000999999
MAC000936,1484,494,182.6280000000002,28.244999999999997,0.454,1488,496,133.21399999999954,33.15599999999998
MAC000940,1487,495,558.7099996999989,88.03799999999997,2.99,1440,480,357.5529998000002,63.828999999999986
MAC000941,1487,495,391.8200001000003,85.20800000000003,1.552,1487,496,236.28199990000005,58.42799999999999
MAC000947,1487,495,538.5960002999997,52.39699989999994,2.41,1488,496,238.75000009999943,53.05300010000008
MAC000948,1486,495,496.87500039999964,119.78399999999993,3.54,1488,496,455.6609999999995,140.5790000000001
MAC000949,1487,495,431.36900030000027,102.09199990000003,3.512,1487,496,361.06899989999965,77.55999999999989
MAC000950,1486,495,285.39400019999925,54.16300000000005,0.858,1488,496,286.1729999999995,77.76800000000004
MAC000951,1487,495,378.10300050000103,62.20700000000012,1.776,0,0,0.0,0.0
MAC000952,1487,495,157.51700000000002,35.40699999999997,1.832,1488,496,195.94100009999974,55.55800010000001
MAC000953,1487,495,182.32500000000007,39.94899999999996,0.43,1487,496,152.0629999999998,39.246000000000066
MAC000954,1487,495,315.534,59.57000000000004,0.826,1488,496,312.08399999999966,75.227
MAC000955,1487,495,215.96800010000038,31.848000000000017,0.292,1488,496,144.77699999999967,35.778000000000006
MAC000956,1487,495,190.72399989999948,40.79200000000004,1.52,1488,496,88.78900000000077,19.67899999999988
MAC000957,1487,495,649.1500003999998,103.52199999999999,3.17,1488,496,633.8160001999994,156.54200000000003
MAC000958,1487,495,201.93099999999905,65.94699999999997,0.876,1488,496,104.70000000000033,23.283000000000012
MAC000959,1487,495,644.5220006,101.88700009999985,3.402,1296,432,247.90699989999993,64.14400000000006
MAC000960,1487,495,407.7660001999999,117.77199999999995,3.042,1488,496,164.55499999999992,26.303999999999995
MAC000962,1486,495,192.626,42.98099999999999,1.36,1488,496,175.51099999999994,45.601
MAC000963,1487,495,472.4640004,65.82600000000004,2.326,1487,496,381.5739998000009,77.51400000000005
MAC000964,1487,495,224.92000010000058,56.996999999999986,2.95,1487,496,378.6119998999994,22.80600000000004
MAC000966,1487,495,1409.1790002,303.9760003000001,3.6760002,1488,496,1415.0099979999986,266.6770000000002
MAC000967,1476,495,268.18599999999986,42.62700000000005,2.07,1484,494,258.3369999000003,40.30300000000001
MAC000968,1487,495,314.28599989999975,61.782000000000046,2.226,1488,496,342.5230001000004,77.02000000000008
MAC000969,1487,495,155.32400000000027,28.36699999999999,0.582,1488,496,146.35199989999998,29.831999999999976
MAC000970,1487,495,111.98100010000053,22.99899999999997,1.484,1488,496,106.37499990000012,20.054999999999982
MAC000971,1487,495,41.06200000000018,11.300999999999997,0.578,1488,496,101.58200000000005,27.887999999999987
MAC000972,1478,495,291.3770002000001,49.13500000000006,1.636,1488,496,188.21700000000016,53.719000000000065
MAC000973,1486,495,227.36200000000014,31.114000000000004,0.74,1488,496,104.22700000000016,19.63999999999999
MAC000974,1487,495,226.66900009999992,42.788999999999966,0.91,1488,496,149.3550000000004,27.98799999999999
MAC000975,1487,495,324.8259998000002,56.80100000000003,2.112,1487,496,235.29600000000013,44.95999999999999
MAC000977,1487,495,229.13199979999976,27.080000000000016,2.126,0,0,0.0,0.0
MAC000978,1487,495,249.91899990000013,45.86900000000006,0.744,0,0,0.0,0.0
MAC000979,1487,495,229.8629998999994,52.783999900000026,2.0739998,1486,496,180.75299999999947,46.64799999999995
MAC000980,1487,495,198.94199999999972,31.971999999999998,2.132,1248,416,112.19800000000016,29.130999999999958
MAC000981,1487,495,551.7689995999998,166.87099980000013,2.698,1488,496,524.1300002000003,150.50899990000022
MAC000983,1487,495,638.4510003000013,171.244,3.312,145,49,13.011000000000006,3.502
MAC000984,1487,495,189.25099999999975,42.57000000000003,0.754,1488,496,129.1299999999998,32.29700000000005
MAC000986,1487,495,872.4210003999998,204.94700000000012,2.602,1488,496,418.9819999999995,109.4040000000001
MAC000987,1487,495,481.227999799999,136.14800010000002,3.442,1488,496,353.31800020000014,112.34900019999998
MAC000988,1487,495,215.0809994000006,21.473999899999928,3.086,0,0,0.0,0.0
MAC000989,1486,495,243.09899999999965,34.10300000000004,0.614,1488,496,170.9509999999996,37.38400000000009
MAC000990,1486,495,649.7290000000006,53.70699999999994,1.678,1487,495,445.99699939999977,46.10100000000001
MAC000992,1487,495,391.6179999000003,65.60299999999997,0.904,1488,496,291.08800020000007,63.80899999999992
MAC000995,1487,495,735.1159996999991,115.50999999999978,4.784,1488,496,552.2399998999999,99.30900000000014
MAC000996,1487,495,486.90800000000013,126.7699999,3.784,1488,496,349.83999990000007,106.22800000000015
MAC000997,1487,495,185.09099999999972,51.216000000000015,1.174,1488,496,182.98899999999975,53.00300000000002
MAC000998,1487,495,173.0839999999998,31.608999999999973,0.248,1487,496,156.5979999999998,40.67700009999998
MAC001000,1487,495,311.67799999999977,78.41299999999997,1.552,1488,496,251.16500000000033,64.16299999999995
MAC001001,1487,495,242.17600009999973,32.01199999999997,0.472,1488,496,210.10299999999992,48.180000000000085
MAC001002,1486,495,61.275999999999684,18.807999999999986,0.516,1488,496,78.49199999999986,23.584000000000003
MAC001003,1487,495,364.19599999999923,73.07200000000009,0.994,1488,496,183.53000000000023,44.13999999999998
MAC001005,1487,495,287.9249999000004,54.76200000000012,1.912,0,0,0.0,0.0
MAC001006,1487,495,139.9829999999991,36.40600000000005,0.252,1488,496,237.13000000000048,59.009999999999884
MAC001007,1486,494,245.94300000000007,101.85099999999997,1.674,1487,496,183.0690001000003,67.07300010000006
MAC001008,1487,495,186.37900010000007,76.08700009999998,2.3340002,1488,496,202.1679999000011,44.39599999999996
MAC001009,1487,495,1101.2879998000021,204.05899999999968,3.812,1488,496,945.0579999999994,237.98300009999994
MAC001010,1486,494,144.2389999999996,41.00200000000006,0.878,1486,496,106.58400000000073,18.462000000000018
MAC001011,1487,495,538.3769993000001,117.50600000000004,2.8239998,1488,496,218.4270003000009,50.90999999999998
MAC001017,1487,495,153.80000000000004,51.90999999999995,0.566,1488,496,85.65200000000002,29.179000000000027
MAC001018,1487,495,129.88600000000017,25.76300000000001,0.296,1488,496,119.04800000000016,24.509
MAC001019,1487,495,164.78200009999958,42.992000000000004,0.932,1488,496,129.2579999999999,48.77499999999995
MAC001020,1486,495,643.8829997999998,211.1040000000001,1.372,1488,496,190.68099999999973,31.279999999999976
MAC001021,1487,495,124.41800000000049,12.904000000000003,0.232,1488,496,88.25500000000025,14.977
MAC001022,1487,495,210.50000000000003,55.291999999999994,1.82,1488,496,101.19900000000035,27.089000000000002
MAC001026,1487,495,329.1340000000003,92.928,1.854,1487,496,258.1050000000002,69.346
MAC001027,1487,495,279.59799979999974,41.04099999999999,1.564,1488,496,199.25700000000012,40.07099999999997
MAC001028,1487,495,563.1899999999999,93.7380001,2.2320002,1488,496,364.0769999999999,89.8019999999999
MAC001029,1487,495,472.54200069999956,112.77900019999993,3.526,1488,496,317.3840000000003,93.28400010000007
MAC001031,1487,495,602.0840004000012,99.12599989999995,4.336,1488,496,307.2659997,52.4680000000001
MAC001032,1487,495,1083.6160016000008,135.04500049999996,4.6659998,1488,496,435.9170000999995,82.31399999999998
MAC001035,1487,495,207.63299999999995,37.76399999999999,1.894,1488,496,164.39000000000007,53.760999999999996
MAC001036,1487,495,1243.3690014999981,241.0149997,2.4159998,1488,496,962.8319998999996,274.15800009999964
MAC001037,1487,495,251.88299999999964,74.05499999999995,0.828,1487,496,266.24299989999963,78.92299999999996
MAC001038,1487,495,154.30399999999986,41.68999999999998,1.924,1487,496,176.228,49.928000000000125
MAC001039,1487,495,491.50900010000055,66.16,2.396,1488,496,67.86200000000008,18.199000000000005
MAC001040,1487,495,500.53899989999985,124.349,2.138,1484,496,385.6389999999992,119.95700000000011
MAC001041,1487,495,188.1920000000001,34.62699999999999,0.592,1488,496,181.48999999999907,49.44200000000004
MAC001042,1486,495,260.37500009999974,43.49500000000002,0.724,1488,496,160.82,35.03000000000004
MAC001043,1487,495,23.577000000000062,8.45599999999999,0.87,1487,496,33.95799999999998,11.315999999999985
MAC001044,1486,495,927.9179987000008,160.91599979999992,3.07,1488,496,631.2249994999996,169.34799989999993
MAC001045,1487,495,161.68699989999985,24.714000000000006,0.524,0,0,0.0,0.0
MAC001046,1487,495,1118.1920005999993,59.2880000000001,1.498,0,0,0.0,0.0
MAC001047,1487,495,352.8150000000006,84.95999999999998,2.6,1488,496,358.79200000000066,71.58500000000001
MAC001048,1487,495,427.9410000000004,121.71700000000008,1.826,1488,496,292.5409999999996,69.59500000000001
MAC001049,1487,495,161.47500000000005,39.306999999999974,0.486,1488,496,139.44299999999978,34.63799999999999
MAC001050,1487,495,324.8500002999999,90.94299999999994,2.05,1488,496,322.0159998000004,67.70099999999995
MAC001051,1487,495,4.382,0.277,0.036,0,0,0.0,0.0
MAC001052,1487,495,376.3110003000007,64.77099999999996,1.436,1488,496,301.40700000000095,58.42400000000005
MAC001053,1487,495,176.75900009999978,55.40700000000005,3.034,1488,496,158.5999999999999,47.360000000000085
MAC001054,1487,495,468.09499989999983,64.3839999999999,1.278,1488,496,405.16200039999984,77.33999999999997
MAC001055,1487,495,333.2959997,109.47699980000003,3.126,1488,496,230.53800000000007,72.03300000000004
MAC001056,1486,495,297.0430001000003,40.063999999999915,1.326,1473,496,183.99699989999922,33.47300000000002
MAC001058,1487,495,165.3940000000007,26.353000000000005,0.384,1487,496,198.45799999999946,33.832999999999984
MAC001059,1487,495,310.5469999999994,43.8120000000001,1.22,1488,496,254.87099999999944,44.9000000000001
MAC001060,1487,495,670.0639996999993,132.2579996999999,3.632,1488,496,395.1199999,90.32300000000009
MAC001061,1487,495,155.70099999999988,24.80299999999999,0.462,1487,496,150.37199999999993,34.917
MAC001062,1486,495,320.99100000000004,69.52900000000007,0.968,1488,496,282.1230000000007,58.346
MAC001063,1487,495,223.82700000000017,39.83799999999999,0.976,1487,495,243.602,49.55500000000003
MAC001065,0,0,0.0,0.0,,0,0,0.0,0.0
MAC001066,1487,495,509.30199989999994,78.03,1.768,1488,496,424.481,75.42700000000002
MAC001067,1486,495,141.7439999999998,36.51999999999999,0.72,1484,496,132.18099999999967,40.85400000000001
MAC001068,1487,495,183.99999999999991,35.50999999999994,1.002,1488,496,139.753,32.24499999999995
MAC001069,1487,495,168.63900010000012,49.92400000000005,1.016,1488,496,142.33299999999952,42.03700000000002
MAC001070,1486,495,555.0590009000006,248.7650000999999,5.2680002,1488,496,204.98699970000013,110.14399970000007
MAC001071,1487,495,289.4089998000005,35.37400000000004,1.032,1486,496,206.1589999,41.728000000000044
MAC001072,1487,495,181.39599999999962,46.34900000000008,0.566,1488,496,182.4589999999996,48.062000000000076
MAC001073,1487,495,363.40599990000004,68.26000000000008,1.348,1488,496,238.1679999999997,48.626000000000005
MAC001076,1487,495,512.9660000000007,63.30800000000004,1.05,1488,496,373.7760000999999,74.03100000000009
MAC001077,1487,495,325.8969999999998,85.0569999999999,1.716,1487,496,314.7650000000001,81.43099999999991
MAC001078,1487,495,728.6930001000001,292.5120000000003,2.918,1488,496,175.18899999999962,55.41999999999999
MAC001079,1487,495,48.1990000000002,10.314999999999985,0.188,1487,496,43.26399999999993,10.562999999999994
MAC001080,1487,495,151.20200010000008,32.51,1.036,1487,496,102.00399999999992,26.742999999999988
MAC001081,1487,495,632.0139999999994,167.88799999999995,2.956,1488,496,304.8469996999998,32.479999999999976
MAC001082,1484,493,0.0,0.0,0.0,0,0,0.0,0.0
MAC001083,1487,495,193.4860000000001,55.33499999999998,1.028,1488,496,208.03200000000058,63.824000000000055
MAC001084,1487,495,107.34800000000016,22.23999999999997,0.586,1488,496,94.16399999999973,26.74399999999997
MAC001085,1487,495,664.0230001000002,193.3110000000001,3.098,1488,496,228.98599989999963,54.19000000000006
MAC001086,1487,495,256.8539999999999,51.743000000000045,1.29,1488,496,213.3089999999999,48.91299999999998
MAC001088,1487,495,105.79000000000012,22.90200000000002,0.394,1488,496,102.86699999999983,24.064999999999987
MAC001089,1487,495,132.55800000000016,15.873999999999995,0.188,1487,496,60.5040000000001,12.363999999999988
MAC001090,1487,495,440.4310000000003,69.79799989999998,2.46,1488,496,307.39600010000026,66.36599999999997
MAC001093,1487,495,442.7520001999995,69.213,1.77,1487,496,294.5720000000008,58.931999999999974
MAC001094,1487,495,238.4019999999999,117.38500000000002,1.922,1488,496,128.361,30.940000000000012
MAC001095,1487,495,1526.239999100001,313.8660001000002,3.256,1488,496,116.36099999999956,34.52899999999997
MAC001098,1487,495,624.2240001000002,81.82599999999988,4.506,1488,496,301.83799999999985,53.353000000000016
MAC001099,1481,495,584.5889999999999,144.41299989999985,3.7119998,1488,496,470.3449997000004,127.31300000000009
MAC001100,1487,495,181.4020001000002,30.163000000000018,0.436,1488,496,135.41699980000035,30.909
MAC001101,1487,495,90.20900000000033,18.75099999999999,0.356,1488,496,94.24199999999989,24.227999999999973
MAC001104,1487,495,503.8539998999996,120.17299999999993,1.55,1488,496,648.2779997999992,236.5019998
MAC001106,1487,495,138.14000000000007,27.926000000000002,1.266,1488,496,95.82600000000032,22.43900000000001
MAC001109,1487,495,332.28599989999935,82.9279998999999,4.98,1488,496,308.9520004000003,85.39199999999998
MAC001111,1487,495,437.70799989999983,104.74599979999981,4.7259998,1487,495,190.57800000000003,51.323999999999984
MAC001112,1487,495,372.5440000000001,74.63300000000017,0.492,1488,496,341.451,87.873
MAC001113,1487,495,320.4310000999997,68.01500000000003,1.752,1487,496,254.05900000000003,61.70699999999997
MAC001114,1487,495,377.8599998000003,42.34799999999994,1.404,1488,496,142.4920000000003,24.145999999999987
MAC001115,1487,495,29.237999999999253,9.764999999999922,0.042,0,0,0.0,0.0
MAC001117,1487,495,213.59599999999963,41.95700000000003,1.744,1488,496,281.0110000000002,64.39500000000001
MAC001119,1487,495,451.0420002000008,107.83699999999993,1.346,1488,496,190.0949999000005,39.63400000000001
MAC001120,1487,495,163.39500000000035,12.703999999999994,0.774,1487,496,82.66899999999981,16.45100000000001
MAC001121,1486,495,334.5449998999999,68.25899999999999,1.78,1488,496,336.1890000000002,86.73500000000008
MAC001122,1487,495,630.8240002999987,197.01100000000014,2.036,1488,496,18.440000000000023,2.1439999999999997
MAC001123,1487,495,360.29099999999994,62.454000000000015,2.076,1488,496,306.1950000999999,75.71100000000006
MAC001124,1487,495,363.1470002000003,75.45899999999995,1.82,1488,496,544.6470003,126.43099999999987
MAC001125,1482,493,385.0000003000006,82.12500000000001,0.904,1487,495,386.3949997999995,75.905
MAC001126,1487,495,450.51699999999965,95.52099999999999,0.992,1488,496,78.76600000000005,34.472000000000016
MAC001127,1487,495,294.40199970000083,62.74799999999995,1.798,1486,495,339.3539997999997,53.125000000000014
MAC001128,1487,495,100.72900000000034,19.07699999999997,0.298,1488,496,112.4909999999997,32.03900000000001
MAC001130,1487,495,174.35300000000012,16.028999999999986,0.578,1488,496,180.68799999999973,25.79700000000013
MAC001131,1487,495,421.02299990000006,94.51600000000006,2.328,1488,496,302.4640000000004,81.93899999999998
MAC001134,1480,495,271.4459998000003,75.794,2.298,0,0,0.0,0.0
MAC001135,1487,495,147.70499999999973,40.486000000000004,0.666,1488,496,136.21299999999957,40.32800000000002
MAC001137,1487,495,602.5080005000002,170.47500010000002,3.576,1487,495,173.26500000000013,41.80300000000004
MAC001138,1485,493,408.66000010000045,84.058,2.704,1488,496,323.66700000000003,78.899
MAC001139,1487,495,263.87999999999994,62.90200000000003,0.784,1488,496,203.0600000000001,54.64400000000002
MAC001140,1487,495,250.93699999999995,46.00399999999997,0.804,1488,496,167.94299999999936,43.46500000000005
MAC001144,1487,495,259.8949995999998,50.64799999999995,0.666,1488,496,283.68499970000096,50.107999999999926
MAC001145,1487,495,3282.293998399997,557.7829991000003,9.2939996,1487,496,431.09900039999934,37.823999799999996
MAC001146,1487,495,287.91399999999965,91.42799999999993,1.682,1487,496,278.4330000000002,86.08900000000001
MAC001148,1487,495,258.2329998999999,21.333000000000027,0.574,1488,496,143.11900010000028,33.16900009999998
MAC001149,1479,495,172.90599999999978,35.75200000000001,0.514,1488,496,155.79700000000005,36.94599999999999
MAC001150,0,0,0.0,0.0,,0,0,0.0,0.0
MAC001151,1487,495,299.8440000999999,46.29300000000002,1.188,1488,496,211.33200000000036,59.94500000000002
MAC001152,1487,495,299.16600000000057,75.95899970000009,3.3699998,1488,496,119.11500000000059,25.64600000000001
MAC001153,1487,495,160.90400000000022,21.775000000000023,0.572,1488,496,132.25300000000044,27.16099999999996
MAC001154,1487,495,281.98700010000005,64.42800000000008,1.374,1488,496,227.55600010000035,44.90099999999999
MAC001155,911,303,118.24000010000006,27.431,0.8,961,321,216.02900019999964,54.87500000000002
MAC001157,1487,495,303.6480001,50.67899999999999,1.474,1488,496,255.1040000000004,51.29899999999999
MAC001158,1484,495,266.43900000000014,53.994999999999955,0.604,0,0,0.0,0.0
MAC001159,1487,495,177.05600000000013,40.53599999999997,0.67,1488,496,141.03299999999953,41.038000000000046
MAC001160,1487,495,2255.6830008999937,529.9460005999995,8.3400002,1488,496,524.4589993999991,304.44799979999976
MAC001161,1487,495,217.49500000000015,41.76999999999998,0.45,1440,480,170.92499999999959,45.21800000000009
MAC001162,1487,495,262.54600000000033,61.0800000000001,1.384,1487,496,204.6369999999996,46.36899999999995
MAC001163,1480,495,234.50499979999992,46.342999999999975,0.78,1488,496,192.36799999999985,43.85000000000001
MAC001164,1487,495,479.4659994999997,155.20199989999998,2.476,1488,496,293.7870000999998,66.73200000000008
MAC001167,1486,495,417.5630001000003,80.58099999999985,1.218,1488,496,221.69899990000008,30.314000000000004
MAC001168,1487,495,352.1579998000001,122.09500010000009,4.8319998,1488,496,323.9529999999996,102.26400000000002
MAC001170,1487,495,92.43200000000016,17.445000000000018,1.018,1488,496,149.36100000000135,52.12899999999984
MAC001171,1487,495,505.2559999000005,40.51000000000002,2.012,1488,496,295.2810000000002,56.64299999999999
MAC001172,1487,495,183.05399999999977,16.619999999999973,0.654,1488,496,122.7250000000006,21.45599999999997
MAC001173,1487,495,191.12100000000027,27.72699999999999,0.462,1488,496,147.99099990000042,31.20899999999997
MAC001174,1487,495,569.2339994999998,152.4000000000001,3.056,1487,496,334.2749999999998,78.81500000000001
MAC001175,1486,495,64.22600000000031,12.486000000000042,0.258,0,0,0.0,0.0
MAC001176,1487,495,102.6840000000004,27.001999999999974,0.68,1488,496,131.2900000000002,33.609999999999964
MAC001177,1487,495,173.33000000000015,26.71800000000001,0.492,1488,496,157.0889999999999,26.690000000000023
MAC001178,1487,495,190.38699999999983,40.95799999999996,0.82,1488,496,169.99999999999952,42.03500000000005
MAC001180,1487,495,325.03099990000044,12.525999999999968,0.318,1488,496,42.82900000000009,12.186000000000023
MAC001181,1486,495,135.97700010000008,4.708999999999997,0.118,1488,496,91.38999999999999,8.758999999999991
MAC001183,1487,495,496.33500009999943,66.36399999999998,2.292,1488,496,415.8050000000003,108.29100019999993
MAC001184,1487,495,322.44699999999955,50.67400000000003,0.956,1488,496,204.3570000000002,55.641000000000005
MAC001185,1487,495,244.28700019999974,25.164999999999964,0.662,1487,496,186.2019999999999,33.51099999999999
MAC001186,1487,495,127.27900000000018,25.442999999999977,0.196,1488,496,145.88199999999995,39.93100000000001
MAC001187,1487,495,359.03000000000077,83.44300000000004,1.644,1488,496,273.8100000000005,47.69100000000001
MAC001188,1487,495,235.71799989999997,25.217000000000002,0.572,1488,496,144.26400000000032,21.936999999999987
MAC001189,1487,495,91.74999979999986,23.196999999999946,1.966,1488,496,146.17999999999967,36.31500000000004
MAC001190,1487,495,354.60199999999975,91.16199999999994,1.46,1488,496,272.4719999999999,62.32299999999997
MAC001191,1487,495,229.52400000000026,40.74400000000003,1.134,1488,496,192.02100000000004,42.34400000000005
MAC001192,1487,495,791.6279998000014,182.96500010000008,7.942,1487,496,623.9340003000008,183.5749999999998
MAC001193,1486,495,274.9840000000005,54.25999999999996,0.838,1488,496,276.1299999999993,74.22300000000003
MAC001194,1487,495,225.18499999999977,23.44700000000007,0.496,1488,496,89.44400000000103,19.571999999999967
MAC001195,1487,495,563.8109999999981,113.33400000000006,3.146,1487,496,306.6760000000004,71.977
MAC001196,1392,464,578.1020001999999,195.35900009999992,7.4,0,0,0.0,0.0
MAC001197,1487,495,253.69699999999975,59.264999999999986,0.9,1488,496,156.83199999999997,44.53100000000006
MAC001198,1487,495,1710.9739986000013,293.26199989999986,3.702,1487,496,813.7630004999994,230.81699970000005
MAC001199,1487,495,116.19100000000037,14.583999999999977,0.928,1488,496,110.4130000000003,21.036999999999967
MAC001200,1486,494,120.8390000000004,26.158999999999963,0.624,1488,496,112.10900000000005,35.321
MAC001201,1487,495,144.7699999999997,19.80999999999995,1.046,0,0,0.0,0.0
MAC001203,1487,495,667.5480006999999,100.1380000000002,1.894,1488,496,365.47399979999983,70.38199999999989
MAC001204,1487,495,195.33699980000114,37.64,0.994,1488,496,113.9530000000004,22.463000000000065
MAC001205,1487,495,651.7810007999994,132.223,3.066,1487,496,147.8360003000005,35.452000100000014
MAC001207,1487,495,83.0430000000005,32.03999999999998,0.906,97,33,0.0,0.0
MAC001208,1487,495,138.54200000000063,35.68899999999995,2.306,1488,496,111.74000000000007,35.472999999999985
MAC001210,1487,495,187.8280000000003,26.891000000000016,0.762,1488,496,175.7910000000003,28.81499999999996
MAC001211,1486,495,333.57499970000015,68.69000000000004,1.572,1488,496,183.67600020000015,39.89699999999998
MAC001212,1487,495,40.66100000000008,10.723999999999972,0.11,1488,496,193.22900000000035,55.22399999999994
MAC001213,1486,495,256.17600010000024,48.60500000000001,1.97,1487,495,245.44000020000027,41.792000000000094
MAC001214,1487,495,386.09500010000005,129.54500009999998,4.2280002,1488,496,339.4680001000006,93.79599979999995
MAC001215,1486,495,609.868999900001,132.10999999999987,5.078,1488,496,1039.4979997000012,171.79099990000006
MAC001216,1487,495,219.08099999999942,56.125000000000085,0.732,1487,496,185.3910000000002,50.81199999999999
MAC001217,1487,495,335.3619996000002,50.433000000000035,1.722,1488,496,183.40900000000022,42.00400000000004
MAC001218,1487,495,24.090999999999866,7.231999999999991,0.59,1487,496,46.75700000000012,13.254999999999981
MAC001220,1486,495,454.74400009999994,96.20399999999987,2.542,1488,496,380.2850005000004,81.04799999999983
MAC001221,1487,495,568.4150003,112.95800000000006,3.792,1488,496,299.3079999000004,57.21399999999999
MAC001223,1487,495,157.4610000000002,47.096999999999944,0.564,1488,496,122.00199999999958,35.979999999999976
MAC001224,1487,495,1244.7410010999984,265.4889999999999,3.42,0,0,0.0,0.0
MAC001225,1487,495,290.0370000000003,86.30499999999991,1.366,1488,496,289.0709999999995,83.56500000000011
MAC001226,1487,495,277.0129996000002,52.70599990000005,3.704,1488,496,226.01100020000044,55.15400000000005
MAC001227,1487,495,386.3000003999992,29.686999999999983,0.568,1488,496,329.3190000000001,50.06699990000007
MAC001229,0,0,0.0,0.0,,0,0,0.0,0.0
MAC001230,1487,495,269.4479999999998,50.008000000000045,0.542,1488,496,265.6479999999996,57.02199999999994
MAC001231,1487,495,218.03699980000007,65.03099999999996,1.052,0,0,0.0,0.0
MAC001233,1487,495,267.8199999000002,35.80199999999999,0.78,1488,496,183.88399999999987,35.37799999999998
MAC001234,1487,495,160.93100000000004,29.718999999999987,0.974,1488,496,89.72000000000011,15.440999999999983
MAC001235,1487,495,694.1749998000001,116.27099999999992,1.606,1487,496,473.9649999999994,107.49500000000009
MAC001236,1487,495,229.6440003000002,41.72199999999996,0.744,1488,496,141.72700020000087,35.396999999999984
MAC001237,1487,495,86.75600000000004,26.64299999999997,0.732,1488,496,118.61100000000016,32.98000000000001
MAC001238,1486,495,233.9560001000001,63.652,1.63,1484,496,175.41900000000004,45.95100000000001
MAC001239,1487,495,300.9930000000004,75.40899999999998,1.932,1488,496,300.1140000000006,72.76899999999998
MAC001240,1487,495,813.721999999998,187.44699999999983,3.634,1488,496,445.55900009999993,144.05499999999986
MAC001241,1487,495,199.2019998,39.900999999999996,0.868,1488,496,138.13900000000044,28.76400000000002
MAC001242,1486,495,130.4790000000004,24.612000000000016,0.708,1488,496,142.2479999999993,39.485000000000035
MAC001243,1487,495,274.126,65.93200000000004,1.684,1440,480,354.5859999999997,65.96000000000006
MAC001244,1487,495,265.6920000000004,31.358999999999963,1.672,1488,496,122.7449999999999,32.204000000000015
MAC001247,1480,495,261.81000000000085,66.40099999999993,1.474,1488,496,174.03399999999945,47.96999999999999
MAC001248,1486,495,105.5820000000001,19.621999999999993,0.312,1488,496,71.06000000000002,16.89499999999996
MAC001249,1487,495,109.94800010000067,9.961999999999959,0.374,1488,496,83.42700000000026,16.204999999999977
MAC001250,1487,495,834.2439983999988,262.1119997999999,2.5639998,1488,496,211.42300000000026,51.39700000000006
MAC001251,1487,495,706.0570010000006,190.89200030000006,4.1620002,1488,496,450.05099979999994,120.78900000000012
MAC001252,1487,495,1401.2809985000004,251.5380002,4.5040002,1487,495,836.0389995000028,238.28799990000005
MAC001253,1487,495,313.12399960000016,37.51099999999996,1.052,1488,496,229.71899980000012,28.824000000000005
MAC001255,1487,495,468.47300060000003,94.18600009999984,2.562,1488,496,314.11400010000074,54.90500000000003
MAC001256,1486,495,108.39600000000006,20.62599999999996,0.264,1488,496,109.86200000000025,23.642000000000007
MAC001257,1487,495,116.95500000000013,13.647999999999994,0.344,1488,496,88.30499999999994,21.98400000000004
MAC001258,1487,495,1358.6299996000007,211.86999999999975,2.836,1488,496,637.5430000999992,120.82499990000017
MAC001259,1487,495,148.14500000000018,23.094999999999978,0.592,1486,496,113.48800000000045,20.736999999999995
MAC001260,1486,495,190.8500000000001,41.297999999999995,0.784,1488,496,155.13399999999993,41.56899999999999
MAC001261,1487,495,97.94100000000029,10.221999999999925,0.228,1488,496,82.4550000000002,10.283999999999942
MAC001262,1487,495,127.87800000000051,24.462999999999994,0.564,1488,496,161.73299999999927,33.177000000000014
MAC001263,1487,495,173.7879998000006,33.40800000000004,0.632,1488,496,131.67400000000038,24.264999999999997
MAC001265,1487,495,736.9069997000013,111.69900010000015,2.282,1488,496,233.5459999999997,58.91899999999997
MAC001266,1487,495,268.76699990000003,71.37400000000002,1.756,1488,496,125.46900000000002,29.602999999999987
MAC001267,1487,495,42.470000000000105,7.832000000000022,0.072,1487,496,48.67000000000009,13.166999999999994
MAC001268,1487,495,130.13000000000034,19.329999999999984,0.438,1488,496,76.5670000000005,10.417
MAC001269,1486,495,23.688999999999957,8.010999999999997,0.104,1488,496,244.4510000000003,43.71700000000004
MAC001271,1487,495,615.1530002999996,82.36399999999993,2.478,1488,496,375.09299979999986,70.765
MAC001272,1487,495,108.97299990000016,10.900000000000013,0.2,1488,496,97.69199970000037,18.044999999999977
MAC001273,1487,495,246.79299999999955,90.06400000000006,2.214,1487,496,143.4609999999999,35.642999999999944
MAC001275,1487,495,80.38400000000003,13.334999999999974,0.174,1488,496,48.53999999999998,12.924999999999994
MAC001276,1487,495,240.13399990000025,35.88199990000001,2.0739998,1488,496,131.90399980000007,34.81399990000003
MAC001277,1487,495,177.54700000000005,61.56400000000001,1.032,1487,495,200.9209998999999,63.65800000000002
MAC001278,0,0,0.0,0.0,,0,0,0.0,0.0
MAC001280,1487,495,134.57000000000042,17.207999999999966,0.286,1488,496,95.05000000000034,17.452999999999943
MAC001282,1487,495,126.15700000000047,53.412,1.628,1488,496,97.04100000000003,28.741999999999972
MAC001283,1487,495,669.8470009000006,118.65900000000003,1.956,1488,496,743.4780005000005,125.50399999999999
MAC001284,1487,495,480.2599999000013,103.36399989999975,2.8440002,0,0,0.0,0.0
MAC001286,1487,495,429.2650004999996,65.75100030000002,5.8260002,1488,496,356.3570007000001,45.521
MAC001287,1484,495,123.64399999999986,25.14799999999999,0.582,0,0,0.0,0.0
MAC001288,1487,495,337.7859996,72.51100000000018,2.572,1488,496,286.2590001,58.31699999999999
MAC001289,1487,495,335.2810000000003,68.71000000000004,2.326,1488,496,293.73399990000064,55.611999900000036
MAC001291,1487,495,108.39900000000003,9.910999999999984,0.43,1488,496,99.22200000000035,17.512999999999995
MAC001292,1487,495,316.72600000000006,39.58600000000001,1.592,1487,496,241.93299999999965,42.20100000000003
MAC001293,1487,495,93.71800000000029,15.797999999999993,0.64,1488,496,69.85300000000005,19.159
MAC001294,1487,495,149.1490001000007,38.065999999999974,1.746,1488,496,118.09700000000022,34.881000000000014
MAC001295,1487,495,446.85300049999967,85.76,4.158,1488,496,266.73700000000014,79.67300009999988
MAC001296,1487,495,60.950000000000166,16.117000000000026,1.156,1487,496,58.271999999999935,15.964000000000011
MAC001298,1486,495,297.14999990000035,58.569999999999965,1.942,1482,495,248.43199999999993,60.78799999999996
MAC001300,0,0,0.0,0.0,,0,0,0.0,0.0
MAC001301,1487,495,343.13799989999984,73.957,1.398,1488,496,153.65000000000035,40.903999999999996
MAC001302,1487,495,180.27900000000068,41.69299999999996,1.69,1488,496,150.13500000000025,43.452000000000005
MAC001304,1486,495,582.2950007000002,107.75800000000002,2.23,1488,496,358.9770001999996,90.23899999999998
MAC001306,1487,495,440.2940002000005,91.61700019999981,3.354,1488,496,321.23800009999985,58.16899999999999
MAC001307,1487,495,175.5100000000001,37.320000000000014,1.81,1486,495,127.27200000000032,42.56599999999994
MAC001308,1487,495,244.7370001000004,60.99499999999999,0.86,1488,496,299.81899999999945,82.32200000000006
MAC001309,1487,495,0.005,0.0,0.0,1488,496,1.2920000000000003,0.27200000000000013
MAC001310,1487,495,796.5039993999997,234.5109999000001,4.012,1488,496,402.30200010000004,121.365
MAC001311,1487,495,261.2779993000001,17.6509998,11.3179998,0,0,0.0,0.0
MAC001312,1487,495,143.72100000000006,26.721,0.64,1488,496,98.59899999999992,27.347999999999985
MAC001313,1487,495,389.26800039999927,33.11299999999995,1.07,1483,496,227.48100009999982,40.39600000000008
MAC001314,1474,487,257.1299999999992,36.77600000000003,1.104,1488,496,145.33299999999997,22.804999999999964
MAC001315,1487,495,846.4940000000012,202.4520001000001,2.614,1488,496,1448.7500000999967,429.3080011000005
MAC001316,1487,495,180.2839999999998,31.204999999999988,1.742,1488,496,141.01200000000043,31.23200000000001
MAC001317,1487,495,147.0820000000004,36.61999999999997,0.586,1488,496,118.69700000000012,29.398999999999983
MAC001320,1487,495,291.24499990000015,76.78099999999998,1.506,1488,496,357.6899997999999,113.21100000000003
MAC001321,1487,495,217.63999999999982,51.25900000000004,2.662,1488,496,166.77799990000003,31.438999999999975
MAC001323,1487,495,834.5119996999996,91.93599979999992,4.3340002,1487,496,317.0610003000002,71.13700010000001
MAC001324,1487,495,510.59500020000047,76.96600000000001,2.04,1486,496,365.6649998999995,66.74499999999998
MAC001325,1487,495,201.09799999999984,44.282000000000075,0.446,1488,496,180.74100000000007,47.34800000000004
MAC001326,1487,495,405.95799990000035,72.53999999999994,1.096,1487,496,238.65000000000038,52.288000000000025
MAC001327,1487,495,138.73200000000026,30.13199999999999,0.454,1487,496,139.55500000000023,34.74800000000002
MAC001328,1487,495,43.32200000000046,14.674999999999892,0.096,1488,496,59.145000000000216,19.673999999999968
MAC001329,1487,495,90.69600000000034,35.239000000000004,1.076,1488,496,65.355,24.778000000000006
MAC001330,1486,495,325.63500050000016,74.70100030000009,3.7880002,1488,496,204.05700019999998,57.086000099999964
MAC001331,1486,495,239.26000000000002,55.77899999999998,1.234,1488,496,201.83200000000002,38.45600000000002
MAC001332,1487,495,122.93100000000005,20.618999999999957,0.65,1488,496,86.56800000000004,15.84599999999998
MAC001333,0,0,0.0,0.0,,0,0,0.0,0.0
MAC001334,1487,495,83.61500000000011,35.50899999999999,1.52,1488,496,135.9889998000006,35.50599999999999
MAC001337,1487,495,149.6230001000002,33.079,1.33,1488,496,111.90499990000102,27.682999999999996
MAC001338,432,144,209.55300040000023,43.03400000000002,2.098,0,0,0.0,0.0
MAC001339,1487,495,65.3809999999999,7.750999999999998,0.11,1488,496,68.79599999999975,20.032
MAC001340,1487,495,193.32799949999992,56.132999899999966,2.27,1488,496,90.60099999999987,25.195999999999998
MAC001341,1487,495,449.6330004999999,78.15800000000002,4.624,1488,496,336.2720000999999,73.61899999999999
MAC001342,1487,495,46.00200000000026,13.823999999999984,0.414,1488,496,30.440999999999924,9.05799999999999
MAC001344,1487,495,66.077,11.635999999999992,0.336,1488,496,50.03700000000001,12.203999999999997
MAC001345,1487,495,113.62400000000024,27.873999999999977,0.564,1488,496,93.54900000000035,26.945999999999973
MAC001346,1487,495,131.4969999999993,38.24000000000003,0.22,1488,496,119.8889999999991,35.930000000000035
MAC001347,1487,495,341.5169999999991,23.21399999999999,2.248,385,129,17.333000000000002,3.978999999999998
MAC001348,1487,495,1397.733003100002,14.632999999999997,1.262,1488,496,425.50200000000007,0.03
MAC001349,1487,495,46.25899999999983,15.241999999999996,0.122,1488,496,38.128999999999984,12.939999999999984
MAC001350,1486,495,600.6469994000006,71.35500009999996,2.6860002,1488,496,332.76800040000035,53.505000000000074
MAC001353,1486,495,197.0029998999999,38.342999999999996,1.226,1488,496,101.08100000000069,19.011999999999986
MAC001354,1485,495,932.4820010000001,288.50900070000034,4.5679998,1488,496,332.42000019999995,59.69500000000001
MAC001355,1487,495,471.2490001,107.00700000000008,2.882,1488,496,278.2900002000001,53.21799999999996
MAC001356,1487,495,154.74300000000014,20.369999999999976,0.276,1488,496,113.7230000000003,21.19000000000003
MAC001357,1487,495,522.9350000000006,94.4800001999999,4.3060002,1486,496,235.35900020000008,51.42399999999998
MAC001358,1487,495,535.4540000999992,100.12200000000004,2.448,1488,496,356.3849998999998,86.65099990000002
MAC001359,1486,495,317.65999989999983,47.49799999999998,1.018,1488,496,279.68400000000037,51.845000000000006
MAC001361,1487,495,360.9220000000001,63.98499999999996,1.298,1488,496,200.088,36.07200000000002
MAC001362,1487,495,71.4090000000002,16.137999999999938,0.97,1488,496,93.66,29.256000000000007
MAC001363,1487,495,197.79900000000077,35.985000000000035,0.6,1488,496,157.41799999999972,41.36600000000005
MAC001365,1487,495,221.63500000000036,38.355999999999966,0.68,1488,496,133.86199999999957,25.659000000000013
MAC001367,1487,495,389.8690003000006,60.73200000000006,1.93,1488,496,202.88099999999974,46.05200000000009
MAC001368,1485,493,155.3379999,33.953999999999965,0.382,1488,496,125.97700000000009,29.101000000000056
MAC001370,1487,495,132.4509999999998,38.21999999999996,0.464,1488,496,94.04399999999863,29.991000000000096
MAC001371,1487,495,545.7219997999995,127.20199999999994,0.98,1488,496,462.6930000999993,137.7970000000002
MAC001373,1487,495,134.7760000000002,25.195999999999973,0.206,1486,496,127.03699999999964,33.502000000000024
MAC001374,1487,495,381.54899989999984,119.8029999999999,1.922,1488,496,131.51799990000035,37.79799989999997
MAC001375,1487,495,118.56499990000023,18.476000000000006,1.558,1488,496,84.9640001000003,19.26300000000001
MAC001376,1487,495,495.89599989999954,98.34900000000013,2.438,1488,496,401.99100020000026,108.68700000000003
MAC001377,1487,495,402.2850007,95.81199999999984,1.944,1488,496,317.1969998000001,79.10799989999984
MAC001378,1487,495,110.72700000000023,31.574999999999996,0.838,1488,496,66.01600000000008,20.456999999999994
MAC001379,1486,495,131.70399999999978,48.536000000000065,0.91,1488,496,82.88900000000037,33.55999999999995
MAC001380,1487,495,672.5250000999988,113.54700000000003,2.452,1488,496,588.5379998999999,159.37899999999996
MAC001381,1486,495,764.5749998,184.99299990000006,3.558,1488,496,472.93000000000063,124.39699999999999
MAC001382,1487,495,363.74100000000016,62.37099999999988,0.794,1488,496,275.24899999999957,80.98300000000006
MAC001384,1480,495,227.55800000000008,66.87200000000003,1.99,1487,496,150.92399999999958,44.3810000000001
MAC001385,1487,495,87.2660000000001,15.396999999999986,0.32,1488,496,87.6540000000003,15.855999999999973
MAC001387,1486,495,170.94799999999947,47.611999999999966,1.954,1488,496,117.55200000000002,34.02300000000001
MAC001388,1487,495,148.02499999999992,17.883999999999997,0.186,1488,496,111.02699999999996,25.594999999999988
MAC001389,1487,495,66.58400000000015,17.440999999999992,0.362,1487,496,37.34800000000003,11.443999999999994
MAC001390,1486,495,756.0380000000004,315.00599970000013,7.902,1488,496,320.7840000000003,68.2920001
MAC001391,1487,495,115.86600000000024,29.454000000000065,0.58,1488,496,59.69499999999973,17.347999999999985
MAC001392,1487,495,72.90200000000033,9.823999999999982,0.364,1487,496,60.61700000000034,17.94299999999996
MAC001393,1486,495,459.898,74.38700000000006,2.386,1488,496,522.5819997000011,102.02599999999984
MAC001394,1487,495,195.43800000000005,33.49399999999992,0.858,145,49,19.295999999999996,7.1899999999999995
MAC001395,1486,495,892.8949987999994,142.17099989999997,4.7740002,1488,496,530.6079999999997,118.70400000000011
MAC001396,1487,495,58.21100000000038,16.19899999999995,0.426,1488,496,51.78700000000023,12.195999999999952
MAC001397,1487,495,295.6809998,71.32999989999996,2.52,1488,496,249.28499989999975,65.12600000000002
MAC001398,1486,495,303.4480004000001,58.53600009999998,2.5280002,1487,495,280.67800010000013,61.808000000000035
MAC001399,1487,495,269.2710000000002,90.02299999999993,1.364,1488,496,224.33800000000073,63.08699999999999
MAC001400,1487,495,348.47200019999974,131.9490001000001,2.354,1488,496,329.65700050000015,108.26100010000008
MAC001401,1486,495,431.2239997999993,59.54600000000006,2.142,1488,496,136.03500000000028,44.607999999999926
MAC001403,1487,495,190.64099990000017,31.697999999999993,2.124,0,0,0.0,0.0
MAC001404,1487,495,825.0500008000027,323.84400060000013,3.792,0,0,0.0,0.0
MAC001406,1487,495,230.98900000000012,49.67299999999998,1.832,1488,496,244.86200000000028,61.614999999999995
MAC001408,1487,495,427.9260001000005,49.930000000000014,1.852,1488,496,286.38599999999997,45.652
MAC001409,1487,495,258.2910002000001,43.923999999999936,0.822,1487,496,205.9579999999998,45.553999999999995
MAC001411,1487,495,412.9940002000003,88.90299999999996,1.92,1488,496,267.1600000999996,71.44699999999996
MAC001412,1487,495,276.99600009999966,62.09199999999994,1.72,1488,496,183.5539999999999,66.14400000000006
MAC001415,1487,495,336.94899989999993,47.44899999999999,1.59,1488,496,157.59399999999977,39.27599999999999
MAC001416,1487,495,357.4179997000003,91.65000019999997,7.0380002,1488,496,257.8360003000002,69.15200010000004
MAC001418,1487,495,190.12900020000035,36.281999999999975,0.416,1488,496,154.8660000000004,35.36300000000001
MAC001419,1487,495,284.9479996000001,40.625000000000014,1.346,1488,496,235.68399999999986,49.22900000000006
MAC001422,1487,495,368.09999979999975,69.33099999999997,1.56,1488,496,273.07200000000034,57.27200000000005
MAC001423,1487,495,232.19400000000022,57.40600000000003,0.906,1488,496,285.6750000000003,78.3430000000001
MAC001424,1487,495,92.7480000000005,25.592000000000006,2.188,1488,496,52.89600000000028,16.81799999999998
MAC001425,1485,495,588.311000200001,91.89499999999988,2.688,1488,496,422.8369999000003,104.07999999999998
MAC001426,1487,495,106.12799990000032,31.42299999999996,0.378,1488,496,131.09500009999894,40.55900000000003
MAC001427,0,0,0.0,0.0,,0,0,0.0,0.0
MAC001428,1487,495,128.93000000000012,19.978999999999996,0.642,1488,496,126.74100000000026,28.542999999999967
MAC001430,1487,495,447.4889998999997,132.28500000000003,1.838,1487,496,173.47799989999967,36.76300000000005
MAC001432,1487,495,217.31799990000013,56.80499989999998,3.702,1488,496,242.88799999999995,61.805000000000014
MAC001433,1486,495,200.04099990000017,55.781000000000006,2.154,1488,496,210.79699999999957,47.77100000000004
MAC001434,1484,494,367.9509993000002,33.19500000000004,0.956,1488,496,227.33600019999972,37.52400000000004
MAC001436,1487,495,132.7889998000002,24.73699999999999,0.818,1488,496,119.94599999999993,21.773000000000014
MAC001438,1487,495,309.2169999999994,30.658999999999946,2.374,1483,492,166.68299979999932,21.69499999999995
MAC001439,1487,495,270.3590006000006,44.35400000000001,2.454,1488,496,226.67799990000012,54.78199990000007
MAC001441,1487,495,203.27999989999964,25.822000000000013,0.6,1488,496,176.7119999999999,28.435999999999996
MAC001442,1486,495,656.520999999999,135.74700059999998,3.364,1488,496,168.4509999999999,37.51400000000004
MAC001443,1487,495,680.6130004000007,179.68000020000017,4.1820002,1487,496,423.4989996000007,119.67599989999988
MAC001444,1487,495,210.5589999999991,16.242999999999977,0.356,1487,496,154.16899999999995,17.322999999999986
MAC001445,1487,495,644.2070011999997,69.64000010000002,2.2780002,1488,496,486.0150002000003,72.94899989999999
MAC001446,1487,495,278.88000009999996,58.618999999999964,1.132,1488,496,260.54800000000006,71.16100000000003
MAC001448,1487,495,274.9370000000006,52.87799999999996,0.512,1488,496,223.08600000000007,70.75199999999998
MAC001450,1487,495,317.29900059999966,34.541999999999994,0.41,1488,496,278.4689998000001,30.834999999999976
MAC001451,1487,495,399.77300010000005,95.45500000000007,4.106,1488,496,348.8419998000004,78.27799990000013
MAC001452,1487,495,514.6130007000003,49.82899990000001,3.852,1488,496,229.87600000000035,65.06000000000003
MAC001453,1486,494,251.44300040000027,23.44199999999998,0.486,1488,496,140.11700000000005,28.160999999999994
MAC001454,1487,495,166.79600000000008,50.263999999999946,1.522,1488,496,111.59400000000045,38.244
MAC001455,1487,495,90.18100000000025,27.84099999999999,0.316,1488,496,70.94999999999968,23.036000000000058
MAC001456,1487,495,42.87099990000005,10.746999999999995,1.258,1057,353,161.49299989999992,32.97700000000001
MAC001457,1486,495,173.71500000000012,45.59199999999992,0.812,1488,496,149.8239999999999,41.49999999999996
MAC001458,1487,495,110.55600000000061,12.310999999999977,0.304,1488,496,96.90900000000015,15.812999999999954
MAC001459,1487,495,234.8500001000003,46.28900000000001,1.488,1488,496,145.12299999999996,22.336999999999993
MAC001460,1487,495,55.57500000000001,18.237999999999985,0.46,1475,496,56.958999999999854,19.20399999999998
MAC001461,1487,495,507.45899970000033,122.42899999999989,1.77,1488,496,382.6670002000001,87.73500000000011
MAC001462,1486,495,30.577000000000023,4.857999999999993,0.164,1488,496,39.08099999999995,11.000000000000004
MAC001463,1487,495,583.2300007999988,109.90500010000017,3.1860002,1488,496,455.0620002000003,99.12399999999995
MAC001464,1487,495,491.62999990000014,110.5049998,2.832,1487,496,221.3210000000006,56.64299999999997
MAC001465,1485,493,459.6709997999996,119.64700010000003,3.134,1485,496,461.94800009999915,117.55699999999996
MAC001467,1487,495,395.87999980000023,113.63799999999999,2.368,1488,496,361.6659999999999,94.10800000000002
MAC001468,1487,495,402.32299999999964,104.78400000000003,1.424,1488,496,313.07000000000056,96.00500000000011
MAC001469,1487,495,2167.485002299999,347.61300019999993,7.17,1488,496,715.3690002000009,159.79699990000012
MAC001472,1487,495,206.19799979999956,34.57499999999997,0.474,1488,496,162.34099999999972,47.14700000000006
MAC001473,1487,495,288.47300010000066,62.92099999999995,1.242,1488,496,202.02300000000025,54.68699999999987
MAC001474,1487,495,195.53699989999984,44.08700000000008,0.704,1487,496,169.95799999999983,47.247000000000035
MAC001476,1487,495,104.18300000000058,20.21699999999999,0.434,337,113,41.03700000000003,11.537
MAC001478,0,0,0.0,0.0,,1488,496,109.13,33.486000000000004
MAC001479,1483,495,1549.0820004999991,357.62599960000034,5.638,1488,496,825.0169997999993,222.371
MAC001481,1487,495,259.3509999999994,26.486999999999977,0.188,1487,496,124.08499999999977,29.249000000000013
MAC001483,1487,495,118.46200000000023,23.960000000000015,0.254,1487,496,112.82299999999998,31.416000000000004
MAC001484,1487,495,387.12099970000014,71.34900000000006,0.792,1488,496,303.18399990000006,57.41800000000001
MAC001485,1487,495,230.97600000000014,17.506999999999984,0.262,1488,496,98.67799999999976,21.624999999999986
MAC001486,1487,495,716.8440003999993,206.1130003,5.6160002,1488,496,465.1539999000002,218.422
MAC001488,1487,495,420.35799999999915,122.97900000000003,1.326,1488,496,155.6209999999997,42.29599999999998
MAC001489,1487,495,199.87399999999994,48.49200000000002,0.8,1488,496,179.7580000000001,45.21500000000003
MAC001490,1486,494,255.17400020000062,35.38699999999999,1.374,1488,496,159.87200000000024,29.062999999999985
MAC001491,1487,495,356.7670004000004,71.35099999999998,2.326,1488,496,269.4620003000005,54.39799999999999
MAC001492,1487,495,174.51900000000006,35.71999999999999,1.718,1488,496,149.62600000000032,29.044999999999987
MAC001493,1487,495,323.7470001000003,43.06300000000001,0.61,1488,496,272.98599999999993,44.18200000000011
MAC001494,1487,495,169.14199999999997,25.25400000000001,0.404,1488,496,161.68200000000004,32.436000000000035
MAC001496,1487,495,247.74800009999976,40.79300000000002,1.816,1488,496,213.11799999999977,45.43300000000004
MAC001497,1486,495,133.972,38.016999999999946,0.728,1488,496,126.46199999999949,43.64900000000003
MAC001498,1487,495,333.90599970000056,71.24600000000007,1.912,1488,496,159.16999999999996,41.22699999999999
MAC001499,1487,495,417.59799989999976,60.99899999999997,1.67,1488,496,374.68199989999965,72.53200010000003
MAC001500,1486,495,216.35499980000031,61.74300000000005,2.142,1488,496,116.44100000000046,26.652000000000008
MAC001501,1487,495,207.5180000000002,53.944999999999965,0.948,1488,496,166.031,46.71799999999998
MAC001502,1487,495,711.6329998000015,121.65900000000006,3.03,1488,496,404.2479998000008,67.62300000000002
MAC001503,1487,495,216.27199999999974,59.399999999999984,0.58,1487,496,164.57899999999992,41.81800000000005
MAC001504,1487,495,125.34200000000035,20.571999999999992,0.512,1488,496,88.69900000000041,21.136999999999986
MAC001506,1487,495,481.1440003000013,132.66100019999988,2.652,1488,496,351.71999970000013,106.48300009999983
MAC001507,1486,495,469.49999999999994,148.5709999999998,1.58,1487,495,465.3020002000004,133.3380000000001
MAC001510,1487,495,855.1999996000008,79.6809999,4.0879998,1488,496,491.3870005000006,119.75199989999997
MAC001511,1487,495,359.6119997,90.628,2.582,1488,496,312.4649999999997,89.95200000000003
MAC001513,1486,495,358.0179999999999,109.5070000000001,1.786,1487,495,325.5399999999993,100.65200000000011
MAC001514,1486,495,1975.4989961999981,358.3559993000003,3.6099998,1488,496,919.8750002000012,275.22000039999955
MAC001515,1487,495,316.46399999999977,89.82700000000007,1.402,1488,496,278.0310000000003,84.9609999999999
MAC001516,1487,495,683.1849996000002,105.49999979999993,3.56,1486,496,228.25299999999993,66.98600000000005
MAC001517,1487,495,241.1670000000001,53.59200000000004,2.342,1488,496,122.97200000000028,19.81500000000001
MAC001518,1487,495,483.5759997000007,38.73299999999998,2.558,1488,496,189.17300020000025,27.001999999999956
MAC001519,1487,495,266.5149999999999,85.2670000000001,0.848,1488,496,262.812,88.20099999999996
MAC001520,1487,495,229.44000009999843,41.41599999999996,2.068,1488,496,106.02600010000039,22.43999999999998
MAC001521,1487,495,453.85099970000067,98.35699999999996,1.362,1488,496,385.90300009999993,91.07799999999995
MAC001522,1487,495,145.7559998999995,46.44000000000005,0.324,1488,496,1065.0729986000017,323.04599969999987
MAC001523,1487,495,505.9730000999997,82.65199999999994,1.094,1488,496,402.9440000000001,93.51600000000003
MAC001524,1487,495,864.2920004000002,148.41700000000006,2.714,1488,496,242.62800009999975,41.90099999999996
MAC001525,1487,495,190.55700000000004,40.21100000000008,0.342,1488,496,199.01300000000035,54.166999999999966
MAC001526,1487,495,54.38199980000015,10.971999999999976,0.168,1488,496,49.171999999999656,15.858999999999986
MAC001527,1487,495,187.65300000000073,30.750000000000046,0.802,1487,496,125.62100000000017,18.284000000000002
MAC001528,1487,495,510.072999999999,82.61800000000011,0.862,1488,496,385.22399989999957,84.47000000000007
MAC001530,1487,495,296.4500000000001,61.71099999999999,1.852,1487,496,263.8299999999999,59.66999999999998
MAC001531,1486,494,340.4410001999997,55.283999999999985,0.458,1486,496,288.5420000999999,76.58000000000004
MAC001532,1487,495,226.57799999999955,61.68600000000011,0.914,1488,496,239.37400000000017,67.715
MAC001533,1487,495,288.81099989999973,39.13699999999995,1.924,1488,496,176.7930001000003,33.124999999999986
MAC001534,1487,495,505.97699970000014,128.219,1.834,1487,496,404.69800009999955,88.95799999999998
MAC001535,1487,495,278.6009999999995,9.946999999999983,1.926,1487,496,87.42300000000021,17.223000000000006
MAC001537,1487,495,801.0329992000014,80.04500000000004,2.34,1488,496,241.22499999999994,63.21800000000004
MAC001539,1487,495,558.4380001000006,59.43699999999991,2.776,1488,496,177.3150000000003,36.86399999999996
MAC001540,1487,495,192.72299990000002,41.34599999999999,0.714,1488,496,184.9669999999996,51.523000000000046
MAC001541,1487,495,594.2030006999996,124.21100000000004,2.338,1488,496,326.9719997000003,75.24899999999997
MAC001543,1487,495,191.12399999999948,21.972999999999967,0.63,1488,496,132.68500000000023,22.217999999999964
MAC001544,1486,495,760.0580000000007,65.37699989999999,2.3239998,1488,496,176.3560000000006,39.317000000000085
MAC001545,1479,495,159.79299999999984,57.08900000000004,0.524,1487,495,128.14199999999968,44.507000000000005
MAC001546,1487,495,297.97100010000014,99.22100010000008,2.188,1488,496,384.8880000999997,126.57699999999991
MAC001548,1487,495,615.9959997999998,186.44600009999982,3.4360002,1488,496,538.9019996000004,140.4960000000001
MAC001549,1487,495,290.9189998999995,70.377,1.948,1488,496,333.02899999999937,91.09600000000007
MAC001550,1487,495,1306.0769989999988,492.78499919999985,5.9499998,1488,496,14.195000000000007,4.740999999999965
MAC001551,1487,495,237.78399970000038,19.67199999999995,0.346,1488,496,175.47199979999996,28.712
MAC001552,1487,495,180.1429999999994,48.66700000000002,0.39,1488,496,165.17299999999886,42.31600000000001
MAC001553,1486,495,93.38000010000002,22.509000000000004,0.316,1469,496,150.75199999999967,37.68
MAC001555,1487,495,242.90400010000062,38.99100000000005,3.304,1488,496,212.82600019999975,69.25500019999997
MAC001557,1486,495,245.93300010000007,54.815999999999995,0.654,1488,496,235.35900039999996,49.80199999999996
MAC001558,1487,495,261.7669999999992,83.37199999999993,1.082,1488,496,31.81900000000031,9.619999999999957
MAC001560,1486,495,362.7089999999999,98.73100000000004,1.208,1484,496,298.73399999999987,66.511
MAC001561,1487,495,641.8640002,85.37999999999997,1.96,1488,496,273.9000002999987,52.384000100000016
MAC001562,1487,495,1028.2430000999996,309.91700039999967,4.678,1488,496,289.1000000000014,42.422000000000054
MAC001563,1487,495,497.54599979999995,100.25299989999999,2.1559998,1488,496,418.16400060000046,87.36599999999991
MAC001565,1487,495,263.32199999999983,73.36600000000008,0.688,1488,496,193.173,60.28699999999997
MAC001567,1487,495,391.2750004000003,72.16000009999998,2.7880002,1488,496,319.76799989999995,78.33899999999998
MAC001568,1486,494,197.65099990000047,47.145999999999944,0.99,1488,496,149.26399999999975,38.59800000000002
MAC001569,1487,495,455.7719999000013,84.00999999999999,1.564,1487,496,296.24500010000065,75.24300000000001
MAC001570,1487,495,572.7150002000012,116.40900009999993,2.2420002,1487,496,365.25100010000006,85.661
MAC001571,1487,495,2567.297000499999,830.9259989000002,8.2119998,1488,496,496.26699969999976,102.28300000000003
MAC001572,1487,495,263.1580000000002,45.04699999999998,0.884,1488,496,244.44199999999978,47.70099999999998
MAC001573,1487,495,174.68799999999996,46.034,0.852,1488,496,163.50700000000012,44.90399999999998
MAC001574,1487,495,137.78200000000015,41.10500000000004,0.838,1488,496,111.14299999999851,32.98400000000011
MAC001575,1487,495,975.9359997000007,237.09999980000015,3.5739998,1488,496,325.9389999999998,85.45999999999997
MAC001577,1487,495,315.71599999999916,83.05300000000008,1.802,0,0,0.0,0.0
MAC001578,1487,495,420.3010000000008,119.74299999999991,1.812,1488,496,375.585,104.40500000000002
MAC001579,1487,495,894.9759995999993,158.70699990000008,2.29,1488,496,702.0969997000017,191.92299999999986
MAC001580,1487,495,513.8459994000002,84.7370000000001,1.918,1488,496,172.6260000000002,46.259000000000015
MAC001581,1487,495,288.19300000000004,63.035999999999966,2.09,1488,496,258.22,57.099
MAC001582,1487,495,229.90800000000013,45.3860000000001,1.668,0,0,0.0,0.0
MAC001583,1487,495,421.7030002999998,54.20899999999988,2.43,1488,496,370.6529999999999,54.513
MAC001584,1487,495,360.90300009999953,43.76099999999997,2.128,1483,491,131.75499999999997,30.145999999999997
MAC001585,1487,495,216.89999999999984,37.844,0.598,1488,496,170.4489999999996,40.194000000000045
MAC001587,1487,495,406.09100009999975,120.41999989999997,3.862,1488,496,243.20400000000052,83.97099999999988
MAC001588,1487,495,416.2199999,131.11099990000005,2.1559998,1488,496,396.6099998999994,138.5139999000001
MAC001589,1487,495,103.60500050000027,27.174999999999997,1.474,1488,496,151.97600010000008,42.74599999999999
MAC001591,1487,495,130.3169999999998,22.773999999999983,0.494,1488,496,96.32800000000015,23.650000000000002
MAC001592,1487,495,303.2849999999998,62.74599999999994,2.78,1488,496,300.15799970000063,67.05299989999992
MAC001593,1487,495,257.5079998000003,91.94799989999997,2.1559998,1488,496,319.48799999999983,116.77399999999986
MAC001594,1486,495,497.3770000999998,152.36900000000017,1.204,1488,496,497.87299999999965,152.36900000000006
MAC001595,1487,495,129.16600000000028,27.510999999999974,1.382,1488,496,74.15400000000038,19.113999999999983
MAC001598,1487,495,495.1560001999999,92.88700010000005,3.866,1488,496,490.9370001000004,104.9030000000001
MAC001599,1487,495,240.7660000000002,72.07299999999995,2.202,0,0,0.0,0.0
MAC001600,1487,495,134.4230000000002,23.156999999999986,0.328,1488,496,113.50599999999993,25.374000000000017
MAC001601,1487,495,889.2890012000001,102.90199989999998,2.912,1488,496,536.7039995000013,99.95899999999997
MAC001603,1487,495,971.9999999000005,127.57699990000003,3.0179998,1488,496,849.4399996999999,162.56299989999994
MAC001604,1487,495,521.7310001000001,115.18199999999997,1.298,1488,496,453.77100020000023,99.01299999999995
MAC001605,1487,495,268.02800010000067,46.54699999999998,1.21,1488,496,179.98999969999986,32.25799999999996
MAC001606,1487,495,253.26100000000073,49.808999999999976,1.09,1488,496,93.12599999999996,28.62399999999998
MAC001607,1487,495,217.7410001000004,55.141999999999975,1.966,1488,496,227.80900000000028,73.2309999999999
MAC001608,1486,494,801.8370014999999,138.59999989999997,2.718,1483,493,383.9040001999997,79.34399999999997
MAC001609,1487,495,254.46900000000002,64.72699999999992,0.8,1488,496,161.33500000000055,36.554999999999964
MAC001611,1487,495,510.95699920000044,68.05500000000002,1.116,1488,496,342.5309998000003,58.74800000000001
MAC001613,1487,495,783.725000500001,196.89900000000014,5.2579998,1488,496,454.5679994999989,129.84799990000016
MAC001615,1487,495,105.53300020000074,21.633000000000024,0.486,1488,496,66.97700019999998,14.149999999999958
MAC001616,1486,495,211.5200000000009,28.04999999999998,0.744,1488,496,178.8789999999993,28.852000000000007
MAC001617,1477,492,234.47099979999976,63.50099999999997,2.17,1488,496,100.73200000000125,32.72099999999997
MAC001618,1487,495,460.05599990000104,100.08599999999994,3.108,1488,496,398.90200000000067,96.04599999999999
MAC001619,1487,495,414.34000020000053,63.744999999999955,1.462,1488,496,279.1680001000002,70.08799999999992
MAC001620,1487,495,478.85899999999907,129.03799999999993,1.264,1488,496,401.01200009999997,111.32400000000005
MAC001621,1487,495,451.0519999999996,65.57700019999997,3.682,1488,496,167.38100000000037,39.17199999999998
MAC001622,1487,495,76.02000000000022,13.429999999999978,0.618,1488,496,45.790000000000084,14.204999999999972
MAC001623,1486,495,351.65599979999996,59.09499999999999,3.106,1488,496,207.89100000000042,45.3000000000001
MAC001624,1487,495,207.68300010000033,69.82199999999996,1.612,1488,496,182.60799999999972,58.69500000000002
MAC001625,1487,495,516.5989999999999,120.6449998999999,4.8899998,1488,496,452.63200009999997,130.2750000999999
MAC001627,1485,495,422.4039999999995,118.28999999999999,1.866,1488,496,366.4370000000007,124.14899999999996
MAC001628,1487,495,249.0220000999998,41.227999999999994,0.478,1488,496,173.5619999999998,46.716000000000044
MAC001629,1487,495,69.17200009999985,12.410000000000027,2.124,0,0,0.0,0.0
MAC001630,1487,495,338.9060001000004,21.145000000000003,0.332,1488,496,206.79500000000056,27.639999999999933
MAC001631,1487,495,318.87299999999965,64.10500000000003,1.596,1488,496,209.21600000000035,52.09599999999999
MAC001632,1487,495,151.411,28.575000000000028,0.564,1488,496,60.768999999999956,15.116999999999996
MAC001633,0,0,0.0,0.0,,0,0,0.0,0.0
MAC001634,1487,495,498.2529997999998,71.6169998000001,5.152,1488,496,190.5440001,21.053999999999977
MAC001635,1487,495,109.92100000000019,24.954000000000015,0.61,1488,496,127.17399990000008,30.821000000000012
MAC001637,1486,495,223.14700000000073,31.157000000000053,0.798,1487,496,117.48600000000025,31.965999999999916
MAC001638,1487,495,349.6450000999999,80.19299999999994,1.824,1488,496,118.37400000000032,48.641999999999946
MAC001639,1487,495,377.8229996000003,59.019000000000084,0.892,1488,496,239.56400000000036,53.38400000000002
MAC001640,1486,495,211.67500000000072,50.684000000000054,0.598,1487,495,151.84600000000006,40.418999999999976
MAC001641,1486,495,944.2350008999996,230.57899999999992,2.228,1488,496,1210.3980003,332.08199989999986
MAC001643,1487,495,802.3209995000008,221.14599979999983,10.7019996,1487,496,324.8180000999999,86.3500000999999
MAC001644,1487,495,205.5359998000014,44.946999999999946,2.692,1488,496,305.34599980000013,96.00700000000003
MAC001646,1487,495,304.36499999999967,87.75100000000003,1.574,1488,496,332.6440000000007,76.03399999999993
MAC001647,1487,495,130.55800000000025,25.971000000000036,0.278,1488,496,127.45699999999944,32.79400000000004
MAC001648,1487,495,97.39700000000008,24.803999999999977,1.11,1488,496,89.21300000000014,28.07999999999997
MAC001649,1487,495,1369.4530008000006,163.49899949999997,4.446,1488,496,195.3759999999998,43.11300000000004
MAC001652,1487,495,215.37899999999988,28.369999999999983,0.298,1488,496,165.644,32.073999999999984
MAC001654,1487,495,25.888999999999935,7.415999999999998,0.134,0,0,0.0,0.0
MAC001656,1487,495,627.4010001999999,124.06800000000011,2.756,1488,496,318.9089998000004,61.54200000000001
MAC001657,1487,495,85.39100000000047,27.820999999999977,1.206,1488,496,94.81500000000048,25.972999999999974
MAC001659,1487,495,262.714,41.85699999999995,1.35,1487,495,179.57499999999985,39.90200000000005
MAC001661,1487,495,808.1669997999999,169.65599999999986,2.468,1488,496,517.1310000999991,107.7729999999999
MAC001662,1487,495,152.51900000000015,38.07999999999997,0.596,1488,496,105.92900000000012,28.668000000000006
MAC001663,1487,495,157.25700000000015,35.00000000000002,0.806,1488,496,113.4540000000003,16.574000000000055
MAC001664,1487,495,749.3420003000004,130.1519999000002,4.5279998,1488,496,376.5030001,101.6589999000001
MAC001665,1487,495,936.4670000999993,261.2010001000003,3.362,1488,496,732.2100004000006,204.54600000000008
MAC001666,1487,495,480.6930003000007,122.67300019999998,4.19,1488,496,300.5960000000007,94.42600000000002
MAC001668,1487,495,419.24200009999964,106.77499999999996,1.908,1488,496,363.06400000000036,107.71900000000001
MAC001669,1487,495,679.9359999000009,114.04900000000012,2.934,1478,496,147.9789999999998,49.043
MAC001670,1487,495,174.31200019999991,26.310999999999996,0.468,1488,496,130.3280001000004,25.618
MAC001671,1487,495,221.99400000000009,40.955,0.692,0,0,0.0,0.0
MAC001672,1487,495,110.953,21.056999999999963,0.454,1488,496,261.4440000000002,42.58700000000003
MAC001673,1487,495,305.85799989999975,91.3619999,2.3599998,1488,496,270.4079999999991,75.22300000000004
MAC001674,1487,495,240.65599979999985,48.733000000000004,1.12,1488,496,132.83100000000016,22.74200000000001
MAC001675,1487,495,117.81799999999996,27.604999999999965,0.474,1488,496,95.4730000000001,21.267000000000014
MAC001676,1486,495,611.3689998000003,106.47600009999996,2.244,1488,496,589.8049999000006,152.1210000999999
MAC001677,1487,495,496.1460001000003,127.82799990000018,3.374,1487,496,213.9390000000001,56.9869999999999
MAC001678,1487,495,189.4630000999998,78.21800000000015,2.698,1488,496,171.62700020000008,54.25199999999994
MAC001679,1487,495,612.4799996000004,107.26100019999998,2.748,1488,496,140.97700000000015,41.939
MAC001681,1487,495,38.67600000000017,15.561000000000003,0.886,1488,496,56.15300000000009,21.45500000000001
MAC001683,1487,495,419.4949998999995,99.85099999999994,1.896,1488,496,354.3879998999995,114.02099990000004
MAC001684,1487,495,168.53999999999994,33.373000000000005,0.448,1488,496,140.36100000000002,31.691000000000006
MAC001685,1487,495,280.1809999000001,49.10300000000005,0.518,1487,495,249.30100000000016,53.11600000000001
MAC001687,1487,495,306.49100039999945,27.52699999999996,1.372,1488,496,175.3340000000002,31.764999999999958
MAC001689,1487,495,802.7090001999998,108.22100000000006,2.894,1488,496,499.26700029999915,103.09900010000007
MAC001690,1487,495,425.4049995999999,90.48200000000004,1.844,1488,496,290.7580001000004,69.73500000000008
MAC001691,1486,495,517.2740000999994,59.96699999999998,1.852,1488,496,391.7469997999999,68.89399999999995
MAC001692,1487,495,738.3770005999988,134.36000010000012,3.188,1488,496,363.3010000999996,79.074
MAC001695,1487,495,360.6729999999998,115.31899990000014,3.398,1488,496,99.46399999999988,30.83000000000001
MAC001696,1487,495,400.7289999,95.62999990000004,3.736,1488,496,611.3109998999998,129.31200000000004
MAC001697,1487,495,241.76400000000018,33.058,0.386,1487,496,171.44900000000018,42.76799999999998
MAC001698,1487,495,1965.3210002000012,601.9100003999998,5.4559998,1488,496,404.58100050000047,107.65099999999993
MAC001699,1486,495,720.6129992999994,201.23699999999997,2.446,1488,496,190.133000000001,58.58399999999995
MAC001701,1486,495,726.6550007000008,233.49899999999985,6.8260002,1488,496,217.02700009999984,56.24400010000006
MAC001702,1486,495,216.37599999999972,60.27599999999996,1.588,1487,496,174.5370000000001,52.694
MAC001703,1487,495,482.53500010000045,148.828,1.718,1488,496,474.8700000999999,134.76100000000002
MAC001705,1486,495,1501.3570005999989,426.76900050000006,8.1199998,1488,496,502.0389994000001,134.2870001000001
MAC001708,1487,495,347.1799998000005,52.544000000000054,1.188,1487,496,249.18000000000094,51.50999999999997
MAC001709,1487,495,375.7170002999997,142.2070002000001,2.932,1488,496,176.94500000000082,50.74499999999999
MAC001710,1487,495,1093.6219989999993,341.5839995000003,4.0619998,1488,496,378.07699999999966,105.98900000000015
MAC001711,1486,495,103.29600000000033,24.983000000000004,0.454,1488,496,66.17400000000005,14.381999999999982
MAC001713,1486,495,795.6220000999998,141.23100010000022,4.6160002,1488,496,450.561000400001,84.08200000000001
MAC001714,1487,495,123.38400000000031,17.065999999999974,0.464,1488,496,119.96400000000057,26.442000000000025
MAC001716,1487,495,238.9120000000003,35.57299999999998,1.112,1488,496,236.15500009999968,51.17900000000005
MAC001717,1487,495,367.5420001000002,71.919,1.822,1152,384,228.16000020000044,42.46700000000001
MAC001719,1487,495,365.2009999999996,88.12299999999995,1.862,1487,496,280.68999990000026,67.47699999999995
MAC001720,1487,495,389.2209997000005,79.13499999999992,4.106,1488,496,410.0760002999999,105.10100000000001
MAC001721,1487,495,393.3570001000011,69.84999999999995,1.398,1488,496,335.50299990000025,62.758000000000024
MAC001722,1487,495,79.44500000000025,25.162999999999997,0.798,1488,496,99.59599990000103,35.58699999999993
MAC001723,1479,495,326.48000000000013,99.51999999999997,2.014,1488,496,278.02000000000044,82.64299999999997
MAC001724,1486,495,750.2129995999998,166.95499990000005,2.382,1488,496,386.3040002999994,89.19899999999994
MAC001725,1487,495,672.6780004000005,252.7850002,3.624,1488,496,342.7879996999998,146.31799989999996
MAC001726,1487,495,1099.7269994000014,210.41399990000028,3.208,1344,448,591.7380002,139.63000000000014
MAC001727,1487,495,409.7369996999999,51.095,0.332,1488,496,323.7350000999997,68.24599999999994
MAC001728,1487,495,367.56499949999966,80.06100000000002,1.202,1488,496,296.61400000000066,78.80000000000003
MAC001729,1486,495,214.26000010000013,52.07800000000005,2.15,1488,496,215.2809999999999,50.15300000000003
MAC001730,1484,495,312.5350000000007,29.21999999999998,1.176,1488,496,266.77699999999993,35.46799999999997
MAC001731,1487,495,477.2469999000014,152.40099990000007,2.614,1480,494,72.91200000000002,30.739000000000072
MAC001732,1487,495,108.47900000000044,25.96599999999997,0.682,1488,496,124.13700000000001,34.707999999999984
MAC001733,1487,495,330.0670000000002,52.04799999999992,1.998,1488,496,194.66200000000006,36.77599999999995
MAC001734,1487,495,1034.6359985999998,174.63200019999974,3.1860002,1487,495,847.2520009000008,133.005
MAC001735,1487,495,1920.0119995999999,436.2009995999996,5.2779998,1488,496,2074.2879999000006,531.7130003999997
MAC001737,1487,495,53.03400000000055,13.584999999999985,0.542,1488,496,41.37300000000038,13.413999999999959
MAC001738,1487,495,128.06499999999983,27.361,1.266,1488,496,157.26099999999917,39.18400000000005
MAC001739,1487,495,3088.2310017000045,948.7230011999995,7.7459998,1488,496,997.0960000000006,281.09100060000014
MAC001740,1487,495,162.71399999999988,35.488000000000035,0.776,1483,495,143.0559998000002,32.089999999999954
MAC001742,1487,495,295.5669999000002,50.09400000000001,1.362,1488,496,252.69900000000035,63.2459999999999
MAC001744,1487,495,683.1899995999984,94.78299970000023,2.534,1487,496,208.42600040000025,41.78299999999999
MAC001745,1487,495,557.0769999000005,102.21100000000007,1.918,1488,496,385.93499989999964,110.19500000000004
MAC001746,1487,495,596.092000000001,101.11600009999994,2.572,1488,496,438.26200010000093,78.46599999999984
MAC001747,1487,495,356.0099999999993,51.90000000000004,1.582,1488,496,483.87499980000047,98.30600010000003
MAC001748,1487,495,221.2589999999999,66.79100000000003,1.73,0,0,0.0,0.0
MAC001749,1487,495,459.8499994999999,88.85200000000015,1.498,1488,496,436.0119998999998,108.60399999999987
MAC001751,1487,495,285.7260000000011,58.94699999999991,1.046,1488,496,137.7910000000007,30.02800000000002
MAC001752,1487,495,355.94199999999984,99.79299999999994,1.572,1488,496,365.07899999999955,114.28500000000005
MAC001753,1487,495,391.9159996999997,52.15000000000003,2.902,1488,496,350.29500000000013,59.52900000000001
MAC001754,1472,495,249.99600060000023,67.46000020000004,4.178,1488,496,122.51700010000012,28.60800000000002
MAC001757,1487,495,214.22300000000004,62.81399999999998,0.848,1488,496,227.7599999999999,60.283000000000015
MAC001758,1487,495,896.0809991000003,201.74700010000004,5.23,1488,496,410.2649998000003,88.72700009999984
MAC001759,1487,495,226.34900000000022,63.869,0.8,1488,496,78.68199999999995,26.29000000000002
MAC001760,1487,495,622.7089999999997,117.11399999999988,2.21,1488,496,225.7640000000001,53.308999999999926
MAC001761,1487,495,288.7519999000002,63.225999999999985,2.496,1488,496,230.06600019999988,42.418
MAC001762,1487,495,297.14000019999963,38.74400000000001,2.938,1487,496,228.34399999999988,30.069000000000027
MAC001763,1487,495,105.27300009999988,31.209000000000067,1.09,529,177,48.259999999999984,12.897999999999989
MAC001764,1487,495,600.9270001999987,177.40399980000018,2.696,1488,496,347.89299999999986,83.02999999999993
MAC001765,1487,495,577.0199999999992,188.31700009999997,3.6760002,1486,496,373.6130002999994,107.38500010000003
MAC001766,1487,495,1546.7559988000005,379.27600029999996,3.342,1488,496,612.4700000000006,175.66400000000002
MAC001768,1487,495,565.9480001999992,49.00400000000002,2.55,1488,496,423.2320001000002,76.88299999999997
MAC001769,1487,495,550.0979998999994,247.56400010000007,2.77,1488,496,239.38299989999996,59.322
MAC001771,1487,495,554.3229998,102.73399999999994,5.316,1488,496,495.69899989999885,113.34200000000006
MAC001774,1008,336,79.64400000000016,16.198000000000008,0.638,1104,368,82.69399999999992,20.955000000000013
MAC001775,1486,494,295.8070000000005,48.474999999999916,0.882,1488,496,543.7329996999996,84.63800000000008
MAC001776,1487,495,129.60500000000008,41.268,1.336,1479,496,102.16300000000044,30.07299999999999
MAC001779,1487,495,272.03699990000047,60.97699989999998,2.8599998,1488,496,146.0490000000001,32.012999999999984
MAC001780,1487,495,1430.6319983999983,372.27599950000024,3.464,1488,496,189.60800000000071,34.68299999999998
MAC001781,1486,495,454.7960000999997,89.41899999999991,2.376,1488,496,288.5290000000003,79.78299999999996
MAC001782,1487,495,212.94899980000065,42.18299999999998,0.806,1488,496,285.7359999999999,54.94699999999998
MAC001783,1487,495,647.1409999000002,134.99000000000004,2.274,1488,496,482.8459997000004,104.68299999999992
MAC001784,1486,494,587.9579998999993,195.69099989999975,3.206,1488,496,185.1800000000002,52.74699999999997
MAC001785,1487,495,305.5979998000005,35.74700000000002,1.368,1488,496,208.11500000000018,45.54100000000003
MAC001786,1487,495,347.70400000000063,52.82300000000014,0.772,1488,496,287.21099999999956,64.21500000000009
MAC001787,1486,495,136.06100000000026,33.13799999999999,0.982,1487,495,82.03900000000017,28.606999999999964
MAC001788,1487,495,173.00100000000023,35.395999999999994,2.044,1488,496,107.85500000000074,24.771
MAC001789,1487,495,445.4630000999992,75.90799999999994,1.212,1488,496,292.4289998999998,48.69900000000006
MAC001790,1487,495,976.275000400001,304.46300070000007,4.124,1488,496,933.703998800001,230.9999997000001
MAC001791,1485,494,439.22099979999933,88.04999999999981,1.93,145,49,22.14500000000001,4.253000000000001
MAC001792,1487,495,375.7479999000003,39.807999999999936,1.962,1488,496,241.81000009999994,26.202000000000005
MAC001793,1487,495,594.2789997999998,146.31399999999996,2.92,1488,496,367.4920000000001,93.45
MAC001794,1487,495,696.3189995999996,131.19300000000015,3.444,1488,496,600.7390001000001,139.81499990000003
MAC001795,1486,495,173.26500000000024,34.34399999999998,0.494,1488,496,138.98999990000002,25.04500000000001
MAC001796,1486,494,221.89099999999988,59.67000000000007,0.916,1487,496,239.2999999999996,78.02000000000005
MAC001797,1487,495,286.20200019999976,52.33200000000003,0.81,1488,496,182.14599999999956,47.36500000000004
MAC001798,1487,495,165.46699999999993,33.954999999999984,2.57,1488,496,141.4770000000002,27.049000000000014
MAC001799,1487,495,145.13700000000006,28.39099999999997,1.018,1484,496,120.00899999999999,27.301999999999992
MAC001800,1487,495,442.63400020000034,89.33399999999993,2.372,1487,495,256.49300000000005,47.90200000000004
MAC001801,1487,495,81.16200000000123,17.17499999999999,0.554,1488,496,81.78300000000046,19.777000000000083
MAC001802,1487,495,448.07900060000003,78.44999999999999,2.292,1488,496,365.7760000000003,85.21300000000002
MAC001803,1487,495,25.098999999999975,7.762,0.124,1487,496,48.66399999999995,14.281
MAC001804,1487,495,119.26200010000018,22.53500000000005,1.794,1487,496,109.77200000000076,33.44699999999994
MAC001805,1487,495,659.0680001000004,257.06500020000004,4.5960002,1488,496,280.50399989999994,108.64899990000006
MAC001807,1487,495,154.28399999999976,19.898999999999972,1.184,1488,496,152.31499999999969,31.049999999999986
MAC001808,1487,495,141.7019999000001,28.761999999999972,0.738,1487,496,132.58000020000082,38.89200000000002
MAC001809,1487,495,1090.5659996999973,250.87900009999973,5.58,1488,496,281.70999949999947,28.787999999999965
MAC001810,1487,495,261.0490001000005,64.71600000000008,1.314,1487,496,189.36700000000013,50.863000000000085
MAC001811,1487,495,704.9910005000008,167.7889999999998,2.512,1488,496,184.24500000000018,60.53899999999998
MAC001812,1486,495,303.4879999999998,41.93200000000001,1.562,1488,496,130.98400000000007,21.76699999999996
MAC001813,1487,495,573.714999800001,115.46999989999979,2.902,1488,496,361.6100001000008,60.45799999999997
MAC001815,1487,495,177.52400019999976,14.877000100000002,2.0380002,1488,496,118.6360000000004,12.909999999999986
MAC001816,1487,495,168.60200000000026,27.158999999999974,0.564,1488,496,156.62900000000002,36.07899999999996
MAC001817,1487,495,166.6900000000002,31.58599999999998,0.636,1488,496,111.8050000000004,22.666999999999987
MAC001818,1487,495,489.03100010000037,64.49300000000004,2.162,1488,496,399.03399969999975,62.65100020000011
MAC001819,1487,495,388.17000019999966,55.603,2.92,1488,496,236.0660000000002,51.093999999999966
MAC001820,1056,352,739.0609985000007,176.44799969999985,5.592,0,0,0.0,0.0
MAC001821,1487,495,788.0569994999998,111.10100000000008,2.582,1488,496,440.8059999999998,118.57399999999981
MAC001822,1487,495,878.3490004999999,145.06899999999985,3.398,1488,496,682.8529999000011,133.328
MAC001824,1487,495,316.22399979999994,99.51300000000005,2.792,1488,496,367.8059997000003,103.3949999999999
MAC001827,1487,495,212.93400000000017,22.599999999999962,0.4,1487,496,243.03099989999953,62.465000000000025
MAC001828,1486,495,638.1050004999987,126.50700010000016,3.5940002,1488,496,206.30799999999945,48.54400000000007
MAC001829,1487,495,244.16500010000027,65.73299999999995,2.308,1488,496,337.4929999999992,71.78600000000003
MAC001831,1484,494,767.9209998999993,249.73199999999994,4.718,1488,496,539.7600004000004,113.42899999999992
MAC001832,1487,495,1537.4719988000013,302.8709999999997,9.328,145,49,34.7580001,8.809000100000004
MAC001834,1487,495,361.1170000000007,49.03400000000001,1.088,1488,496,266.65799990000016,45.69600000000003
MAC001836,1487,495,1096.5829999000036,250.55700019999978,5.1279998,1488,496,1041.3899991999995,270.31300000000005
MAC001837,1487,495,354.88199989999987,70.31500000000001,2.5,1488,496,181.86899999999952,34.027
MAC001838,1487,495,485.7739996999994,41.23399999999999,1.966,1488,496,117.98699980000042,9.96399999999997
MAC001839,1487,495,325.5919998999999,53.587999999999994,1.136,1488,496,258.5730000000004,71.88699999999999
MAC001841,1439,479,161.50999990000054,33.96599999999999,0.652,1392,464,110.85200009999996,30.335000000000015
MAC001842,1486,495,293.8889999999998,87.64699999999999,0.808,1488,496,276.1700000000001,83.93200000000002
MAC001843,1487,495,692.1430000000003,153.3610000000001,3.388,1344,448,468.47199959999966,151.56699960000006
MAC001844,1487,495,161.96799999999996,42.18599999999996,1.622,1488,496,148.1020000000003,33.28900000000001
MAC001845,1487,495,184.3819999,34.52199999999994,0.6,1488,496,192.86200000000022,36.161000000000016
MAC001846,1487,495,1688.7330015999983,480.4840013,7.3979998,1488,496,496.62999970000055,80.79800009999995
MAC001848,1487,495,263.0280001000001,105.29400009999986,2.4260002,1487,496,152.84299989999957,42.30400000000005
MAC001850,1487,495,339.455,84.70500000000001,1.206,1488,496,256.65200000000004,64.18800000000002
MAC001852,1487,495,123.92500000000047,24.082999999999966,1.188,1488,496,88.60700000000006,28.197999999999997
MAC001854,1487,495,199.43599980000027,31.137999999999977,0.418,1487,496,159.12299979999912,34.53300000000001
MAC001859,1487,495,857.9659994000011,79.93200000000003,2.458,1488,496,257.3699998000005,56.781
MAC001860,1487,495,565.8710002000004,128.47600000000003,3.366,1487,496,263.673,82.374
MAC001862,1487,495,1163.196000399999,291.5600003000002,3.924,1488,496,1372.7459991000032,397.90699979999937
MAC001863,1487,495,30.481000000000012,9.743999999999994,0.13,1488,496,104.05600000000008,26.280000000000012
MAC001864,1487,495,649.6220000000014,152.433,3.664,1487,496,561.4540003999995,108.65600010000006
MAC001866,1487,495,527.5350000000003,86.4120000000001,1.646,1487,496,194.03099999999978,62.12800000000001
MAC001867,1487,495,383.24499949999995,63.52500000000003,2.086,1488,496,278.3789999999993,72.03499999999995
MAC001868,1487,495,309.44100000000003,63.219000000000015,1.368,1488,496,208.69000000000014,57.717999999999954
MAC001869,1487,495,354.23099970000044,57.41199999999993,2.336,1488,496,267.1100000000002,45.64699999999995
MAC001870,1487,495,172.15099999999953,32.89300000000002,1.93,0,0,0.0,0.0
MAC001871,1487,495,206.72199999999995,45.52299999999996,0.652,1488,496,161.68699999999984,44.58800000000008
MAC001872,1487,495,89.57300000000043,17.436999999999983,0.438,1488,496,81.59000000000003,19.113000000000007
MAC001874,1487,495,685.3000000999989,194.62700000000007,1.426,1488,496,661.9169999999998,208.62999999999985
MAC001875,1487,495,282.3919997999995,31.995999999999988,0.624,1488,496,187.10999999999984,25.707000000000004
MAC001876,1487,495,282.2459998999998,43.74400000000002,1.29,1488,496,247.50900000000027,48.21800000000002
MAC001877,1486,494,282.55500000000075,70.009,1.516,1487,496,240.56099999999967,61.83699999999997
MAC001878,1487,495,576.5659998000004,143.7380001000001,2.602,1488,496,774.4399998999997,222.15599989999978
MAC001879,1487,495,258.50800040000036,57.6310001,2.5280002,1488,496,165.76200000000017,35.84499999999996
MAC001881,1487,495,287.40400009999985,77.236,1.914,1487,496,254.96600019999988,67.41499999999986
MAC001882,1487,495,403.80699999999973,109.78400000000006,1.406,1488,496,295.3909999999998,83.37200000000004
MAC001883,1487,495,207.71199999999968,33.52600000000002,0.382,1487,496,207.07200000000012,41.25
MAC001884,1487,495,136.74200000000033,30.518000000000036,0.684,1488,496,155.65299999999957,43.97500000000001
MAC001885,1487,495,517.2520004000005,63.29199999999993,9.79,1487,496,495.40799890000005,88.88000009999999
MAC001886,1486,495,205.49199999999996,33.40200000000002,0.912,1488,496,137.38600000000002,31.513
MAC001887,432,144,94.45500010000002,18.308000000000003,0.836,0,0,0.0,0.0
MAC001888,1487,495,175.47000000000043,27.590000000000014,0.406,1488,496,133.8599999999997,34.37900000000002
MAC001889,1487,495,112.67900000000023,41.98600000000001,0.522,337,113,21.859000000000012,6.8500000000000005
MAC001890,1487,495,166.82100000000023,30.867000000000004,0.39,1488,496,122.54200000000024,24.60900000000001
MAC001891,1487,495,414.46800000000076,90.45900000000003,3.5280002,1487,496,288.68000010000014,72.31900010000004
MAC001892,1487,495,74.03199999999995,19.502000000000013,0.224,1487,496,102.25299999999973,32.017000000000024
MAC001893,1487,495,954.4420017000001,161.30000000000007,2.41,1488,496,336.64500019999974,48.415000000000035
MAC001894,1487,495,329.0100005,59.48000000000007,3.006,1488,496,183.6509997000001,43.51599979999999
MAC001895,1487,495,1019.153000599999,201.7720001000001,9.7320004,1488,496,585.1229993999995,108.98199970000005
MAC001896,1487,495,364.5160002999998,92.18500000000014,2.248,1488,496,342.442,105.5190000000001
MAC001897,1476,495,268.2039997999996,21.927,0.4,1488,496,228.43400009999962,35.02000000000006
MAC001898,1487,495,81.94999999999999,26.505000000000017,0.238,1488,496,19.98599999999987,6.495999999999978
MAC001899,1487,495,525.4510001000001,162.66300000000007,1.68,1487,496,656.0980000000001,192.16500000000008
MAC001900,1487,495,276.8640001000001,46.57699999999999,3.6,1488,496,144.2949999999999,34.254000000000026
MAC001901,1487,495,513.6849999000005,135.7749999,2.8139998,0,0,0.0,0.0
MAC001902,1487,495,1622.211995500003,443.4719986,6.236,1488,496,257.77100019999807,89.05400019999999
MAC001903,1487,495,230.25999999999974,53.424000000000014,0.568,1488,496,236.3549999999996,61.41200000000004
MAC001905,1487,495,202.25600020000164,42.011999999999944,0.894,1487,496,156.78999980000006,35.681000000000026
MAC001906,1487,495,349.3280002999998,69.69600000000008,2.526,1488,496,282.30900010000005,75.55600000000008
MAC001907,1487,495,143.59100000000066,38.699,1.706,1488,496,154.69699999999986,39.87899999999999
MAC001908,1487,495,303.7309997999999,41.602000000000054,0.944,0,0,0.0,0.0
MAC001909,1487,495,544.9320001000003,102.32200000000002,1.664,1488,496,348.0289999999999,95.51699999999998
MAC001911,1487,495,300.168,62.703000000000024,1.274,1440,480,322.2619999999999,84.23799999999994
MAC001913,1487,495,603.2330004000003,139.36499990000004,3.414,1488,496,408.7639997999996,104.89800000000008
MAC001914,1487,495,408.98899960000017,75.45300000000006,1.75,1488,496,325.7049997999996,74.21000000000001
MAC001915,1487,495,134.589,21.026999999999976,0.506,1488,496,94.2560000000002,23.92199999999995
MAC001916,1487,495,168.81999989999977,30.312000000000044,1.722,1487,496,108.00000000000071,29.589999999999954
MAC001917,1487,495,363.48199969999934,98.65299999999995,1.686,1488,496,362.65100010000003,91.627
MAC001918,1487,495,271.91399980000017,55.01900000000007,0.982,1488,496,272.7229999,71.28999990000005
MAC001919,1487,495,267.7909998999999,53.95200000000002,1.614,1488,496,138.6439999000005,46.23799989999995
MAC001920,1487,495,852.1310002000006,287.4439999,3.578,1488,496,239.28799999999973,34.78000000000002
MAC001921,1487,495,100.24000000000004,11.395999999999999,3.34,0,0,0.0,0.0
MAC001922,1487,495,232.0860000000004,54.91599999999996,3.522,1488,496,184.2760000000002,48.68000000000002
MAC001923,1487,495,426.7729999000002,79.85100000000001,2.322,1488,496,266.57599989999966,71.21400000000001
MAC001924,1487,495,134.99299999999934,29.441000000000027,0.784,1488,496,82.17999990000013,15.82499999999994
MAC001926,1487,495,463.4370002999996,150.21000009999997,2.872,1488,496,415.7560001000003,125.29399990000005
MAC001927,1487,495,367.54600000000073,75.00099999999995,2.136,1488,496,272.8260000000003,46.02200000000002
MAC001929,1487,495,503.17699890000034,157.6639997,2.7219998,1488,496,147.43099999999993,38.55800000000002
MAC001930,1486,494,240.3320000000002,45.717000000000006,0.538,1488,496,134.1720000999997,37.63800000000003
MAC001931,1487,495,211.11399990000027,37.91199999999997,2.494,1488,496,166.3029998999996,44.39200000000005
MAC001932,1487,495,348.23599979999966,101.82200000000019,1.75,1488,496,243.46599999999953,67.40500000000002
MAC001933,1486,495,130.6900000000008,29.91299999999999,1.702,1488,496,112.15000000000042,29.72099999999999
MAC001934,1487,495,467.61899990000006,140.84300010000007,2.606,1488,496,212.13600020000027,39.123000000000026
MAC001935,1487,495,340.1339993000004,65.27199989999997,3.5739998,1488,496,260.76999989999996,54.486999999999995
MAC001936,1487,495,661.5160002999995,95.71200010000004,3.548,1488,496,309.8990000000003,53.143000000000015
MAC001937,1487,495,423.41600029999984,71.74399990000006,2.216,1487,496,362.78299989999994,72.13199999999999
MAC001938,1487,495,325.57599999999957,65.28599999999996,1.744,1488,496,130.49400000000043,19.353999999999942
MAC001939,1487,495,1204.671001499999,138.7420000000001,4.698,1488,496,458.2449994999994,144.57800000000012
MAC001940,1487,495,368.43999980000063,71.77599999999994,2.092,1488,496,225.11999999999995,60.292000000000044
MAC001941,1487,495,313.9209993999999,52.836999999999904,2.852,1488,496,329.72099989999964,59.554999999999986
MAC001943,1487,495,300.40499999999975,27.99100000000001,0.668,1488,496,182.02400000000003,28.123000000000033
MAC001944,1487,495,138.70600000000053,43.15899999999997,0.686,1488,496,137.10700000000026,40.90899999999996
MAC001945,1487,495,145.43099999999964,11.963999999999999,0.498,1488,496,97.60100000000025,15.905000000000015
MAC001946,1487,495,84.79900000000013,24.95299999999999,0.358,1488,496,148.34099999999978,27.599
MAC001947,1487,495,359.4559999000004,107.02599999999984,1.9,1488,496,270.48800000000193,103.83599999999997
MAC001948,1487,495,637.6379999999991,36.558000000000014,1.142,1104,368,110.89400000000002,12.602999999999996
MAC001949,1487,495,181.83500000000006,62.966999999999885,0.874,1488,496,219.13600000000048,82.07600000000002
MAC001950,1487,495,408.6150000000007,59.09300000000001,2.23,1488,496,294.7980000000001,56.33100000000012
MAC001953,1487,495,62.53700000000001,22.392000000000007,1.24,1488,496,67.72300000000003,18.287999999999993
MAC001954,1487,495,344.12099999999947,74.63800000000012,0.782,1488,496,180.93499999999992,48.52900000000005
MAC001955,1487,495,410.6810005000005,44.07100000000003,1.582,1487,496,309.34100020000017,51.13099999999999
MAC001956,1487,495,957.939998899999,308.18799869999975,3.9719998,1487,496,626.3040002000005,152.23500020000006
MAC001957,0,0,0.0,0.0,,0,0,0.0,0.0
MAC001958,1487,495,191.08599999999961,36.43700000000002,1.77,1488,496,194.821,50.672999999999995
MAC001959,1487,495,185.7030000999996,33.37000000000006,0.678,1488,496,239.45999969999957,56.820999899999975
MAC001960,1487,495,178.88900000000015,47.42799999999993,1.484,1488,496,164.584,46.105
MAC001961,1487,495,237.216,43.700999999999965,0.694,1488,496,173.7060000000003,46.19400000000004
MAC001962,1487,495,226.25200000000032,76.78900000000006,0.716,1488,496,51.381999999999096,16.24699999999994
MAC001963,1487,495,289.89400010000026,47.4039998999999,2.662,1488,496,162.34800000000027,32.82600000000002
MAC001964,1486,495,253.09299999999968,58.80500000000001,0.678,1488,496,175.30599999999993,61.073
MAC001965,1487,495,211.80899960000005,30.854000000000006,1.074,1488,496,115.28899990000086,32.89199999999997
MAC001966,1487,495,616.0780008000004,187.10199999999992,3.354,1488,496,428.81100029999965,120.54000000000009
MAC001967,1487,495,334.4700000000006,121.71800000000007,1.004,1488,496,109.13399999999996,26.07699999999995
MAC001968,1486,495,501.6499996,95.47900000000006,2.368,1488,496,420.31099989999984,89.76600010000011
MAC001970,1487,495,513.0019997000003,131.84999999999988,3.2679998,1488,496,239.53799999999995,55.305000000000014
MAC001971,1487,495,194.76200000000026,41.58600000000001,0.878,1488,496,167.85199999999983,50.96299999999999
MAC001972,1487,495,142.39999990000004,36.311999899999996,3.2579998,1488,496,77.18900000000035,17.493999999999996
MAC001973,1484,492,462.8330002000002,132.53299990000002,3.192,1488,496,382.27899999999977,110.0309999999999
MAC001974,1487,495,256.5700000000001,47.92500000000004,0.354,1487,495,227.3429999999999,51.69600000000003
MAC001975,1487,495,288.78400010000064,62.96300000000008,0.908,1488,496,169.14999999999984,34.04500000000002
MAC001977,1487,495,212.33600000000013,20.207999999999995,0.506,1488,496,131.4670000000005,18.767999999999976
MAC001978,1485,494,2069.813001599996,774.7370013999999,8.2860002,1488,496,450.97000030000027,95.01900000000008
MAC001979,1487,495,350.79500019999966,44.433000000000064,1.036,1487,496,220.26599999999937,46.83300000000011
MAC001980,1487,495,183.50200000000007,37.891000000000005,0.798,1488,496,151.8920000000001,44.652
MAC001981,1487,495,523.3370001999999,43.951000000000015,1.632,1487,496,385.1259997999999,72.18199999999997
MAC001982,1487,495,965.5839992000014,177.83199959999993,4.2979998,1488,496,217.31799999999978,45.05899999999999
MAC001983,1487,495,448.8139994000004,40.05100000000002,0.638,1488,496,289.4549998000002,48.920000000000066
MAC001985,1487,495,263.80999999999926,19.699000000000012,0.622,1488,496,123.48600000000036,21.888000000000005
MAC001986,1487,495,589.7980007000002,97.31300020000003,3.418,1488,496,520.9000004000004,100.75700019999994
MAC001987,1486,495,211.55399970000002,47.77100000000011,0.654,1057,353,162.27700010000004,39.62299999999997
MAC001988,1486,495,323.1220004,40.99299999999997,1.608,1488,496,218.70600020000006,40.442000099999994
MAC001989,1487,495,1052.916999100001,166.19500000000005,3.614,1488,496,173.18999999999983,52.200000000000024
MAC001990,1487,495,184.85499999999968,45.618000000000016,0.322,1488,496,112.73099999999968,27.48900000000002
MAC001991,1487,495,738.8040000999991,119.41500009999994,3.908,1488,496,423.93099979999977,104.0710001000001
MAC001992,1487,495,225.4780000999997,60.879000000000005,1.538,1488,496,168.01399999999958,48.18200000000001
MAC001994,1487,495,366.1409997999995,90.96500000000006,2.132,1488,496,188.72899979999963,46.600999999999964
MAC001995,1487,495,742.2090003999999,64.728,2.244,1488,496,197.45700000000033,21.249999999999993
MAC001996,1487,495,268.3359999999998,41.203999999999986,1.612,1488,496,206.82400000000027,54.86600000000004
MAC001997,1487,495,185.0300001999983,16.81400000000003,0.712,1488,496,74.28699999999984,10.40200000000009
MAC001999,1487,495,207.83299989999958,43.05399999999997,1.096,1488,496,146.6459999999992,44.84300000000001
MAC002000,1487,495,148.34800000000004,28.782999999999934,1.09,1488,496,112.8579999999998,32.86900000000001
MAC002001,1487,495,296.69899999999984,91.263,1.85,1488,496,282.1380000000002,97.13100000000001
MAC002002,1487,495,1877.087000100002,313.90799990000016,4.1139998,1488,496,443.75899989999965,91.90200000000002
MAC002003,1487,495,174.0079999999999,31.43900000000001,0.856,1488,496,157.44400009999995,27.10499999999998
MAC002004,1487,495,907.0300001999993,218.49500000000015,3.5280002,1488,496,72.90100000000005,24.78499999999998
MAC002007,1487,495,817.5750003999962,97.38599970000014,3.904,1488,496,110.60200000000036,21.685000000000038
MAC002008,1487,495,150.15700000000004,25.100999999999964,0.382,1488,496,96.33699990000049,21.465999999999976
MAC002009,1487,495,271.24899980000043,40.06499999999998,1.656,1488,496,169.09200000000018,29.704999999999995
MAC002010,1487,495,199.4619999999999,28.30700000000001,0.264,1488,496,182.26999999999987,40.10799999999999
MAC002012,1487,495,634.5740000999989,119.2019998999999,5.4559998,1488,496,634.244998899999,133.728
MAC002014,0,0,0.0,0.0,,0,0,0.0,0.0
MAC002015,1486,495,306.1320000999995,59.62999999999994,1.032,1488,496,192.6350000000004,39.244000000000014
MAC002016,1487,495,242.23300000000003,34.67699999999997,1.706,1488,496,147.93200000000078,33.74099999999994
MAC002018,1296,432,160.09499989999983,41.25099999999998,3.138,0,0,0.0,0.0
MAC002019,1487,495,304.89499960000006,71.64999999999999,2.444,1488,496,121.99899999999991,39.55699999999998
MAC002020,1487,495,355.9970002999996,60.751000000000055,1.26,1488,496,234.40500010000054,38.48599999999998
MAC002021,1487,495,120.87800000000115,27.873999999999885,1.194,1488,496,95.85300000000026,23.097999999999985
MAC002023,1487,495,465.4019999000008,43.28200000000001,1.458,1439,480,315.27299990000034,36.22399999999997
MAC002024,720,240,230.35799979999987,43.40100000000001,1.96,0,0,0.0,0.0
MAC002025,1487,495,364.4900004000001,65.56,1.416,1488,496,269.16300000000035,58.294000000000004
MAC002026,1487,495,238.92900009999946,71.50900000000006,1.976,1488,496,196.64599999999976,54.199
MAC002027,1487,495,388.24300020000004,75.83400009999997,2.5280002,1488,496,349.07100019999996,58.825999999999965
MAC002028,1487,495,323.20899990000004,31.74299999999998,0.856,1487,496,280.4199998999995,42.32300000000009
MAC002031,1487,495,307.2110002999999,36.73400000000003,0.454,1488,496,124.47200000000066,22.40600000000001
MAC002032,1487,495,549.6739998000004,73.84099989999987,2.0739998,1488,496,364.62000029999996,58.78600000000005
MAC002033,1487,495,129.41000010000033,37.609,0.462,1488,496,138.6539999999999,39.26499999999999
MAC002034,1487,495,886.8209998000003,300.19100050000026,5.3920002,1480,496,349.84300029999997,102.95799999999998
MAC002035,1487,495,671.0059995999991,185.38099980000004,6.816,1488,496,627.6889992000009,158.4219998999999
MAC002036,1486,495,126.58800000000038,28.99900000000007,2.06,1488,496,65.74600000000036,20.80299999999997
MAC002037,1487,495,447.2979998,54.12700000000004,1.586,1488,496,487.07100029999987,101.88399999999999
MAC002038,1487,495,308.0369997999999,47.18299999999992,0.946,1488,496,213.61099999999996,42.83999999999999
MAC002041,1487,495,261.4379999000003,52.896999999999935,0.856,1488,496,208.9099999999985,49.10600000000014
MAC002042,1487,495,775.3010000999996,37.797000000000004,2.0,1488,496,316.7129999999997,37.306999999999974
MAC002043,1487,495,122.24700010000028,24.320999999999973,0.44,1488,496,97.84900000000002,16.543999999999986
MAC002044,1487,495,343.5810000000002,55.68900000000001,1.924,1488,496,163.9379999999991,40.117000000000075
MAC002045,1486,495,151.73199989999978,25.52799999999999,0.208,1488,496,157.37099979999974,35.07700000000002
MAC002047,1487,495,221.32399999999984,55.797,0.762,1488,496,195.00499999999974,62.55899999999999
MAC002048,1486,494,428.7459999999997,71.06200000000005,1.668,1488,496,357.20399979999917,82.85100000000007
MAC002049,1486,495,447.8310001999996,58.08900000000005,1.972,1488,496,285.7450000000001,76.40399999999988
MAC002050,1487,495,1.9509999999999998,0.0,0.0,1488,496,0.6440000000000001,0.0
MAC002051,1486,494,955.0170008000014,261.3860004,4.4720002,1487,496,526.5849999,148.34799990000002
MAC002053,1487,495,71.54700000000001,14.639000000000028,0.2,1488,496,76.46000000000028,18.695999999999966
MAC002054,1486,495,213.25399999999993,33.79299999999996,1.124,1488,496,113.17400000000019,25.237
MAC002055,1487,495,160.25000000000034,33.15800000000003,1.528,1488,496,126.07999999999998,35.044999999999995
MAC002056,1487,495,121.00700000000003,35.06700000000001,0.534,1439,479,117.47900000000016,29.66500000000001
MAC002057,1486,495,260.54500000000024,67.43400000000004,1.046,1488,496,199.52000000000007,55.677
MAC002058,1487,495,82.63700000000014,22.13400000000002,1.176,1487,496,78.35400000000091,21.873999999999985
MAC002059,1486,494,483.906999699999,142.04400000000012,3.544,1488,496,305.1590000999996,76.43800000000007
MAC002062,1487,495,524.1429994000011,77.24699969999993,4.3899998,1482,493,446.5899998999998,88.52
MAC002063,1487,495,208.65700009999964,30.52700000000002,0.47,1488,496,136.95400009999986,32.50500000000002
MAC002064,1486,495,593.6530002000013,89.44299999999993,2.762,1488,496,537.5370003999999,122.47599999999994
MAC002065,1487,495,176.79999989999882,106.01699990000016,2.924,1487,496,132.09700000000032,47.52999999999999
MAC002066,1487,495,181.75800009999986,28.551999999999996,0.606,1488,496,167.25799990000013,41.43400000000002
MAC002067,1487,495,170.2720000000002,35.04700000000005,0.434,1488,496,143.9889999999995,36.101000000000035
MAC002068,1487,495,658.6429999000021,166.34999990000009,3.6760002,1487,495,440.9280001999997,100.80799999999988
MAC002069,1486,495,194.94999999999962,23.545000000000048,0.406,1487,496,271.58499990000035,59.817000000000014
MAC002070,1487,495,435.8269996000004,104.39399989999993,3.486,1488,496,265.57799999999946,53.77900000000005
MAC002071,1487,495,261.6650000999999,84.89700000000008,2.602,1488,496,228.20699999999994,75.07600000000002
MAC002072,1487,495,6.874,1.176,0.132,1488,496,0.0,0.0
MAC002074,1487,495,414.9880006000003,102.0040000999999,2.4820002,1488,496,323.5449999000002,72.90799999999989
MAC002076,1487,495,345.4639998000001,78.22399999999999,2.234,1487,496,234.18000000000058,55.75599999999996
MAC002077,1487,495,233.09199999999993,57.06000000000002,0.72,1488,496,233.2790000000002,67.89700000000003
MAC002078,1486,495,286.88799990000064,47.38900000000003,1.402,1488,496,146.90799999999973,39.99500000000005
MAC002079,1487,495,1094.1680008999986,246.3409997999998,3.276,1487,496,606.3860003999998,131.1789999999999
MAC002080,1487,495,453.5430005000003,68.7850000000001,1.974,1488,496,281.56999999999977,61.64400000000003
MAC002081,1487,495,251.32299999999984,37.903999999999925,0.652,1488,496,235.42700000000016,53.838000000000065
MAC002082,1487,495,583.7329998000001,146.33499999999998,2.452,1488,496,429.0100001999993,110.93500000000002
MAC002085,1487,495,124.91200000000045,18.644000000000045,0.812,1488,496,67.87799999999997,20.31199999999999
MAC002086,1487,495,187.598,41.13900000000003,0.26,1488,496,144.76899999999978,29.881999999999984
MAC002087,1487,495,1159.954000500001,280.57400030000014,3.46,1488,496,458.1099999999999,152.8729999999999
MAC002088,1487,495,544.5010001999995,137.40099999999967,2.988,1487,496,320.7539999000003,63.72099999999995
MAC002089,1475,495,224.83300000000025,67.68699999999997,1.466,1487,495,94.1850000000001,29.498999999999977
MAC002090,1487,495,246.08100000000059,68.45200000000008,1.17,1488,496,188.84500000000037,62.07100000000003
MAC002091,1487,495,211.36100039999957,41.85200029999996,2.6300002,1488,496,101.30399990000046,20.523
MAC002094,1487,495,454.6920001000003,140.468,1.62,1488,496,320.3879999999998,91.18900000000002
MAC002095,1487,495,272.7710001,57.68699999999991,0.606,1487,496,203.87199989999988,54.897
MAC002096,1487,495,477.0370000000009,218.27999999999983,1.548,1488,496,0.008,0.0
MAC002097,1487,495,91.86699999999968,28.365999999999985,0.282,0,0,0.0,0.0
MAC002100,1487,495,547.8809999000001,160.73799989999995,2.954,1488,496,299.3959999,72.15599999999989
MAC002101,1487,495,307.1819996000002,50.65399999999991,1.602,1488,496,133.85300000000007,46.74999999999999
MAC002103,1487,495,245.65300020000006,69.06899999999999,1.032,1488,496,228.85599999999988,72.22800000000008
MAC002104,1487,495,172.73400019999826,24.28200000000007,0.61,1488,496,105.05700000000027,17.895999999999987
MAC002105,1487,495,608.9950005,62.26400000000004,0.992,0,0,0.0,0.0
MAC002107,1487,495,147.9410000000003,29.814000000000007,1.696,1488,496,142.7200000000004,31.38100000000001
MAC002109,1487,495,246.79999999999998,63.087999999999845,2.248,1488,496,137.51000000000002,33.69300000000002
MAC002112,1484,494,426.4270001,110.35399999999997,3.032,1488,496,572.9780001000003,167.9439999999998
MAC002114,1487,495,206.08000010000006,26.166000000000004,0.762,1486,496,162.5170000000001,24.198999999999995
MAC002115,1486,495,410.38900089999953,90.32899999999994,2.044,1488,496,281.6490001000001,78.99499989999997
MAC002116,1487,495,194.86199999999994,32.96699999999999,1.954,1488,496,134.35999999999987,33.352000000000025
MAC002117,1487,495,180.88199999999938,46.007999999999974,2.454,1488,496,117.33000000000057,32.754999999999995
MAC002120,1487,495,855.3820000000011,101.96199999999999,3.2,1488,496,327.99300020000004,69.09100000000004
MAC002121,1487,495,324.29599999999976,44.719000000000044,1.64,1488,496,233.6899999,52.554000000000016
MAC002123,1487,495,257.5089997000006,42.97999999999992,2.022,1487,496,200.58699989999968,62.60899990000004
MAC002124,1486,495,69.18000000000009,18.022,0.298,1488,496,104.18200000000013,28.678000000000008
MAC002125,1480,495,552.8810011999997,51.796000100000086,3.25,1488,496,97.98600000000035,26.196999999999953
MAC002127,1487,495,187.8409999999998,51.70799999999995,1.78,1488,496,200.1180001999999,58.40800030000005
MAC002128,1487,495,106.0590000000002,28.733000000000015,0.59,1488,496,104.85700000000021,31.091999999999995
MAC002129,1487,495,143.33500000000035,18.76499999999996,0.308,1488,496,64.37000000000009,16.525
MAC002130,1487,495,273.9540001000009,23.84599999999991,1.794,1484,494,140.72400010000035,14.232999999999956
MAC002133,1486,495,109.44799999999998,20.209999999999976,0.492,1487,495,87.81000000000027,27.770999999999972
MAC002135,1487,495,140.1530000000002,32.169999899999986,2.0179998,1488,496,104.99200000000035,23.94799999999999
MAC002136,1487,495,0.01,0.0,0.0,1488,496,0.0,0.0
MAC002137,1487,495,1147.1970001999982,187.54399970000003,4.1339998,1488,496,734.6980000000002,136.3740000000001
MAC002138,1487,495,477.4739996000001,118.14199999999967,3.194,1488,496,317.5450001000003,88.02899999999993
MAC002139,1487,495,215.3309994000002,31.509,1.35,1488,496,155.69999960000004,32.803999900000065
MAC002141,1487,495,568.8270000999995,64.88199999999996,1.756,1488,496,322.4400001000002,65.86899990000003
MAC002142,1487,495,215.97499999999982,64.88699999999994,2.59,1488,496,165.63199999999986,46.785000000000046
MAC002143,1487,495,129.26500000000308,29.576999999999824,1.328,1488,496,123.02399989999995,26.17600000000003
MAC002144,1486,495,182.77000010000003,57.88699999999999,1.694,1488,496,165.25700000000043,42.23599999999992
MAC002145,1487,495,510.9320000999998,111.17799990000002,2.79,1488,496,424.02900019999896,111.18699999999994
MAC002146,1487,495,122.01100000000005,32.69900010000001,2.3440002,1488,496,62.495000000000054,18.768000000000008
MAC002149,1487,495,311.99199979999946,32.49099999999994,3.688,1487,496,190.75000010000008,26.15499989999995
MAC002150,1487,495,519.0820000999995,89.52099989999994,5.2199998,1488,496,405.87000040000004,132.26300029999996
MAC002151,1487,495,356.6830002999993,49.79399999999998,1.574,1488,496,239.0430000000001,52.243999999999986
MAC002152,1486,495,126.44099999999983,38.953,1.164,1488,496,104.42400000000009,33.47599999999997
MAC002153,1487,495,693.7009997000002,89.26300000000003,2.932,1488,496,400.1780001000001,70.15699999999998
MAC002155,0,0,0.0,0.0,,0,0,0.0,0.0
MAC002157,1487,495,271.6559998999998,36.56499999999998,1.184,1488,496,149.54199999999963,37.80800000000003
MAC002158,1487,495,357.2189998000003,98.70599990000002,2.3699998,1488,496,365.33299999999923,108.40699999999995
MAC002159,1487,495,278.1800000000002,23.246999999999968,0.666,1488,496,224.86400000000023,28.579999999999977
MAC002160,1487,495,78.24299999999889,14.473000000000086,1.232,1488,496,116.47600000000037,25.170999999999975
MAC002161,1487,495,225.25399999999976,46.38800000000005,0.79,1488,496,208.45400000000024,50.04499999999999
MAC002162,1487,495,106.14000000000011,32.11500000000002,0.382,1488,496,73.53699999999996,23.57000000000001
MAC002163,1487,495,893.0129984000007,99.13899989999987,2.46,1488,496,785.1380000000013,157.52000009999992
MAC002165,1477,486,694.9810005999997,140.38200010000017,2.644,1488,496,383.36100009999984,95.91100000000014
MAC002168,1487,495,238.24800000000013,62.56700000000008,0.568,1488,496,334.23899999999975,111.71499999999992
MAC002169,1487,495,253.3100002999997,56.41199999999998,1.196,0,0,0.0,0.0
MAC002170,1487,495,585.9020002,72.36099990000002,2.0179998,1488,496,374.6849996999993,56.661000000000044
MAC002171,1487,495,263.4909999000002,48.284999999999904,1.468,0,0,0.0,0.0
MAC002172,1487,495,244.53500010000002,28.732999999999965,1.48,1488,496,156.07799979999942,32.94100000000002
MAC002173,1487,495,248.84300009999987,64.89100000000002,1.828,1487,496,246.591,72.31000000000003
MAC002174,1487,495,455.30199950000036,136.34099989999996,4.56,1488,496,293.77000019999986,77.56699999999995
MAC002175,1487,495,109.4210000000003,23.574999999999974,0.358,1344,448,72.43799999999992,16.397999999999993
MAC002177,1487,495,165.7089999000002,37.90100000000002,0.456,1488,496,196.69399999999993,52.648999999999994
MAC002178,1487,495,268.68299999999977,49.50500000000002,1.2,1488,496,207.32299999999995,48.800999999999995
MAC002179,1487,495,454.88900020000045,84.60500009999988,2.208,1488,496,236.01900000000015,53.16900000000004
MAC002180,1487,495,333.80000009999947,72.35100000000007,1.524,1488,496,278.04399989999985,68.79500000000006
MAC002181,1487,495,466.46099990000016,83.67200020000004,2.706,1488,496,257.92200000000014,77.35099999999989
MAC002184,1487,495,322.9820002999994,87.45799989999993,3.112,1488,496,291.43600000000043,113.07000000000004
MAC002185,1487,495,151.7159999999997,48.63200000000003,0.928,1488,496,139.78999999999994,42.793000000000056
MAC002186,1486,495,135.47499990000043,27.695999999999966,0.956,1487,495,74.26900000000015,19.550999999999963
MAC002187,1487,495,321.7099998999999,65.23699999999992,2.138,1486,496,333.1370000000008,60.17399990000004
MAC002189,1486,495,153.92800000000076,41.91899999999994,0.706,1488,496,242.87300000000022,64.06500009999996
MAC002190,1487,495,763.7340001000003,219.3439999,2.072,1488,496,344.92099989999906,93.20700000000006
MAC002191,1484,495,321.5859999999995,124.45599999999997,2.81,1487,496,313.0799998999998,114.97499990000006
MAC002192,1487,495,327.58899970000084,89.76200000000007,2.718,1488,496,213.22000000000028,48.43100000000002
MAC002194,1487,495,514.1419997999993,103.18599990000001,3.022,1488,496,402.10299989999976,87.533
MAC002195,1487,495,273.58699980000085,69.2340001,5.264,1488,496,208.25500020000004,75.20099989999987
MAC002196,1487,495,127.66099980000033,25.032999899999986,2.2679998,1488,496,97.62600000000029,21.729000000000013
MAC002197,1487,495,148.23700000000022,19.78099999999998,2.572,1488,496,109.61899970000036,16.236999999999988
MAC002198,1482,495,233.5640000999999,43.913,0.628,1488,496,198.88500010000007,56.457000100000045
MAC002200,1487,495,495.06399989999954,98.71300000000011,1.89,0,0,0.0,0.0
MAC002202,1487,495,251.8199998999999,51.35700000000001,1.554,1484,494,184.84300019999972,40.77900000000001
MAC002203,1486,495,172.09799999999956,53.036000000000044,0.824,1477,496,102.95100000000016,25.76599999999997
MAC002204,1487,495,147.3670000000004,30.269999999999932,0.656,1488,496,82.73500000000038,28.134999999999945
MAC002205,1487,495,291.4800001999996,40.929,3.1,1487,496,156.10400009999995,34.54499999999998
MAC002206,1487,495,149.6860000000001,19.143999999999988,0.19,1344,448,101.2050000000001,19.636000000000013
MAC002207,1487,495,291.7130000999998,50.768999999999956,1.456,0,0,0.0,0.0
MAC002208,1487,495,668.2910001000013,197.7819998999999,3.376,1488,496,372.8850000000001,103.78099999999996
MAC002209,1486,495,340.2340000000005,82.43899999999994,1.028,1487,496,311.0420000000001,92.45100000000004
MAC002210,1487,495,478.29299969999994,104.40599989999988,4.04,1487,496,304.9069997999999,80.29199979999999
MAC002211,1487,495,234.78699999999972,42.55500000000009,0.82,1488,496,148.79199999999972,34.25600000000008
MAC002212,1487,495,360.6220000000005,74.23099999999991,0.858,1488,496,300.6960000000002,86.10299999999988
MAC002213,1487,495,2116.8989987,537.7219988000004,7.354,1488,496,1124.2730001000011,273.6730002
MAC002214,1487,495,393.5079999999999,58.48700000000011,1.054,1484,496,189.51299999999983,38.256000000000014
MAC002216,1487,495,152.17200000000034,20.135999999999974,0.218,1487,496,147.32699999999986,28.98500000000001
MAC002218,1391,463,444.1440000000004,71.20500000000008,1.67,1488,496,313.08400000000034,74.29099999999978
MAC002220,1487,495,166.9749999999997,43.08399999999998,0.47,1488,496,156.12999999999997,43.73200000000001
MAC002221,1486,495,251.6769998999998,55.88799999999994,1.014,1488,496,166.67199999999988,49.36700000000004
MAC002223,1487,495,404.5739998999992,36.85699989999998,2.172,1440,480,341.4409999000002,67.49500009999993
MAC002224,1487,495,21.341000000000243,0.9100000000000007,0.018,1487,496,170.6159999000002,33.17399989999999
MAC002228,1487,495,145.60100000000045,43.041999999999916,0.786,1488,496,96.96399999999952,32.218000000000025
MAC002229,1487,495,168.2629999999991,18.872,0.376,1487,496,146.5720000000001,21.965
MAC002231,1487,495,812.5059991999999,114.05999989999984,2.56,1488,496,648.0040000999995,138.85000009999993
MAC002233,1487,495,363.276999899999,106.805,1.214,1488,496,272.1290000000005,74.76899999999993
MAC002234,1487,495,346.79999990000056,101.41099999999986,2.904,769,257,46.8710000000001,10.851999999999993
MAC002235,1487,495,556.5809996999994,97.35700020000017,2.2420002,1486,496,299.49700010000043,74.52399999999993
MAC002237,1487,495,105.9950000000003,22.698999999999998,0.22,1487,496,107.12300000000023,31.846000000000046
MAC002239,1487,495,298.7800000000001,50.419000000000004,1.11,1488,496,189.16,40.893999999999984
MAC002241,1487,495,913.1479993999997,171.28899940000025,5.58,1488,496,225.34100000000007,82.62399979999996
MAC002244,1487,495,155.0949999999995,33.68700000000005,0.722,1488,496,127.49700000000016,32.03500000000001
MAC002245,1487,495,216.78099999999986,22.02099999999997,0.246,1488,496,168.33400000000012,21.321000000000023
MAC002248,1486,495,237.98800000000006,61.80700000000004,0.886,1488,496,228.2799999999999,67.54999999999991
MAC002249,1487,495,540.5040006000005,115.11100009999993,3.04,1488,496,279.95800019999996,46.339000000000006
MAC002250,1486,495,105.22600000000067,27.796000000000053,0.184,1487,495,101.11799999999967,26.423999999999893
MAC002251,1487,495,107.53299999999996,22.05700000000003,0.57,1488,496,67.11200000000005,17.210999999999988
MAC002252,1487,495,443.54500039999925,71.91200000000003,1.672,1488,496,306.65000000000043,71.41099999999996
MAC002253,1486,495,493.1929997999994,61.86799999999998,2.006,1487,496,383.52100029999957,70.56299990000004
MAC002254,1487,495,407.5849993999988,90.11699999999999,4.598,1488,496,437.4400001000001,110.96900019999988
MAC002255,1487,495,205.18000000000015,68.46300000000002,0.784,1486,496,193.81299999999985,65.81599999999996
MAC002256,1486,495,341.9600000999997,70.8050001,4.738,1488,496,291.44200040000015,58.23100010000003
MAC002257,1487,495,122.62300000000005,36.92399999999998,0.948,1488,496,124.78799999999951,38.87500000000002
MAC002258,1486,495,42.65800000000031,16.72000000000001,1.668,1488,496,20.297999999999888,7.167999999999982
MAC002259,1487,495,447.9550002999994,10.152999999999999,1.132,1488,496,89.63700000000028,7.989999999999984
MAC002260,1439,479,847.9670007000001,106.57699989999999,2.082,1487,495,627.6069997999995,108.31999999999996
MAC002261,1487,495,230.26600000000022,65.89600000000007,2.04,1488,496,204.87799999999987,62.88899999999998
MAC002262,1487,495,208.67900000000012,42.32499999999998,0.95,1487,496,182.71199999999982,68.64999999999999
MAC002263,1487,495,656.4219998999992,142.40200000000002,3.632,1488,496,331.34800000000024,96.14200000000011
MAC002266,1487,495,198.6150000999998,54.248000000000054,1.124,1488,496,136.268,34.34500000000002
MAC002267,1487,495,586.8040000999997,101.44700000000003,2.042,1488,496,348.8869999999996,92.70600000000007
MAC002269,1487,495,442.7290001999999,116.48000000000006,3.576,1488,496,387.79299929999974,125.19799899999994
MAC002270,1487,495,85.11300000000023,11.668999999999993,0.198,1488,496,91.77000000000027,15.968999999999987
MAC002271,1465,488,126.77799999999989,19.353999999999996,0.572,1487,496,74.15700000000011,19.552000000000003
MAC002272,1487,495,422.4349998000001,51.628000000000064,2.02,1488,496,326.48199979999976,26.502000000000017
MAC002273,1486,495,86.30600009999992,24.048999999999968,3.31,1488,496,47.571000000000105,10.039999999999988
MAC002274,1487,495,253.13500000000022,84.53500000000011,1.312,1486,496,214.90199999999996,76.003
MAC002275,0,0,0.0,0.0,,0,0,0.0,0.0
MAC002276,1486,495,179.4990000000003,33.520000000000024,0.86,1488,496,104.06800000000058,22.459999999999994
MAC002278,1487,495,129.00900000000038,32.75500000000002,0.426,1487,496,119.49900000000031,25.025999999999993
MAC002279,1487,495,309.03000000000065,27.830999999999978,0.838,1488,496,167.87100000000083,28.965000000000025
MAC002282,1487,495,222.3710002000002,22.467,1.312,1488,496,175.68599999999967,35.09299999999999
MAC002283,1487,495,415.240999999999,67.98299999999995,2.598,1488,496,164.6999999999999,38.499999999999986
MAC002284,1487,495,136.24700000000055,23.618999999999975,0.314,1488,496,114.71300000000024,22.900999999999964
MAC002285,1487,495,190.2890002,40.07700000000003,0.82,1488,496,199.41699999999997,43.61500000000003
MAC002286,1487,495,287.3200000000001,51.78400000000005,0.532,1487,496,239.6930000999999,57.98199999999999
MAC002287,1487,495,317.74899990000023,68.00499989999999,2.434,1488,496,177.49799999999965,52.16199999999995
MAC002288,1487,495,166.3670000000002,36.20499999999998,0.578,1488,496,165.56700000000006,43.44300000000002
MAC002289,1487,495,184.54899999999984,58.5839999999999,1.574,1487,496,158.89299999999994,42.107
MAC002293,1487,495,332.81499969999976,50.88699999999992,0.826,1486,496,334.44700010000037,48.93099999999997
MAC002294,1344,448,93.67799999999983,25.513,0.142,1200,400,74.26399999999984,22.278000000000016
MAC002295,1487,495,306.3570004000001,51.37400000000007,2.352,1488,496,196.91200009999986,40.90799999999998
MAC002296,1487,495,726.5760002000009,124.23500020000003,3.954,1488,496,157.09100000000015,61.20200000000004
MAC002297,1486,495,181.94800000000058,23.260999999999974,0.3,1488,496,139.79299999999986,31.006
MAC002298,1487,495,219.76300009999994,40.38199999999993,0.61,0,0,0.0,0.0
MAC002299,1487,495,216.84799989999976,39.24999999999999,0.792,1488,496,248.28600010000008,52.37299999999997
MAC002301,1487,495,129.49100000000013,31.228,0.618,1488,496,96.83600000000011,27.110999999999976
MAC002302,1487,495,304.4489996000006,46.96900000000001,0.81,1488,496,248.77000000000024,59.50899999999997
MAC002303,1487,495,165.25399999999993,34.44399999999999,0.392,1488,496,126.82900000000032,27.392000000000067
MAC002304,1487,495,109.88399990000043,12.00000000000001,0.398,1488,496,96.69000000000037,17.194999999999993
MAC002305,1487,495,402.19300000000044,100.83899999999996,1.47,1487,495,267.45399999999904,77.39699999999999
MAC002306,1487,495,502.1270002000002,136.24899989999992,2.352,1488,496,440.24899990000034,130.09499999999986
MAC002307,1486,495,256.88500000000056,115.92199999999984,2.862,1488,496,209.72399999999976,77.79100000000005
MAC002308,1487,495,234.7970006,121.05200059999999,3.66,1488,496,128.2030000000007,30.603999999999964
MAC002309,1487,495,240.22500060000002,17.27299999999999,0.514,1488,496,174.91800000000015,88.59500010000018
MAC002310,1487,495,503.03700040000024,76.76,1.022,1488,496,207.7479998,34.36200000000002
MAC002311,1487,495,232.98199989999958,69.45100000000002,0.82,1487,496,241.27400009999985,68.31600000000005
MAC002312,1487,495,530.0269998999989,136.22300000000016,2.132,1488,496,495.5199999000002,151.72200000000007
MAC002313,1487,495,225.2499999999999,60.43999999999997,2.004,0,0,0.0,0.0
MAC002314,1487,495,1074.7870004,319.16599980000007,3.188,1488,496,132.28899999999982,37.02899999999994
MAC002315,1487,495,17.119999999999706,5.688999999999975,0.036,1487,496,72.89800000000008,15.876000000000003
MAC002316,1487,495,445.45599999999985,125.03899999999997,1.084,1488,496,399.77699999999936,106.13599999999992
MAC002317,1487,495,267.6980002000001,32.34699999999996,0.994,1488,496,149.1210000000007,28.369999999999944
MAC002319,1487,495,142.897,11.995000000000017,0.302,1488,496,76.63600000000032,10.45
MAC002320,1487,495,303.8300000000004,52.69499999999995,0.838,1488,496,232.45099999999982,51.82900000000002
MAC002321,1487,495,845.5299990999987,93.39899999999999,3.162,1488,496,233.5279999999999,68.69899999999997
MAC002322,1487,495,260.5700000000003,68.48199999999996,1.896,1488,496,164.48199999999932,41.71200000000002
MAC002323,1487,495,293.26000019999987,84.08499999999994,2.056,1488,496,263.73099999999994,75.249
MAC002325,1487,495,429.6419998999984,75.4810000000001,1.6,1488,496,398.2920000000004,88.94600000000005
MAC002326,1487,495,344.02399990000026,82.25599999999991,2.338,1488,496,352.94499990000054,101.0749999999999
MAC002327,1487,495,213.67900009999983,56.69100000000003,1.504,1487,496,470.40600019999977,97.81400000000002
MAC002328,0,0,0.0,0.0,,1343,447,44.42999999999999,12.39499999999999
MAC002329,1487,495,116.20300000000034,43.66800000000004,1.81,1488,496,54.571000000000225,6.775999999999978
MAC002330,1487,495,401.63800050000015,151.11600040000002,2.802,1488,496,267.21499999999975,95.85599999999992
MAC002331,1487,495,236.57299959999995,59.99399989999997,3.58,1488,496,143.6209999999998,54.11499999999993
MAC002332,1487,495,506.49400029999924,243.9060000000002,5.3260002,1486,496,268.3669999999992,73.31200009999999
MAC002333,1487,495,136.1850000000001,33.102,0.63,1488,496,104.70100000000055,25.34399999999998
MAC002335,1486,495,754.6300000000007,90.05000000000003,2.764,1488,496,439.16299980000053,101.83799999999991
MAC002337,1487,495,210.1079999999998,32.651999999999944,0.722,1486,496,140.39700000000036,24.741999999999987
MAC002338,1392,464,693.4359998999996,213.5540001999999,3.53,0,0,0.0,0.0
MAC002339,1487,495,400.2759998999997,42.430000000000035,3.198,1488,496,280.5910005,70.8820003
MAC002340,1487,495,259.2180005999996,148.65500059999997,3.236,1488,496,142.98699999999985,48.551999999999985
MAC002341,1487,495,426.4929998000006,44.351000099999986,2.5940002,1488,496,345.5229997000001,38.292999999999985
MAC002342,1487,495,371.576,92.97799999999994,0.656,1487,496,298.9869999999997,84.04900000000002
MAC002343,1487,495,891.5670011000017,327.6160011999999,2.582,1487,495,241.2349999999998,69.91599999999993
MAC002345,1487,495,214.74199999999965,47.06300000000005,0.622,1488,496,241.1649999999999,68.43900000000001
MAC002347,1487,495,170.51299999999983,48.23300000000002,0.89,1487,496,130.33999999999992,39.91199999999998
MAC002348,1487,495,514.7669995000002,168.41100009999988,2.94,1488,496,405.03399999999993,105.97500000000002
MAC002349,1487,495,690.1499998000013,139.24400020000002,4.35,1487,496,615.102000100001,144.8709999999999
MAC002350,1487,495,424.69099990000007,125.66000000000001,1.798,1488,496,317.2359999999995,87.73400000000005
MAC002351,1487,495,208.52499999999984,50.487999999999964,1.204,0,0,0.0,0.0
MAC002352,1487,495,307.75799950000004,82.67399990000007,4.0819998,1488,496,57.06499999999992,15.82299999999999
MAC002353,1487,495,283.50800010000023,71.26100000000002,1.924,1488,496,215.2280000000004,67.07499999999997
MAC002354,1487,495,368.60200010000034,124.58600009999998,3.3900002,1488,496,282.36300010000014,69.932
MAC002355,1487,495,143.4490001,22.39400000000001,2.096,1488,496,88.28500000000014,17.511999999999997
MAC002356,1487,495,217.28799990000016,46.348,0.618,1488,496,204.61699999999996,46.942999999999984
MAC002358,1487,495,330.35400009999967,95.57099999999997,1.924,1488,496,309.6530000000002,107.69199999999982
MAC002359,1487,495,443.77700030000074,125.09299999999995,1.534,1488,496,432.32399989999976,135.27700000000004
MAC002360,1487,495,215.37499989999992,46.46199999999996,1.646,1488,496,183.10100010000008,41.160999999999994
MAC002361,1486,495,1168.0750006,257.0540004000001,3.4260002,1488,496,759.8749998,209.87600009999983
MAC002362,1486,494,378.2769997000006,48.59399999999997,0.814,1488,496,288.6930000999998,53.88699999999998
MAC002363,1484,495,296.17499980000053,58.51099999999993,0.708,1488,496,238.31899999999897,70.42100000000002
MAC002364,1487,495,146.91800000000015,12.571999999999989,0.392,1488,496,100.05800000000004,10.368999999999998
MAC002365,1487,495,146.2909999000005,23.30900000000001,0.522,1488,496,127.235000000001,26.387999999999984
MAC002366,1487,495,131.4869999999999,34.417999999999985,0.824,1488,496,138.65900000000002,34.48699999999996
MAC002367,1486,495,583.2529999999989,80.1379999,2.1659998,1488,496,461.83599969999926,89.86799989999996
MAC002368,1487,495,294.8460000000004,75.71200000000006,1.282,1488,496,202.62299999999993,57.40300000000004
MAC002369,1487,495,467.9820001,132.4590000000003,1.862,1488,496,402.3679999999993,109.58700000000002
MAC002370,1487,495,340.5350000000001,75.26399990000007,3.692,1488,496,263.37899989999994,57.90799989999998
MAC002371,1487,495,64.02800000000003,17.85200000000001,0.804,1488,496,93.44700000000039,25.407999999999987
MAC002372,1487,495,300.9400002000001,80.8320001,2.946,1488,496,205.62900000000022,55.52999999999995
MAC002373,1487,495,217.23199990000026,44.51500000000001,3.342,1487,496,133.855,33.360999999999976
MAC002374,1344,448,226.6540000999994,2.4969999999999932,0.024,0,0,0.0,0.0
MAC002375,1487,495,209.74400000000006,64.00700000000005,1.792,1488,496,136.80200000000022,38.40300000000001
MAC002376,1487,495,536.0649998999996,153.42599999999996,2.848,1488,496,399.70699979999955,111.35099989999989
MAC002377,1486,494,346.0920003000008,57.398999999999916,1.504,1486,496,186.81099999999998,53.91400000000005
MAC002378,1487,495,310.55499999999927,90.94699999999995,1.12,1488,496,306.2849999999999,95.59699999999991
MAC002379,1487,495,512.7220003000002,112.16599999999991,1.034,1488,496,149.8590000000004,29.623000000000005
MAC002380,1487,495,838.9959994000001,120.32299980000002,3.26,1488,496,552.7349998000002,111.40300000000006
MAC002381,1486,494,327.9189999,83.49300000000007,2.102,1487,496,223.0679999000002,60.677000000000056
MAC002382,1392,464,46.48300000000016,10.968999999999992,1.336,0,0,0.0,0.0
MAC002383,1487,495,204.5529999999999,38.887999999999984,1.726,1488,496,181.581,38.84099999999999
MAC002384,1487,495,122.51900000000035,21.662000000000003,1.186,1488,496,177.88000000000045,28.327999999999957
MAC002385,1487,495,503.4519997000002,128.28499999999985,2.24,1488,496,369.8170001,100.969
MAC002386,1487,495,229.64200019999993,37.738,1.432,1487,496,189.40299989999988,38.42800000000005
MAC002387,1487,495,133.34800010000023,40.80099999999997,1.982,1488,496,109.21699990000015,30.907999999999994
MAC002388,1487,495,15.062999999999684,5.045999999999961,0.022,1488,496,7.438999999999864,2.4839999999999693
MAC002389,1487,495,392.2390005000002,50.35499999999998,1.29,1487,496,267.0410001999997,43.54900000000005
MAC002390,1487,495,210.25599999999972,39.59000000000001,0.608,1488,496,110.20500000000031,20.94999999999996
MAC002391,1487,495,241.39500000000007,69.06199999999995,2.246,1488,496,244.9740001000005,57.28499999999994
MAC002392,1487,495,71.32400000000004,10.678999999999991,0.498,1488,496,96.32800000000003,19.468000000000004
MAC002393,1487,495,292.7790000000002,57.95399999999996,1.74,1488,496,262.9570000000002,62.79999999999996
MAC002394,1486,495,486.8689993000006,103.26499999999989,2.332,1483,496,310.0290001999998,64.766
MAC002395,1487,495,404.872,84.02799999999998,1.698,1488,496,343.25600000000077,71.74399999999997
MAC002396,1487,495,1270.343000000001,313.0259998999998,3.17,1488,496,489.28100060000014,124.55999999999995
MAC002397,1486,495,488.3749999000006,122.27100000000004,1.98,1488,496,373.29400000000027,110.0290000000001
MAC002399,1487,495,186.29899999999986,26.668999999999972,0.398,1487,496,187.23300000000032,34.67699999999999
MAC002400,1487,495,173.19299999999996,31.89900000000004,0.556,1488,496,190.31799990000025,42.420000000000144
MAC002401,1486,494,718.8910004000008,227.73300050000003,4.092,1487,495,343.70500000000015,103.637
MAC002402,1487,495,368.7530000000003,85.53899999999997,0.954,1488,496,371.5180000000002,88.76800000000003
MAC002403,1439,479,291.3919998000004,67.63399989999998,2.1559998,1248,416,229.96100009999995,52.18600000000001
MAC002405,1487,495,322.2319999000008,110.25699999999988,2.188,1487,496,398.9230000000003,126.9030003
MAC002406,1487,495,212.66499999999988,55.396999999999984,2.302,1488,496,201.04799990000026,42.45300000000001
MAC002407,1487,495,316.58599949999996,105.57999980000001,6.8920002,1487,496,272.1500000999999,88.41899999999995
MAC002408,1487,495,288.74800019999947,61.047000000000025,0.972,1488,496,220.33199980000023,57.08399999999998
MAC002409,0,0,0.0,0.0,,0,0,0.0,0.0
MAC002410,1487,495,255.0629999999995,84.81599999999996,0.664,1488,496,47.72600000000017,9.397000000000016
MAC002411,1487,495,650.2479996999989,99.79800000000013,1.784,1488,496,446.64100000000036,83.79700000000003
MAC002412,1487,495,462.59899960000024,88.72100000000006,1.434,1488,496,206.66700010000008,26.057000000000016
MAC002414,1487,495,457.5609990999998,134.23699980000006,2.554,1488,496,421.8969998000007,130.689
MAC002415,1487,495,417.04000030000026,82.7620001,3.266,1488,496,569.1239996999997,160.86200010000007
MAC002416,1487,495,130.07199999999975,45.336000000000055,0.668,1487,496,90.4400000000002,28.66399999999998
MAC002417,1487,495,57.43299999999984,13.283000000000023,0.11,1488,496,76.89399999999996,21.677000000000024
MAC002419,1487,495,266.9289997999998,27.56300009999997,3.7880002,1488,496,186.24800000000022,41.11699999999997
MAC002420,1487,495,272.7689999000002,105.83500000000002,1.992,1488,496,388.7340000999997,123.49500009999993
MAC002422,1487,495,98.62200000000011,8.34699999999998,0.56,1488,496,108.90600009999994,20.711999999999986
MAC002423,1487,495,111.70800000000031,13.549000000000015,0.3,1488,496,68.70100000000015,15.39700000000001
MAC002424,1487,495,225.74900000000054,64.18600000000002,1.866,1488,496,260.73999999999967,75.83400000000007
MAC002425,1486,495,154.76899999999983,52.38800000000005,0.636,1466,480,117.68700000000011,41.711
MAC002426,1487,495,246.02099999999916,53.071999999999875,2.138,1488,496,163.87300000000022,37.83300000000002
MAC002427,1487,495,169.06200009999958,37.685000000000024,0.706,1487,496,131.61399950000006,30.1479999
MAC002428,1487,495,546.8810000000004,142.85199999999995,1.992,1488,496,363.86399999999975,89.33000000000004
MAC002429,1487,495,113.31700000000038,11.412999999999988,0.424,1488,496,114.2790000000006,20.444000000000024
MAC002430,1487,495,153.0099999999999,15.70199999999997,1.424,1488,496,58.06000000000044,9.577999999999985
MAC002431,1487,495,217.03099990000015,28.560000000000016,0.79,1488,496,229.4130000000005,38.951
MAC002434,1487,495,223.13900010000057,74.434,4.144,1488,496,164.55300009999993,55.19100009999998
MAC002435,1487,495,147.2339999999996,29.489000000000008,1.03,1488,496,90.74200000000017,20.89599999999999
MAC002436,1486,495,412.2359997999999,66.34500000000001,2.556,1487,495,405.97999959999976,58.99200000000001
MAC002437,1487,495,376.39900010000065,96.12800000000007,1.594,1487,496,454.72000010000033,128.151
MAC002438,1056,352,183.01599999999968,39.99200000000006,0.55,0,0,0.0,0.0
MAC002440,1487,495,281.1369999000002,93.67499989999997,2.3699998,1488,496,238.95600000000027,76.98000000000005
MAC002441,1487,495,2407.9680002000027,658.4960005,10.5240002,1488,496,356.01499980000017,86.01000000000016
MAC002442,1486,495,312.1960002000003,59.538000000000025,2.546,1487,496,156.06599999999975,35.68699999999998
MAC002443,1487,495,1385.5440007000002,311.9110006999997,10.04,1488,496,356.60499950000036,98.15399979999998
MAC002447,1487,495,249.19699969999945,51.04900000000003,2.082,0,0,0.0,0.0
MAC002449,1487,495,348.46200019999975,56.25300000000004,1.734,1488,496,348.4560002,85.11499999999997
MAC002450,1487,495,92.64799999999994,12.156999999999998,1.73,1486,496,47.65400000000008,9.695999999999973
MAC002451,1487,495,563.3060002999999,192.31700000000015,3.616,1488,496,455.0180003999998,122.7950000000001
MAC002453,1486,494,232.6379995999998,152.36299959999982,2.408,1488,496,126.67699999999944,36.89300000000006
MAC002454,1487,495,129.19300000000038,19.997999999999976,0.134,1487,496,110.43399999999974,27.219999999999974
MAC002456,1487,495,283.1800000000003,58.724,0.912,1488,496,229.69399999999996,38.33500000000003
MAC002458,1487,495,411.9600000000007,75.60200000000003,1.544,1488,496,342.2809998999992,76.96799999999996
MAC002459,1486,495,185.18300010000004,17.620000100000006,2.364,1487,495,131.23800000000014,25.931999999999967
MAC002460,1487,495,124.22400000000039,22.789999999999974,0.21,1487,495,127.03499999999981,32.45099999999998
MAC002461,1487,495,168.06099999999984,27.932000000000027,0.242,1488,496,152.02599999999987,37.50900000000002
MAC002462,1487,495,325.4799998999997,79.83500000000004,1.768,0,0,0.0,0.0
MAC002465,1487,495,460.11500010000003,109.07299999999998,1.658,1488,496,1.9520000000000002,0.0
MAC002466,1487,495,364.17199969999956,84.12200010000012,3.21,1488,496,358.79700009999965,89.39999999999999
MAC002467,1487,495,194.81700000000018,47.181000000000004,1.398,1488,496,116.04100000000051,32.59500000000001
MAC002468,1487,495,220.9890000000006,43.49700000000012,0.582,1488,496,175.83799999999977,50.52000000000004
MAC002469,1487,495,99.70700000000019,10.431999999999976,0.468,1488,496,65.96399999999964,19.207999999999995
MAC002471,1487,495,459.9390002000005,48.99599989999999,2.3239998,0,0,0.0,0.0
MAC002474,1487,495,141.46800020000035,33.593000200000006,2.98,1488,496,129.84599960000074,42.706999899999985
MAC002475,1487,495,938.1279999999996,219.47800010000003,3.3800002,1488,496,298.8529996999998,62.88099999999999
MAC002477,1487,495,291.5370000000002,55.19900000000008,1.656,1488,496,214.3199999999996,53.99200000000005
MAC002478,1487,495,609.8040001999995,159.98199990000026,2.75,1488,496,329.85899979999976,61.95800000000004
MAC002479,1487,495,340.5829998000001,69.26199999999996,2.316,1482,495,177.84099990000016,41.86099999999995
MAC002480,1487,495,604.5730005000001,199.57400009999984,2.092,1488,496,276.67400030000016,78.7429999999998
MAC002481,1487,495,452.34699979999976,121.771,2.2420002,1488,496,388.2299998999999,110.2139999999999
MAC002483,1487,495,139.3769999999996,46.250000000000085,0.816,1488,496,81.30700000000026,25.971000000000007
MAC002485,1487,495,430.5759998000003,58.676000000000016,1.312,1488,496,296.4620001000003,53.63000000000004
MAC002487,1487,495,279.55000009999986,61.65300000000003,1.08,1488,496,268.1439999999999,72.67500000000008
MAC002489,1487,495,488.88099999999963,133.6110000000001,2.118,1487,496,460.9920000000002,131.38400000000007
MAC002492,1487,495,607.1009995999988,172.90400000000017,3.292,1488,496,531.8320008000002,167.4889998
MAC002493,1487,495,488.5449997999996,116.50500000000018,1.964,1487,496,336.4080001999998,107.2920000999999
MAC002494,1487,495,427.93600010000034,95.49899999999992,2.158,1488,496,195.48700009999996,45.916
MAC002495,1487,495,229.47099959999983,39.57599999999996,2.59,0,0,0.0,0.0
MAC002498,1487,495,76.77300000000044,29.729000000000024,1.148,1488,496,125.03200000000007,38.92599999999999
MAC002499,1487,495,399.7480001000006,105.73999999999991,2.168,1488,496,170.33900010000013,42.02699999999997
MAC002500,1486,495,985.6980001999984,198.14400010000028,8.2919998,1488,496,290.7859998000002,45.36200000000004
MAC002501,1486,495,201.30099999999956,36.78499999999997,0.948,1488,496,187.80799999999985,37.958999999999996
MAC002502,1487,495,889.7800006999987,247.09900050000002,3.726,1488,496,447.70399999999995,140.70200000000008
MAC002503,1487,495,346.88799989999933,93.86499980000006,2.29,0,0,0.0,0.0
MAC002504,1487,495,236.81299999999993,85.27900000000007,0.582,1488,496,199.805,68.74300000000008
MAC002505,1486,495,741.0050000999998,109.64800009999995,2.818,1488,496,388.43200019999983,88.57700000000001
MAC002506,1487,495,236.093,44.42200000000004,0.756,1488,496,187.53700000000006,48.84999999999997
MAC002509,1487,495,219.4649996999998,78.43400000000004,4.782,1488,496,256.3910000000003,64.55099999999997
MAC002510,1487,495,558.1259996000006,101.31899970000002,3.6659998,1488,496,222.1939998999994,56.55000000000002
MAC002511,1487,495,337.5130000000006,79.1619999999999,1.008,1488,496,424.46899989999986,65.06500000000004
MAC002512,1487,495,1053.2460009000001,299.6100000999999,4.7459998,1488,496,322.5439997999985,83.7899999999999
MAC002513,1487,495,58.18900019999987,18.09500020000002,3.476,1488,496,62.64399989999985,23.608999999999998
MAC002514,1487,495,284.9849997999993,35.389999999999986,1.736,1487,496,174.50600009999968,33.24799999999999
MAC002515,1487,495,284.28899939999974,47.648000099999955,2.646,1488,496,288.80299990000066,60.53699999999996
MAC002516,1487,495,483.48100000000056,92.97599990000005,2.0639998,1488,496,431.35000000000014,138.151
MAC002517,1487,495,426.1919995000009,64.48600000000005,2.062,1488,496,235.55900020000024,44.23699999999996
MAC002518,1487,495,198.59299999999996,64.51799999999994,0.794,1488,496,269.58299999999986,69.612
MAC002519,1487,495,340.1869999999998,18.98699999999998,3.216,1488,496,273.8330000999994,54.14700019999999
MAC002521,1487,495,119.89100000000029,36.85299999999998,2.21,1487,496,77.28900000000013,19.708000000000013
MAC002522,1487,495,128.65500000000037,15.781000000000013,0.576,1487,496,89.49700000000021,14.357000000000001
MAC002523,1487,495,363.5330000000003,95.165,2.15,1488,496,366.9949999999999,77.50199999999992
MAC002524,1487,495,185.6530000999996,48.514000000000024,1.108,1488,496,155.17700000000002,38.941000000000045
MAC002525,1487,495,206.88699999999952,56.87100000000002,2.702,1488,496,196.3070000000002,44.28700000000003
MAC002526,1487,495,520.5519996999997,83.53799999999995,2.09,1488,496,397.49300020000004,70.06300000000005
MAC002527,1487,495,164.33500000000006,36.871000000000016,1.322,1488,496,148.95799999999957,34.43899999999999
MAC002528,1487,495,125.52900000000022,21.794000000000008,0.378,1488,496,90.28400000000038,19.667
MAC002529,1487,495,229.25200000000027,21.297999999999995,0.25,1487,496,148.48199999999986,15.777999999999999
MAC002530,1487,495,71.68100010000045,26.25700000000008,5.5300002,1488,496,52.18500000000011,18.268999999999977
MAC002531,1487,495,298.3250001,70.386,1.592,1487,496,294.12500000000074,78.97899999999984
MAC002532,1487,495,211.50400000000016,48.36100000000001,1.898,1487,496,160.18099999999976,38.351000000000056
MAC002535,1487,495,725.5419997000007,162.3060002,5.8200002,1483,496,469.8219999000003,140.01399999999992
MAC002537,1487,495,164.5460000000002,58.876000000000026,0.742,1488,496,136.67000000000013,45.673
MAC002538,1487,495,343.86199959999993,65.36499999999998,5.494,1488,496,302.414,72.60099999999996
MAC002539,1487,495,94.17100000000069,29.484999999999953,1.72,1488,496,85.39700000000026,20.571000000000005
MAC002540,1487,495,281.6820000000001,49.94299999999994,2.318,1488,496,257.6669999999999,45.61500000000004
MAC002541,1487,495,242.51700019999996,27.759000000000036,0.392,1488,496,218.92300019999988,49.9460001
MAC002542,1487,495,190.9470000999997,11.601999999999991,0.2,1488,496,136.49799990000005,14.540999999999983
MAC002543,1487,495,152.3869999000001,31.18899999999994,0.752,1488,496,81.66200000000038,28.25100000000003
MAC002544,1486,495,779.0360002999994,148.02699990000013,3.26,1488,496,320.91799980000025,72.58899999999994
MAC002545,1487,495,64.34599999999988,19.821999999999978,0.442,1488,496,105.7709999999996,34.170000000000016
MAC002546,1487,495,262.9240000000001,96.00099999999996,1.954,1488,496,330.9029999000006,112.72999999999993
MAC002547,1487,495,274.6000002000004,45.632,1.042,1488,496,288.58800000000025,44.078000000000046
MAC002548,1487,495,155.92200009999962,31.008999999999993,0.77,1485,496,142.75599999999963,40.71699999999999
MAC002549,1487,495,626.9640000999979,137.87300000000002,2.3340002,1486,496,397.9930001000005,82.51499999999986
MAC002550,1486,495,373.92300019999976,64.99300000000001,1.904,1488,496,275.41000000000014,45.78100000000002
MAC002551,1486,495,307.5199997999998,77.30300000000008,2.04,1488,496,209.51200000000037,60.453
MAC002553,1487,495,474.50699949999955,139.68499999999997,1.566,1486,495,282.33700000000016,89.30299999999998
MAC002554,1487,495,151.1890000000002,56.55299999999992,0.378,1488,496,137.8380000000006,61.50099999999994
MAC002555,1487,495,260.78399969999964,53.505000000000024,2.164,1488,496,169.55900000000028,47.275000000000055
MAC002556,1487,495,240.91100029999976,20.33799999999999,1.884,1488,496,122.18300000000026,38.516999999999975
MAC002557,1486,495,601.2239990000005,83.5689999,5.1599998,1393,465,384.4769995000005,63.82999999999999
MAC002558,1487,495,654.0029999999998,101.66200009999994,4.034,1488,496,442.9099997000006,99.30699999999996
MAC002559,1486,495,300.2900000000007,101.3489999999999,0.876,1488,496,207.0910000000001,73.70299999999999
MAC002561,1487,495,377.2159998999999,85.26200000000013,1.742,1440,480,296.4229999000004,75.60699999999987
MAC002562,1487,495,322.87800009999995,61.44999999999988,0.648,1488,496,160.60300000000018,62.33199999999994
MAC002563,1487,495,434.0030001999996,41.64200000000004,2.1,1488,496,262.0469997999997,78.80000000000008
MAC002564,1487,495,21.64899999999991,6.718999999999992,0.028,1488,496,0.063,0.0
MAC002565,1487,495,270.38800000000026,75.69400000000007,0.528,1488,496,98.42600000000026,22.649999999999984
MAC002567,1487,495,357.7620003000004,87.42699990000007,3.6659998,1488,496,307.352000000001,71.38799999999999
MAC002569,1487,495,547.5540000999996,101.02699999999986,1.71,1488,496,420.4600004000001,78.2469999999999
MAC002570,1487,495,648.1139996000006,119.95900000000013,1.73,1488,496,270.9230001999997,60.053000000000004
MAC002571,1487,495,267.0819998000004,50.74599999999994,0.978,1488,496,234.97800000000004,51.08200000000005
MAC002572,1484,495,55.693000000000275,16.953999999999954,0.156,1488,496,57.2689999999999,18.310999999999993
MAC002573,1487,495,160.73599999999948,42.36699999999997,1.602,1488,496,117.18600000000036,35.91599999999999
MAC002575,1487,495,283.1560000999996,36.167999999999985,1.384,1488,496,161.39599999999925,38.50600000000002
MAC002576,1487,495,302.5910001000002,93.67600009999984,2.602,1488,496,251.25199989999965,54.03599979999995
MAC002577,1487,495,162.00500000000002,29.651999999999976,0.478,1488,496,24.792999999999903,8.38099999999999
MAC002579,1486,495,241.0989999999998,54.92999999999993,0.498,1487,496,218.90700000000027,53.9949999999999
MAC002580,1487,495,83.47800000000034,12.736999999999972,0.188,1488,496,69.83100000000054,12.011999999999965
MAC002581,1487,495,82.97500000000045,30.985000000000067,0.814,1488,496,146.39899999999972,48.911999999999914
MAC002582,1487,495,350.76999999999975,52.31299999999992,1.154,1488,496,235.35899989999982,35.709999999999994
MAC002583,1487,495,484.66099980000024,53.79700000000002,1.646,1488,496,293.5199998999994,54.07400000000003
MAC002584,1487,495,337.2759999000007,63.507999899999945,2.2679998,1488,496,201.0069997999999,42.55400000000006
MAC002587,1487,495,171.9740000000006,18.402,1.546,1488,496,122.45100010000006,16.154
MAC002588,1487,495,273.1390000000005,49.399999999999906,1.892,1488,496,256.5779999999997,71.82700000000004
MAC002590,1472,485,1938.7410008000008,300.4119999000002,3.5380002,1488,496,818.1929997000011,187.1590001
MAC002591,1487,495,331.04800009999946,87.26200000000006,1.374,1488,496,193.15200000000053,46.440999999999995
MAC002592,1487,495,680.7840002999988,214.85999990000016,2.316,1488,496,258.1299999999997,60.865000000000045
MAC002594,1487,495,0.059000000000000004,0.0,0.0,1488,496,0.0,0.0
MAC002595,1487,495,311.3229995999998,30.634999999999977,1.26,1488,496,214.87299999999988,38.81100000000001
MAC002597,1487,495,85.9700004000003,34.59599999999994,3.202,1055,351,70.49199989999994,25.46799989999998
MAC002598,1487,495,47.891000000000034,6.5749999999999975,0.554,1488,496,44.221000000000124,4.866999999999989
MAC002599,1487,495,430.389,81.06299999999993,2.128,1488,496,218.22700000000128,62.71999999999997
MAC002600,1487,495,499.2509999,153.54099999999994,1.544,1488,496,490.13000009999934,143.1889999999999
MAC002601,1487,495,1386.1980011000007,278.13300019999974,8.342,1488,496,543.7459997,154.6079998999999
MAC002603,1487,495,516.4960001000009,43.009999899999954,2.392,1488,496,279.55600009999984,30.769000000000002
MAC002605,1487,495,616.0529997999987,195.04700019999987,3.428,1488,496,384.1799999000001,157.63399989999985
MAC002606,1487,495,370.9560000999996,74.01100000000001,1.7,1488,496,346.09399969999987,76.18199999999996
MAC002607,1487,495,134.10700010000124,33.826,1.586,1488,496,129.35199990000058,33.13099999999999
MAC002608,1487,495,235.2939999999997,63.959000000000024,0.864,1488,496,196.6640000000001,62.94599999999994
MAC002610,1487,495,158.71599999999947,48.41600000000007,0.536,1488,496,399.472999800001,82.69900000000005
MAC002611,1487,495,616.220999999995,122.85000000000014,5.6999998,1488,496,106.21899999999968,28.97500000000001
MAC002612,1487,495,2.7009999999999987,0.8500000000000003,0.088,1488,496,130.7470000000004,27.35899999999999
MAC002613,1487,495,1466.1230004000013,312.52800010000004,4.9060002,0,0,0.0,0.0
MAC002615,1487,495,180.00600000000043,40.68299999999991,2.484,1488,496,183.36999999999966,43.812000000000026
MAC002616,1487,495,221.23699999999997,33.77200000000007,2.886,1488,496,165.02099999999984,41.92900000000007
MAC002617,1487,495,520.5619988000007,141.11599999999993,3.684,1487,495,227.67599990000036,34.451999999999984
MAC002619,1487,495,102.56000000000039,27.028000000000006,0.37,1488,496,96.7620000000003,27.78899999999999
MAC002620,1487,495,553.0489994999994,139.95700000000002,1.45,1488,496,443.2890000000005,108.89100000000003
MAC002621,1486,495,303.87499969999965,54.18599999999999,0.82,1488,496,254.533,60.123999999999995
MAC002623,1487,495,166.05400000000034,19.888999999999992,0.69,1488,496,150.83899979999995,26.204999999999988
MAC002624,1487,495,116.77500000000063,15.35399999999999,0.3,1487,496,39.58500000000018,12.262999999999971
MAC002626,1487,495,688.3249993000003,225.52999960000034,4.396,1488,496,545.7409986000011,122.00499980000002
MAC002627,1487,495,1731.1890011999988,331.46000010000006,8.382,1488,496,1424.2109991000038,316.3269999999997
MAC002628,1487,495,2756.3929948000005,811.7559995000003,6.5960002,1487,495,716.4969999000004,204.70100000000016
MAC002629,0,0,0.0,0.0,,1488,496,116.8940000000002,34.98800000000005
MAC002630,1487,495,334.2700003000003,48.03200009999996,2.352,1488,496,277.654,51.869000000000064
MAC002631,1487,495,196.12299979999995,19.282999999999998,0.282,1488,496,119.37000000000022,20.488000000000007
MAC002632,1487,495,152.7530000000003,36.795999999999985,1.66,1488,496,109.34900000000023,23.087000000000028
MAC002635,1487,495,745.1379999000015,80.81300009999995,2.076,1488,496,821.518000300001,77.21499999999983
MAC002636,1487,495,141.71000000000012,19.986999999999995,0.296,1488,496,117.61000000000048,23.192999999999962
MAC002637,1487,495,248.8580001000002,60.10000000000003,1.89,1487,496,203.22899999999998,65.44800000000005
MAC002638,1484,495,142.2860000000001,18.891999999999996,0.4,1488,496,150.32299990000013,19.358999999999977
MAC002639,1487,495,629.2920000999989,130.35299999999995,2.616,1486,496,470.64099990000057,84.80300000000001
MAC002640,1487,495,359.5510000000004,59.84600000000004,1.292,1487,496,297.6490000999999,62.552999999999976
MAC002641,1487,495,618.3930000999992,127.24300000000004,3.858,1488,496,585.6930004999999,131.81400000000008
MAC002642,1487,495,73.09299999999996,19.66999999999998,0.218,1488,496,72.15899999999998,18.313000000000002
MAC002643,1487,495,147.95500000000013,36.18300000000001,0.378,1488,496,154.67299999999994,47.61500000000004
MAC002644,1486,495,1008.591000900001,318.77099979999986,7.5560002,1488,496,568.3640004999997,145.77800029999995
MAC002646,1486,495,215.03299999999984,40.689,0.758,1488,496,201.00400000000013,42.831
MAC002647,1487,495,598.6139998999994,168.64000009999998,2.2,1487,496,167.23899990000004,34.77199999999995
MAC002648,1487,495,515.3240008999986,54.67100000000008,1.434,1488,496,299.93299980000074,74.26999999999988
MAC002649,1487,495,893.295000100002,96.01099999999997,2.276,1488,496,745.3429988000001,63.88100000000002
MAC002650,1487,495,180.07800019999976,36.30400000000001,0.49,1487,496,241.05500000000055,48.86500000000005
MAC002651,1487,495,74.70700000000019,13.84399999999996,0.316,1440,480,96.10899999999982,28.165
MAC002652,1487,495,342.64100009999953,139.4300001,2.35,1488,496,254.3320000999999,94.23400010000005
MAC002653,1487,495,275.66099999999983,46.352000000000054,0.76,1488,496,253.90399999999968,54.29800000000001
MAC002654,1487,495,223.00099979999993,53.41599999999998,1.032,1487,495,125.18399999999995,31.98599999999998
MAC002655,1487,495,317.24900010000016,80.59,2.27,1488,496,278.9819999000003,69.00299999999996
MAC002656,1486,495,213.71400030000035,50.422999999999945,1.666,1488,496,203.72499999999923,49.62000000000001
MAC002657,1487,495,204.52700009999978,43.09199999999998,1.408,1488,496,140.4270000000002,32.15999999999999
MAC002658,1487,495,287.996,57.505000000000045,0.942,1487,496,218.79600000000013,54.155000000000086
MAC002659,1487,495,244.72500010000044,24.13599999999997,0.97,1488,496,155.58500000000006,20.39099999999998
MAC002660,1487,495,180.61699999999996,64.81900000000003,1.168,1488,496,114.38199999999966,28.065000000000026
MAC002661,1487,495,78.70200000000024,9.720999999999993,0.388,1488,496,92.38300000000038,11.930000000000009
MAC002662,1487,495,236.57799999999955,61.10699999999996,0.908,1488,496,272.0160000000003,96.01500030000001
MAC002663,1487,495,447.6539999999999,132.59299989999997,3.5079998,1488,496,376.2439999999998,98.3990000000001
MAC002664,1487,495,133.83499999999978,33.13000000000001,0.644,1488,496,97.62300000000008,23.643999999999988
MAC002666,1487,495,708.2169999000002,187.938,1.366,1488,496,677.9689997000008,178.0400000000002
MAC002667,1486,494,431.4559995999998,106.06199999999994,0.896,1488,496,538.3450002000008,157.251
MAC002669,1482,495,455.39699999999954,71.00500000000005,2.718,1488,496,302.0889995000002,66.24600000000001
MAC002670,1487,495,13.276999999999761,3.5210000000000083,0.03,1488,496,135.71900000000034,26.61299999999995
MAC002671,1487,495,322.4170005999999,57.07999999999999,2.402,1483,496,185.73500000000004,33.94899999999994
MAC002674,1487,495,79.87100000000021,11.711999999999968,0.188,1488,496,65.90700000000024,10.953999999999974
MAC002676,1487,495,184.25600009999994,35.41199999999999,0.542,1488,496,121.62000000000029,31.942999999999913
MAC002681,1487,495,138.92200000000008,23.253999999999987,0.656,1488,496,112.55300000000021,25.443999999999992
MAC002682,1487,495,467.1270001999996,68.30000000000007,1.314,1487,495,313.44500000000056,65.66599999999993
MAC002683,1487,495,328.36499989999993,65.03900000000004,0.702,1487,496,356.1829998000005,97.13300000000005
MAC002684,1487,495,119.47200000000032,18.959999999999994,0.55,1488,496,91.14900000000026,17.441000000000003
MAC002685,1487,495,236.48499989999993,35.199999999999946,1.698,1488,496,111.90999999999994,22.576000000000004
MAC002687,1487,495,241.55499999999984,67.55400000000006,1.09,1488,496,192.69000000000005,51.66999999999997
MAC002688,1487,495,468.0310003000001,147.89100009999993,3.3900002,1488,496,285.8140000000002,88.21999999999993
MAC002689,1487,495,254.33299999999966,38.645999999999944,0.602,1488,496,185.83399999999978,43.92800000000001
MAC002691,1487,495,281.53100010000026,68.24500000000003,1.102,1488,496,122.80300000000045,29.402999999999913
MAC002693,1487,495,343.1810000000004,66.13999999999993,1.734,1487,496,270.9990000000004,34.80599999999996
MAC002696,1486,495,78.92700000000032,28.591999999999945,2.004,1488,496,51.100000000000016,17.045000000000016
MAC002697,1487,495,92.11000000000045,25.674000000000014,0.45,1488,496,86.21200000000006,24.146999999999988
MAC002698,1487,495,336.87300000000005,57.33200000000004,2.062,1488,496,288.775,81.971
MAC002699,1487,495,267.10599980000035,36.64999999999996,1.836,1488,496,201.28300020000066,56.609000400000035
MAC002700,1486,495,213.27099979999986,34.19499999999998,1.462,1488,496,205.2910002000001,39.782999999999944
MAC002702,1486,495,493.3349996,136.14800000000008,2.96,1488,496,477.5529999999995,124.371
MAC002703,1487,495,438.33900070000016,87.431,1.954,1488,496,345.48100009999985,84.82000010000002
MAC002704,1487,495,439.7849998999999,119.63400000000009,1.65,1488,496,279.7870001,74.00499999999992
MAC002705,1487,495,174.42000009999978,34.78400000000002,0.564,1487,496,147.21800000000002,36.23099999999994
MAC002706,1486,494,382.76600020000035,43.483999999999995,1.604,1486,496,192.53799990000024,45.986000000000004
MAC002707,1487,495,139.3829999999994,46.005000000000045,0.502,1488,496,124.87499999999989,42.18200000000006
MAC002708,1487,495,291.2120001999999,52.91400000000001,2.046,1488,496,204.67500010000012,49.20499999999999
MAC002709,1487,495,654.823999800001,128.2929999999999,3.196,1488,496,465.5019997999994,110.59699999999991
MAC002711,1487,495,100.19000000000047,30.677999999999958,0.67,1488,496,93.90000000000042,23.205000000000002
MAC002714,1487,495,374.8399998999998,42.77799999999999,2.128,1488,496,265.48199999999963,43.954000000000015
MAC002715,1487,495,141.53499980000055,20.13899999999998,0.532,1488,496,97.07600000000075,25.04399999999999
MAC002716,1487,495,93.56300000000037,23.631,1.354,1488,496,156.92200000000025,48.285999999999966
MAC002717,1487,495,140.3440000000001,46.202,1.684,1487,496,100.7249999999999,33.423999999999985
MAC002718,1487,495,399.4579995000002,37.891,1.254,1488,496,204.32299999999924,32.52499999999999
MAC002719,1486,495,373.4209998999997,56.050000000000026,1.764,1488,496,250.92999999999964,36.591
MAC002720,1487,495,377.338000000001,173.01300000000003,1.398,1488,496,134.43799999999996,35.49100000000002
MAC002721,1487,495,306.36499990000016,68.11999989999995,2.1559998,1488,496,115.6930000000001,26.958999999999993
MAC002723,1487,495,447.44300009999984,136.30300010000008,2.5280002,1488,496,335.5840000999998,105.49899999999997
MAC002724,1487,495,1005.4279999000007,186.38499989999988,3.552,1487,496,15.007999999999981,5.015999999999993
MAC002725,1487,495,853.5469997999992,135.38600010000008,4.296,1488,496,483.4949997,127.00300000000013
MAC002727,1439,479,436.19900029999985,67.38600009999996,2.2780002,1344,448,231.16499990000025,51.26499999999995
MAC002729,1487,495,244.39900010000034,47.517000000000046,1.212,1488,496,172.31399999999994,37.19500000000002
MAC002730,1487,495,433.5779997000008,74.41700010000002,3.114,1488,496,271.6219999,63.085000000000065
MAC002731,1487,495,182.1290005000003,28.82099999999998,1.704,1488,496,168.77400009999997,34.249
MAC002733,1487,495,231.9010001,43.71699999999999,1.38,1488,496,186.08899990000015,41.973
MAC002734,1487,495,247.90000000000003,42.46999999999998,0.47,1488,496,257.3100000000003,59.88200000000004
MAC002735,1487,495,262.8860000000003,56.01000000000003,1.016,1487,496,194.73900000000026,28.38399999999999
MAC002736,1487,495,95.93700000000021,26.251,1.244,1488,496,111.4850000000004,35.748999800000036
MAC002737,1487,495,216.03499999999997,51.624000000000024,1.324,1488,496,175.26300000000015,44.83300000000006
MAC002739,1486,494,495.84500050000037,52.712000000000074,1.52,1488,496,352.5379997999998,52.29699999999998
MAC002740,1487,495,813.2830001000004,326.6060003000003,4.0380002,1487,496,571.9380000000009,216.69299999999993
MAC002742,1487,495,340.0039999000004,119.7899998999999,2.744,1488,496,305.545,99.12199999999993
MAC002743,1487,495,285.75499989999963,88.6159998,2.384,1488,496,264.7379999999996,93.43999999999997
MAC002744,1487,495,30.7819999999995,10.155000000000005,0.15,1488,496,25.55599999999928,8.551000000000029
MAC002745,1487,495,244.27099999999984,58.70700000000002,1.124,1488,496,134.93199999999987,36.96700000000002
MAC002746,1487,495,120.6550000000004,35.633999999999986,0.788,1488,496,67.07699999999994,25.55299999999999
MAC002747,1486,494,22.75700000000003,7.434999999999986,0.152,1488,496,296.7079999,49.64600000000005
MAC002748,1487,495,155.9250000000003,15.664999999999978,0.748,1488,496,142.02700000000038,21.598999999999997
MAC002749,1487,495,399.84499909999994,50.63100000000001,3.604,1488,496,236.89100010000035,64.66900019999996
MAC002750,1486,495,90.36000000000053,22.457,0.492,1487,495,68.28200000000007,17.241999999999965
MAC002751,1487,495,551.8670002999999,85.62799999999996,1.938,1488,496,410.50199970000034,74.80400000000007
MAC002752,1487,495,102.48200010000023,21.756999999999987,0.54,1488,496,106.34200000000008,24.46699999999998
MAC002753,1487,495,168.71900000000025,28.069999999999986,0.412,1488,496,108.11599999999957,33.75900000000002
MAC002754,1487,495,968.5169992,297.28399980000023,2.612,1487,496,190.0300000999991,33.124000000000066
MAC002755,1487,495,737.8259999999992,242.08699999999993,2.554,1488,496,359.4119999000001,129.56700000000006
MAC002756,1487,495,138.27199990000068,39.48399999999996,1.682,1488,496,127.71099999999959,41.340999999999966
MAC002757,1486,495,673.8880007000001,93.71400000000013,2.602,1488,496,581.8410003999995,90.17799990000006
MAC002759,1487,495,519.0989994000001,82.77999999999993,2.672,1488,496,322.09200019999986,72.63699999999987
MAC002760,1487,495,345.2709997999997,63.626999999999946,0.844,1488,496,290.9079999999996,79.116
MAC002761,1479,495,43.55200000000011,12.023999999999976,0.154,1488,496,49.33399999999969,16.068000000000012
MAC002762,1487,495,112.38700000000021,20.665999999999993,0.352,1488,496,109.2240000000001,23.039999999999985
MAC002763,1487,495,627.1990001999997,76.7799999999999,2.134,1488,496,357.8930001999999,76.05500000000005
MAC002764,1487,495,188.5659996999998,48.768000000000015,1.87,1488,496,166.50400000000027,54.896999999999956
MAC002766,1487,495,90.6069999999998,19.549000000000003,0.566,1488,496,81.34099999999997,18.622000000000003
MAC002767,1487,495,163.06500000000023,36.39799999999996,1.568,1488,496,105.01800000000031,33.56399999999998
MAC002768,1487,495,313.0620000000004,40.73300000000003,0.582,1486,496,256.3669999999996,56.11700000000008
MAC002770,1486,494,655.7059998999999,104.60600000000002,3.0639998,1488,496,426.4850002000007,91.14099999999996
MAC002771,1487,495,0.0,0.0,0.0,1488,496,86.89500000000018,26.94799999999995
MAC002772,1485,494,181.57999979999994,32.24699999999997,0.692,1488,496,129.67000000000064,25.272999999999975
MAC002773,1487,495,212.6879999999995,22.963,0.71,0,0,0.0,0.0
MAC002775,1487,495,287.34000000000003,72.33700000000003,2.128,1488,496,275.27600000000024,59.41199999999998
MAC002776,1487,495,506.17500050000024,72.10200000000005,1.96,1488,496,296.0860000000004,43.55499999999999
MAC002777,1487,495,255.06400000000008,37.133999999999965,0.542,1488,496,166.6429999999998,31.172000000000004
MAC002778,1487,495,496.89900030000047,66.15900000000006,1.678,1488,496,300.6859996000004,67.14399989999993
MAC002779,1487,495,122.20799999999991,34.360999999999976,0.36,1488,496,93.92200000000001,23.271999999999995
MAC002780,1486,494,371.4150000000004,87.57199999999983,0.968,1488,496,421.5379999,115.11500000000015
MAC002781,1487,495,129.5990000000003,23.56799999999999,0.37,1488,496,119.95399999999957,32.482000000000006
MAC002782,1487,495,325.0669998000001,67.86000000000001,2.56,1488,496,321.81800009999984,105.87399989999996
MAC002783,1487,495,391.7599994000003,61.52699999999997,1.078,1488,496,257.7199999999998,53.27899999999998
MAC002784,1487,495,296.9510006,47.051000100000074,2.598,1488,496,196.03000020000025,24.180000000000014
MAC002785,1487,495,406.12399980000043,126.43300000000004,7.4619998,1488,496,271.8530000000003,75.1360000000001
MAC002787,1487,495,353.6329999000001,45.017,1.53,1488,496,154.30399999999986,32.36999999999995
MAC002788,1487,495,208.94399999999985,54.237000000000045,0.594,1488,496,194.50600000000026,54.84399999999994
MAC002789,1487,495,255.2620001,53.99599999999995,2.304,1488,496,198.56300000000022,57.357000000000006
MAC002790,1487,495,461.0129997000005,49.18799999999991,2.054,1488,496,326.5119996999997,60.59200000000001
MAC002791,1487,495,148.0000000000001,27.788999999999966,0.558,1488,496,138.96300000000028,37.59999999999999
MAC002793,1486,495,341.16300020000017,57.79100000000001,1.056,1487,496,382.07099999999906,89.31600000000006
MAC002796,0,0,0.0,0.0,,1488,496,239.3180000000003,55.31199999999994
MAC002799,1487,495,329.0890000000015,96.94899999999997,1.916,1488,496,307.9629999999999,71.4209999999999
MAC002801,1480,495,185.91200000000012,47.18900000000002,0.682,0,0,0.0,0.0
MAC002802,1486,495,394.50200039999976,54.732000099999944,3.3900002,1488,496,220.3379999000001,54.6080000000001
MAC002803,1487,495,243.08100000000002,49.6570000000001,0.904,1488,496,204.90100000000044,41.89800000000012
MAC002804,1486,495,512.6419999999991,89.01600000000015,3.368,1488,496,459.1020000000022,92.08399989999991
MAC002805,1487,495,418.7880000000008,85.99200000000002,1.39,1488,496,422.1580002000008,93.84899999999996
MAC002806,1487,495,311.04399980000056,54.83200000000001,0.924,1488,496,164.88299990000036,25.45999999999996
MAC002807,1486,495,500.10000069999927,95.13199990000017,3.5179998,1488,496,360.7269999999995,111.19600010000026
MAC002808,1487,495,363.22599960000036,55.58000000000006,1.634,1488,496,285.54400010000035,64.59699999999991
MAC002810,1487,495,372.86400000000003,80.82600000000002,3.348,1488,496,343.46599980000013,75.4769999999999
MAC002812,1487,495,254.11700000000002,57.15100000000004,2.09,1488,496,229.93100000000004,63.84499999999999
MAC002813,1487,495,282.58199989999997,42.905999999999985,0.9,1488,496,159.8380000000002,36.89500000000004
MAC002815,1484,493,86.86100000000029,17.360000000000017,0.408,0,0,0.0,0.0
MAC002816,1487,495,221.51200000000034,48.88400000000006,2.09,1488,496,220.00899999999987,67.95100000000004
MAC002817,1475,483,407.5409999000006,53.93100000000007,1.626,1488,496,377.03999980000066,71.93000019999998
MAC002818,1487,495,547.2649999999994,139.2259998000001,2.6099998,1488,496,510.948,148.019
MAC002819,1485,495,326.2399998,69.75800000000008,2.338,1487,496,334.52000009999983,75.41200000000003
MAC002820,1487,495,502.98300020000096,67.30199999999995,2.7,1488,496,351.51299989999876,93.6149999999999
MAC002821,1487,495,303.48099999999926,73.66600000000005,1.01,1488,496,191.87000000000032,35.36300000000004
MAC002822,1487,495,152.10399999999936,39.27800000000003,0.324,1488,496,131.8669999999996,43.79500000000004
MAC002823,1487,495,638.9859996999985,107.22800000000002,2.75,1488,496,552.9560002000001,131.46999999999994
MAC002824,1487,495,671.7490013000004,61.322,2.95,1488,496,330.4879999000002,54.14499999999998
MAC002825,1343,447,353.90899969999947,26.25900000000003,1.36,1488,496,187.0180001000001,25.82399999999998
MAC002828,1487,495,532.1229999000007,53.23100000000001,2.022,1488,496,238.97599999999971,44.53599999999999
MAC002829,1487,495,486.9180003000004,77.20799989999999,3.112,1487,496,291.4429999999997,57.11099999999997
MAC002830,1487,495,58.537999999999975,13.485999999999999,0.21,1487,496,48.549999999999926,13.990999999999996
MAC002831,1487,495,133.97600000000048,32.83299999999995,0.518,1488,496,133.77699999999987,43.30600000000003
MAC002832,1439,479,149.48499999999984,28.04000000000003,0.47,1488,496,148.37899999999985,42.79600000000002
MAC002834,1487,495,299.41600009999974,52.02399999999997,1.446,1488,496,251.26100000000025,69.85899999999997
MAC002835,1487,495,95.70700000000016,30.078999999999947,0.278,1009,337,12.741999999999994,0.6210000000000004
MAC002837,1487,495,274.4790000000001,60.395000000000046,0.724,1488,496,209.02200000000005,56.50299999999988
MAC002838,1487,495,293.3789999999997,48.015,1.798,1440,480,189.32199999999997,27.548
MAC002840,1487,495,513.0439989000005,84.90500010000004,6.592,1487,496,765.6659997999993,155.61700020000012
MAC002841,1487,495,175.8510000000002,42.551999999999964,0.71,1488,496,64.55199999999996,18.07899999999999
MAC002842,1392,464,126.58600020000043,28.618000199999997,3.6,0,0,0.0,0.0
MAC002843,1487,495,185.35999999999993,53.57800000000001,0.428,1487,495,232.33600000000033,66.72799999999994
MAC002844,1487,495,772.5530001000009,165.62600030000021,4.6220002,336,112,137.5709998,34.39400009999999
MAC002846,1487,495,239.52999999999983,43.55900000000001,1.274,1440,480,274.1129997999999,60.87799989999997
MAC002847,1487,495,221.6050000000002,34.800000000000004,1.032,1474,493,60.83199999999994,14.49099999999998
MAC002849,1487,495,1519.1360008000026,185.35899979999994,4.1399998,1488,496,1496.8669996999981,442.67799980000075
MAC002850,1487,495,129.75400000000008,17.739999999999952,0.33,1488,496,128.27200000000002,27.079999999999995
MAC002851,1487,495,1029.1069995999992,233.0930000000002,3.248,1488,496,422.4259998000007,118.04099999999985
MAC002852,1486,494,1856.9499998000015,543.9989995000001,8.0319996,1487,496,239.84499989999992,54.58000000000005
MAC002853,1487,495,427.1060001,64.72699999999995,2.698,1488,496,450.50699999999944,96.91099989999994
MAC002854,1487,495,225.39499969999983,23.252,3.024,1488,496,160.39600009999972,28.985000000000046
MAC002856,1487,495,534.0200006999995,61.47800009999997,2.918,1488,496,420.3560000999996,50.314999900000025
MAC002857,1487,495,193.847,42.68899999999996,0.908,1488,496,131.475,37.827
MAC002858,1487,495,57.48099999999996,3.2979999999999974,0.408,1488,496,38.589000000000084,4.3669999999999956
MAC002859,1487,495,482.4799990999995,50.78799999999989,2.088,1488,496,231.01399990000039,44.04599999999995
MAC002860,1487,495,252.62699999999998,74.98600000000002,1.158,1488,496,162.1190000000001,49.383
MAC002862,1487,495,891.3949995999983,28.30799999999999,0.35,1488,496,284.77500010000006,32.255000000000024
MAC002863,1487,495,100.61800000000042,16.981999999999967,0.212,1488,496,80.99499999999995,15.649999999999972
MAC002865,1487,495,779.7240002000005,120.40999999999994,3.692,1488,496,766.7099996000005,112.9109999
MAC002866,1487,495,263.2169997000002,29.97400000000003,2.362,1487,496,155.8829999999999,41.96300000000001
MAC002867,1487,495,145.98599999999956,48.40599999999996,0.332,1488,496,3.994999999999969,1.1679999999999975
MAC002870,1487,495,180.17800000000014,60.22499999999996,0.872,1488,496,138.90199999999976,47.95900000000006
MAC002871,1487,495,287.9459998999997,56.56899999999991,3.328,1487,495,225.8969999999998,52.28200000000004
MAC002872,1487,495,2948.487999800001,972.6770015999999,7.3520002,1488,496,297.75099989999956,99.2109999
MAC002873,1487,495,153.14800000000022,48.56399999999999,0.458,1488,496,1.2670000000000003,0.206
MAC002875,1487,495,235.8969998000001,81.18600000000006,0.88,1486,496,176.93500000000023,66.35700000000001
MAC002876,1487,495,259.6030000999993,79.9169999999999,2.342,1488,496,180.0400000000001,52.16100000000009
MAC002877,1487,495,228.9909997999999,36.634,1.85,1488,496,136.57399999999964,38.82400000000003
MAC002878,1487,495,357.6170000999998,95.35899999999991,1.76,1488,496,228.74899999999985,61.95900000000007
MAC002880,1487,495,594.4739987000007,188.2110000999999,3.092,1487,496,203.3809996999996,42.728999900000005
MAC002882,1486,495,93.39800000000014,20.04200000000001,0.538,1484,496,79.13500000000026,21.677999999999955
MAC002883,1487,495,380.7849999000002,53.14500000000001,1.006,1488,496,326.7639999999999,62.84299999999998
MAC002884,1486,495,449.06800000000015,121.60299989999999,2.562,1488,496,386.8030001000003,113.72400000000003
MAC002885,1487,495,484.54799999999966,67.80000000000005,2.0,1488,496,37.37200000000024,10.143999999999965
MAC002887,1487,495,349.41600029999995,106.77200020000002,3.85,1487,496,256.59099989999993,66.51600000000002
MAC002888,1487,495,102.74800010000051,20.86599999999995,1.694,1487,495,87.99700000000045,20.867999999999988
MAC002889,1487,495,196.0520000000001,27.199999999999985,0.498,1488,496,124.22700000000007,31.50400000000004
MAC002890,1487,495,77.01600000000015,14.273000000000058,0.418,1488,496,50.771999999999856,9.70999999999999
MAC002892,1487,495,281.18000020000034,42.748999999999995,2.44,1488,496,220.17300000000031,56.50600000000001
MAC002893,1487,495,304.3140001000001,44.907999999999966,0.596,1488,496,222.6779999999997,46.13799999999995
MAC002896,1484,494,595.6100004,84.11100000000005,1.084,1488,496,432.74399990000046,104.05099999999976
MAC002898,1487,495,43.954000000000065,8.948999999999995,0.154,1482,496,62.60400000000014,18.53000000000001
MAC002899,1487,495,108.9669999999999,22.72700000000004,0.266,1488,496,113.54899999999977,23.701000000000008
MAC002900,1487,495,448.29200009999954,120.682,3.192,1486,496,348.1889999999997,95.6660000000001
MAC002902,1487,495,201.15999960000062,30.949000000000023,1.896,1488,496,153.29600009999987,33.54299999999995
MAC002903,1487,495,403.9400000000003,111.70900000000007,1.36,1486,496,314.0120000000001,85.46700000000006
MAC002904,1487,495,175.1599999999999,48.51700000000008,0.766,1488,496,175.91699999999983,49.40400000000008
MAC002905,1487,495,33.36299999999991,9.235000000000003,0.198,1488,496,62.33099999999995,12.364999999999979
MAC002906,1487,495,258.63899999999956,61.291999999999945,1.454,1488,496,203.86199999999977,52.97800000000004
MAC002907,1487,495,330.45499990000036,77.72300000000004,2.086,1487,495,311.1760001000001,86.09100009999986
MAC002908,1487,495,331.7810002000001,92.6470001000001,4.0840002,1487,496,177.1249999999998,38.126999999999995
MAC002911,1487,495,162.58899999999977,32.19400000000007,0.304,1488,496,169.24799999999988,38.51699999999989
MAC002912,1487,495,522.9199998000004,137.32500010000004,2.54,1488,496,557.971000199999,176.3170001000001
MAC002913,1487,495,1518.7189994999983,560.1910001000001,4.9180002,1488,496,324.9080002000004,120.44900019999994
MAC002914,1487,495,230.893,73.36999999999995,1.482,1488,496,140.20199999999966,44.524999999999984
MAC002916,1486,495,120.79100000000024,21.010999999999978,0.332,1487,496,160.947,33.80800000000004
MAC002917,1487,495,204.34399999999982,43.789,1.136,1488,496,204.58200000000022,55.655
MAC002919,1487,495,695.4859995000018,72.80500000000009,2.162,1488,496,55.335999999999956,13.818999999999987
MAC002920,1487,495,990.9580007000014,67.78299999999997,2.546,1488,496,250.5630001000005,98.89399999999989
MAC002921,1487,495,255.8509999,88.52599999999997,1.47,1488,496,210.50400000000053,73.13700000000001
MAC002922,1487,495,237.75000010000022,41.662000000000035,1.446,1488,496,151.2399999999998,29.35999999999998
MAC002923,1487,495,1280.5039997000013,315.6989995999997,5.494,1488,496,425.4919998000001,87.66699999999997
MAC002924,1487,495,609.419000399999,106.45299999999992,2.076,1488,496,464.7150000000001,120.05200000000005
MAC002928,1487,495,335.8830002999997,51.363999999999976,1.836,1487,495,102.62500000000009,37.123999999999995
MAC002929,1487,495,412.33000000000004,96.15099999999977,1.158,1488,496,293.123,68.80899999999994
MAC002933,1487,495,171.35900000000063,33.53099999999992,1.018,1484,494,144.97600000000003,31.156999999999954
MAC002934,1487,495,189.81900010000052,40.26799999999998,1.532,1488,496,285.4119999,65.53999999999988
MAC002936,1486,495,258.1240000000002,62.374,0.746,1467,495,258.162,63.63300000000001
MAC002937,1487,495,500.93700000000047,122.78099999999998,1.718,1488,496,370.1569999000004,89.69399990000005
MAC002938,1487,495,192.20599990000036,55.8139999,3.504,1488,496,173.46699989999982,51.98099999999997
MAC002939,1484,495,309.18400020000064,36.17799999999997,1.888,1488,496,238.43499999999986,31.336000000000016
MAC002940,1487,495,44.03400000000001,10.696999999999987,0.17,1488,496,65.164,14.311999999999953
MAC002941,1486,495,586.7469998999997,104.3719999999999,2.728,1488,496,348.16800010000037,93.64500000000004
MAC002942,1486,494,400.1740002999994,62.04800000000002,0.956,1488,496,374.6209999000006,79.32700000000004
MAC002943,1487,495,297.6769999999995,76.36500000000001,0.968,1487,496,256.91999999999956,66.37299999999988
MAC002944,1487,495,296.60600000000034,40.66800000000004,0.698,1488,496,230.331,39.28299999999997
MAC002945,1487,495,240.2289999999998,49.47500000000003,1.606,1486,495,167.4599999999998,41.850000000000044
MAC002946,1487,495,102.5510000000005,28.349999999999994,0.624,1488,496,67.52400009999992,19.720999999999986
MAC002947,1486,495,168.6020000000001,37.378,1.39,1488,496,136.29599999999994,30.775000000000002
MAC002948,1487,495,67.01099990000003,27.81600000000002,0.552,1488,496,91.16699999999983,29.865000000000034
MAC002949,1487,495,571.7680005999995,85.35200010000007,2.9260002,1488,496,278.40300010000027,52.34000009999997
MAC002950,1486,495,454.38400019999983,102.29999999999997,2.598,1488,496,252.55399990000043,66.03199999999998
MAC002952,1487,495,433.0279998000001,72.787,4.446,1488,496,338.6240003000004,77.20699999999992
MAC002953,1486,495,969.7599997,284.33500000000004,3.29,1488,496,366.2249998000005,98.54499990000005
MAC002955,1487,495,595.4019998999992,132.5930000000001,2.826,1488,496,378.3009999000009,87.14599999999996
MAC002956,1487,495,663.4689998000014,164.01900000000003,3.634,1487,496,389.7280003000007,111.3380001
MAC002957,1487,495,137.10500000000027,15.859,0.854,1488,496,65.86200000000008,17.468000000000035
MAC002958,1487,495,263.9709994999996,43.495000000000026,0.65,1488,496,186.91999999999976,48.40100000000001
MAC002960,1487,495,370.8779999000002,59.562,0.768,1487,496,290.5830000000002,64.47700000000015
MAC002961,1487,495,306.35300000000075,76.29999999999998,0.894,1486,496,313.6710000000003,66.62999999999991
MAC002962,1487,495,722.7319997,190.74199989999997,3.02,1488,496,599.2260005999998,155.1920002
MAC002964,1487,495,133.1210000000001,25.801,0.422,1488,496,78.40699999999994,24.037999999999986
MAC002965,1486,495,471.1540002999998,105.27000000000015,2.532,1488,496,298.9510000999999,83.99500000000002
MAC002966,1487,495,200.0109999999996,29.925999999999966,1.552,1488,496,115.89000000000038,21.903999999999975
MAC002967,1487,495,138.0230000000001,20.15,0.256,1488,496,121.34700000000025,23.292999999999942
MAC002968,1487,495,180.6039999999998,23.611999999999984,0.544,1488,496,123.42699999999995,26.217999999999996
MAC002969,1487,495,671.3579998999994,111.75999980000006,3.326,1488,496,233.82899979999974,42.591000000000044
MAC002972,1487,495,163.86199999999994,34.33100000000001,1.482,1488,496,186.56999990000085,47.20200000000015
MAC002973,1487,495,371.4170002999997,96.7900000999999,3.002,1487,496,268.2319998999998,63.19700000000003
MAC002974,1487,495,306.7790002000007,64.75699999999993,2.598,1488,496,167.3479998999999,26.152999999999974
MAC002975,1487,495,160.08800010000007,31.920000000000034,0.768,1488,496,203.74699999999993,57.19800000000003
MAC002976,384,128,0.933,0.0,0.0,0,0,0.0,0.0
MAC002977,1486,495,220.7210001000001,50.56899999999993,3.562,1488,496,160.15099999999939,38.627000000000066
MAC002978,1487,495,138.26400000000004,29.454000000000068,0.546,193,65,12.419000000000006,3.457999999999999
MAC002979,1487,495,153.00200000000018,37.661000000000016,0.74,1488,496,123.97300000000008,34.93199999999999
MAC002980,1487,495,547.6189993000002,74.31899990000005,3.792,1440,480,341.8569998000008,44.17800000000004
MAC002981,1487,495,152.10999999999987,24.922000000000004,0.606,1488,496,127.2920001000009,26.763000000000012
MAC002984,1487,495,283.0389999999997,33.34799999999999,0.808,1488,496,140.772,30.95700000000002
MAC002986,1487,495,115.27600000000061,24.367999999999995,0.918,1488,496,105.39700000000026,25.920000000000012
MAC002987,1487,495,223.50499979999995,51.33800000000003,1.886,1488,496,193.75199990000002,53.313000000000024
MAC002988,1487,495,124.5450000000007,23.093999999999983,0.384,1488,496,127.34299999999965,31.467000000000013
MAC002989,1484,494,399.0710000999995,65.99100009999995,4.8920002,0,0,0.0,0.0
MAC002990,1487,495,303.3659997999999,51.681000000000104,2.764,1488,496,300.2440000000005,65.52900000000005
MAC002991,1487,495,354.58500000000026,78.65799999999993,1.018,1488,496,263.8739998999994,73.7379999
MAC002993,1487,495,255.81499999999932,82.59199999999996,0.892,1488,496,252.01000000000002,80.28199999999997
MAC002994,1487,495,270.465,35.93899999999999,1.568,1488,496,253.443,59.246
MAC002996,1487,495,321.17899999999986,45.657000000000025,1.69,1488,496,193.6739998999997,46.476999999999954
MAC002998,1487,495,759.1619996999991,150.41700020000022,2.522,1488,496,594.3830003000002,154.992
MAC002999,1486,495,458.88400029999946,192.4189999999998,2.2119998,1488,496,145.485,43.83500000000003
MAC003000,1487,495,454.1830001999998,76.21299990000004,3.226,1488,496,300.81499989999946,26.604999999999972
MAC003001,1487,495,300.44099990000007,51.54500000000005,0.752,1488,496,193.68199989999974,42.90499999999999
MAC003002,1487,495,187.80400009999974,37.64000000000004,0.472,1488,496,121.4939999999995,38.947
MAC003003,1487,495,202.78100000000032,34.25000000000002,0.268,1488,496,169.62599999999983,42.231999999999985
MAC003004,1487,495,115.79500000000006,27.44200000000004,0.558,1488,496,73.74400000000026,19.548000000000048
MAC003005,1487,495,878.3629997000004,71.96300019999998,3.832,1488,496,276.7870002000005,31.213999999999956
MAC003006,1487,495,67.28900000000024,17.52100000000001,1.742,1488,496,8.037999999999958,2.70799999999997
MAC003007,1487,495,318.45999989999996,34.89699999999999,0.614,1488,496,263.72400000000016,32.025000000000006
MAC003008,1487,495,205.7369999999996,40.43000000000004,1.204,1488,496,202.56899999999996,52.04600000000001
MAC003009,1487,495,114.09100000000012,16.012999999999998,0.456,0,0,0.0,0.0
MAC003010,1487,495,156.32200009999693,32.9269999999998,0.832,1488,496,160.12600000000015,53.64499999999991
MAC003011,1487,495,167.4490000000001,24.786000000000016,0.536,1488,496,124.9230000000004,26.67299999999997
MAC003012,1487,495,526.3469995999995,65.46500000000005,0.746,1488,496,393.1259999999998,64.35099999999996
MAC003013,1486,495,294.81599999999975,45.79399999999996,1.264,1488,496,174.6649999000002,31.087999999999944
MAC003014,0,0,0.0,0.0,,0,0,0.0,0.0
MAC003015,1487,495,295.6929998999999,21.34499999999997,0.63,1488,496,165.06300010000044,24.146999999999984
MAC003016,1487,495,330.7999999999996,73.949,1.004,1488,496,186.02800000000045,45.73899999999997
MAC003017,1484,495,66.02200000000036,12.73999999999997,0.794,1488,496,49.58000000000021,9.294999999999977
MAC003018,1487,495,925.9959984999999,164.90500010000005,3.456,1484,496,370.2140001999996,83.60399999999991
MAC003020,1487,495,317.9479996999994,30.317999999999994,0.38,1488,496,221.83500020000017,33.797000000000025
MAC003021,1487,495,143.8100000000004,33.30899999999997,0.758,1488,496,110.45400000000022,24.035000000000032
MAC003022,0,0,0.0,0.0,,0,0,0.0,0.0
MAC003023,1487,495,292.5089999999999,61.68699999999997,0.714,1488,496,171.69599999999988,35.454999999999934
MAC003024,1487,495,127.76400010000059,28.53299999999997,0.72,1488,496,109.48300010000025,29.918000000000006
MAC003025,1487,495,545.9940000999995,264.5210003000003,3.48,1488,496,579.3110002999994,289.18600000000015
MAC003026,1487,495,333.1460000000004,71.99899999999995,1.986,1488,496,384.9390000999999,98.892
MAC003027,1487,495,62.060000000000024,9.187000000000008,0.3,1487,496,65.89700000000015,12.167999999999981
MAC003028,1486,495,730.3400000999997,228.77799999999993,3.7320002,1488,496,274.79199999999986,81.25599999999997
MAC003029,1487,495,221.31600000000003,30.567000000000018,0.656,1488,496,234.21300000000036,51.540999999999954
MAC003030,1487,495,93.21800000000019,12.75899999999998,0.234,1487,496,72.677,14.213999999999993
MAC003031,1487,495,32.956999999999965,4.124999999999996,0.214,1488,496,14.046,2.8379999999999987
MAC003032,1487,495,349.2789996000001,66.62499989999998,2.2679998,1488,496,236.44400009999978,54.121000000000066
MAC003033,1487,495,506.0540004000002,66.93500000000013,1.948,1487,496,249.51800020000042,55.819000000000095
MAC003034,1487,495,254.91199999999992,70.52599999999991,1.256,1488,496,230.89200000000008,78.00099999999995
MAC003036,1487,495,173.38100000000045,28.347999999999985,0.608,1488,496,137.73199999999986,29.199000000000005
MAC003038,1487,495,267.4629996999998,25.21800000000002,0.532,1488,496,111.36100000000076,19.509000000000015
MAC003039,1487,495,258.7840001000001,63.19200000000003,0.662,1488,496,236.49699999999999,52.58100000000008
MAC003040,1487,495,320.3789999999999,101.70800000000014,1.938,1488,496,289.2880000000002,99.19700000000003
MAC003041,1487,495,166.98600020000018,25.28500000000001,0.446,1487,496,176.3370000000004,30.633999899999978
MAC003042,1487,495,212.83199989999977,42.46700000000003,1.01,1488,496,265.4670001000009,56.02500000000003
MAC003046,1487,495,144.28799999999998,35.373000000000005,0.82,1488,496,150.76900010000023,34.459
MAC003048,1487,495,148.58200000000036,22.403999999999996,0.336,1488,496,149.95399999999995,32.400999999999996
MAC003050,1487,495,280.37799989999974,42.07700000000004,0.938,1488,496,199.782,48.44799999999997
MAC003051,1487,495,358.6299999000002,62.30300000000009,1.642,1488,496,340.8209999000001,80.36099999999979
MAC003052,1487,495,357.28,106.33099999999992,0.944,1487,496,75.07700000000014,20.857999999999986
MAC003053,1487,495,343.73100010000076,46.45900000000002,0.878,1488,496,213.93099999999987,38.71900000000001
MAC003054,1485,495,148.86400000000023,34.65199999999999,0.416,1488,496,118.41099999999955,31.463000000000058
MAC003056,1487,495,128.56899999999976,22.098000000000003,0.514,1488,496,120.73400009999969,27.405000000000022
MAC003057,1487,495,117.91700000000031,21.868,0.49,1475,496,110.53000000000002,21.794999999999998
MAC003058,1485,494,358.20400009999923,129.89999999999992,2.102,1488,496,64.3269999999999,17.488000000000028
MAC003059,1487,495,154.46099999999996,38.456999999999965,0.408,1488,496,203.1519999999998,55.173
MAC003060,1487,495,200.0570001999996,28.752999999999957,1.544,1488,496,141.71399990000006,24.805999999999976
MAC003062,1487,495,103.41700000000024,24.650999999999964,0.224,1488,496,62.45200000000017,10.997999999999983
MAC003063,1487,495,303.4330001000003,74.51499999999996,2.796,1488,496,195.7829998999996,53.09099999999997
MAC003064,1487,495,246.35900009999978,82.44200000000006,2.4260002,1488,496,294.17499999999984,104.6159999999999
MAC003065,1487,495,710.6820010999992,87.915,3.04,1488,496,468.21000019999934,84.59499999999998
MAC003066,1487,495,331.7569999999994,39.513000000000055,1.798,1488,496,146.5510001,27.26500000000001
MAC003067,1487,495,511.3749999999994,104.23199980000004,4.718,1487,496,349.59300009999976,79.89299999999986
MAC003070,1487,495,279.7759999999998,83.02300000000005,0.898,1488,496,239.18099999999964,79.07799999999995
MAC003071,1484,495,206.39399979999982,30.644999999999964,2.384,0,0,0.0,0.0
MAC003072,1486,495,827.7779996999996,116.54499999999983,1.706,1488,496,413.4610000999993,69.24799999999996
MAC003073,1487,495,240.3169999999997,47.37399999999996,1.328,1488,496,225.86500000000032,50.189999999999976
MAC003074,1487,495,146.6360000000003,28.18999999999999,0.954,0,0,0.0,0.0
MAC003075,1487,495,142.63299990000007,17.564999999999976,0.574,1488,496,80.06200000000003,16.575999999999986
MAC003076,1487,495,478.1650000999996,86.77700000000007,2.22,1488,496,499.7669999999993,109.85799999999992
MAC003077,1487,495,202.738,41.111999999999995,0.676,1488,496,139.337,31.362000000000016
MAC003078,1487,495,599.5679997000008,98.10499999999999,2.454,1488,496,353.8089999000003,77.2909999999999
MAC003079,1487,495,187.29999999999998,31.501999999999974,1.766,1481,496,150.08899999999963,38.87100000000002
MAC003081,1487,495,407.22099999999966,71.72799999999998,2.226,1488,496,310.5440000000002,54.110000000000014
MAC003083,1487,495,159.06200029999988,39.951000000000015,2.082,1488,496,112.50800000000024,30.85999999999999
MAC003084,1487,495,141.34999990000034,27.51699999999999,0.218,1488,496,161.29300009999972,31.650000000000052
MAC003085,1487,495,446.88100019999985,114.77700000000007,1.468,1487,496,332.3739999999995,82.28700000000002
MAC003086,1487,495,197.96499999999986,31.516000000000034,1.764,1488,496,130.7320000000003,31.265000000000015
MAC003087,1487,495,172.19999999999993,51.427,0.76,1488,496,137.09999999999977,41.63500000000002
MAC003089,1487,495,403.6640001999999,98.22600000000001,3.236,1487,496,423.6850000999998,100.77100010000001
MAC003090,1487,495,774.3679998000019,63.52100010000009,2.7119998,1488,496,104.82600000000087,31.67599999999998
MAC003091,1487,495,294.2729996999996,56.20699999999997,1.416,1488,496,270.1180000000003,75.94300000000003
MAC003092,1486,495,484.01300019999985,118.40200019999992,4.2880002,1488,496,294.62199999999945,95.97699999999998
MAC003093,1487,495,322.47200000000055,43.072999999999944,1.846,1488,496,166.00399989999985,40.35999999999997
MAC003095,1487,495,868.3279998999996,149.21900020000007,3.162,1487,496,463.3720000000005,79.68599999999999
MAC003096,1487,495,37.39999999999995,10.136999999999981,0.102,1488,496,35.884000000000015,9.844999999999981
MAC003098,1486,495,163.1949999999983,40.12399999999984,1.828,1488,496,177.0530000999996,44.72000000000007
MAC003100,1481,492,582.7109996999991,44.54099999999993,1.82,1488,496,253.50100010000054,45.538999999999994
MAC003101,1486,495,212.85299999999975,61.83499999999998,0.796,1488,496,264.5479999000002,63.145
MAC003103,1487,495,215.65500000000034,52.51799999999995,2.53,1488,496,238.39199980000026,66.35799999999998
MAC003104,1486,494,102.43199999999985,21.362999999999996,0.394,1488,496,89.06400000000014,23.495999999999945
MAC003105,1487,495,180.68899999999985,37.04000000000004,0.45,1488,496,184.39900000000029,50.54800000000004
MAC003106,1487,495,145.8149999999999,29.53399999999996,0.576,1488,496,163.12799999999953,37.322999999999986
MAC003107,1487,495,640.9140006000001,103.30999999999995,3.21,1488,496,365.4889996999999,74.44699999999996
MAC003108,1487,495,290.4820000999995,80.87499999999994,0.78,1486,495,243.2850000000002,60.81499999999997
MAC003109,1487,495,394.90600019999886,86.9289999000002,2.0079998,1488,496,288.3449998999995,80.28000000000002
MAC003110,1487,495,355.4299999000011,51.001000000000104,3.09,1488,496,177.34299999999996,45.82000000000007
MAC003112,1487,495,649.7709999000007,123.63199999999983,2.368,1488,496,347.2110001000007,49.323
MAC003113,1487,495,616.6369997999998,162.02299980000006,4.4299998,1488,496,294.75100019999985,70.19899999999998
MAC003114,1487,495,387.1009997999995,36.979999999999976,1.536,1488,496,240.72100010000005,37.04799999999998
MAC003115,1487,495,343.7690002000004,38.47700009999994,2.0840002,1488,496,216.21100000000013,36.40299989999998
MAC003117,1487,495,376.54000020000063,64.12700000000002,1.324,1488,496,262.7969999999996,34.41200000000002
MAC003118,1487,495,393.5059999999995,70.75199999999984,2.21,1488,496,216.9259999999999,50.196000000000055
MAC003119,1487,495,317.16099990000004,73.91299999999994,0.858,1486,495,282.4319999999997,84.66600000000007
MAC003121,1487,495,464.36999859999975,48.72499999999999,2.194,1488,496,350.29300000000035,109.25899999999992
MAC003122,1487,495,728.1159998999997,148.39000000000001,3.21,1488,496,230.21299999999994,60.485999999999976
MAC003123,1486,495,420.1749991000003,68.48299999999999,1.978,1488,496,270.1999998000001,58.15800000000008
MAC003125,1487,495,203.78899999999996,39.70199999999999,0.392,1488,496,236.51100000000045,53.69700000000003
MAC003126,1487,495,456.96999999999997,115.01800000000006,1.656,1487,496,387.8280000999992,100.32300000000009
MAC003127,1487,495,444.0420000999995,65.22800000000005,0.978,1488,496,301.1580000000001,66.93099999999991
MAC003128,1487,495,422.12600010000017,80.80899999999998,1.328,1488,496,263.36600000000016,70.96300000000006
MAC003129,1487,495,291.3269999000008,28.25499999999996,1.548,1488,496,187.5880000000002,38.35499999999996
MAC003130,1487,495,607.6740001999996,177.3609998999998,2.804,1488,496,310.4399999999994,88.99600000000008
MAC003131,1487,495,245.30400010000028,52.86699999999999,1.308,1488,496,251.91599999999968,60.538000000000004
MAC003132,1487,495,355.88600009999953,86.33500000000001,2.816,1488,496,303.38600009999965,83.81099999999994
MAC003133,1487,495,955.0630000999996,128.19199969999983,3.3239998,1488,496,293.77600009999964,64.99900000000004
MAC003134,1487,495,261.313,76.64699999999998,0.992,1488,496,240.11400000000032,67.229
MAC003136,1486,494,641.7780006999997,212.40900029999995,6.032,1488,496,268.9440004,75.87900000000002
MAC003137,1487,495,610.0029999000008,122.31099999999991,2.246,1488,496,378.00799989999973,114.09400000000012
MAC003138,1487,495,417.9959998,31.362999999999992,3.088,1488,496,104.78699990000032,21.542999999999985
MAC003139,1482,495,273.6729999999994,59.85999999999995,0.952,1488,496,192.8449999999999,46.69799999999999
MAC003141,1477,495,269.1699999999997,62.52099999999998,1.56,1488,496,350.84999990000017,92.89099999999993
MAC003142,1487,495,189.3519998999993,61.87200000000005,1.73,1488,496,185.7639999999997,50.379999999999995
MAC003143,1487,495,619.0040001000008,53.375999900000025,2.408,1488,496,184.67499999999959,32.25200000000003
MAC003144,1487,495,213.60399999999973,72.13000000000008,0.42,1488,496,559.6820005,179.28100000000012
MAC003146,1487,495,248.8300001000001,51.10200000000003,1.396,1488,496,158.6459999999993,42.61600000000004
MAC003147,1487,495,990.9339996000006,305.83499970000014,4.4320002,1488,496,344.8269997999998,90.52500000000013
MAC003148,1487,495,457.6720009999989,48.08800020000005,4.4780002,1488,496,435.7660000000012,114.81200000000011
MAC003149,1487,495,105.92900000000074,31.97500000000003,2.592,1488,496,87.33700000000013,21.15999999999999
MAC003150,1487,495,211.15299999999965,56.744,1.41,1488,496,140.25700000000083,36.931999999999974
MAC003152,1487,495,171.0029999999992,47.458000000000006,0.852,1488,496,101.1780000000004,27.186000000000003
MAC003153,1487,495,689.8169996000009,194.32199989999978,2.702,1488,496,409.64000009999904,77.23199999999997
MAC003154,1487,495,109.44799999999984,21.15799999999995,0.528,1488,496,71.3950000000001,14.98299999999999
MAC003158,1487,495,782.6159995000004,41.94400000000001,1.926,1488,496,178.35200000000006,34.23600000000005
MAC003159,1487,495,137.14499970000037,29.472999899999998,3.812,1488,496,116.27900020000044,30.456000099999976
MAC003160,1487,495,298.012,27.15200000000003,2.116,1488,496,103.87700000000027,23.121999999999954
MAC003161,1487,495,198.56699999999947,41.49000000000002,0.804,0,0,0.0,0.0
MAC003162,1487,495,549.7720003000004,90.99700000000003,2.06,1488,496,413.0010000000006,83.83799999999998
MAC003163,1486,495,281.43900009999965,48.79900000000005,1.794,1488,496,208.54099999999966,43.218000000000046
MAC003164,1487,495,435.430999800001,71.22100000000006,1.13,1487,496,311.85399999999987,75.20700000000005
MAC003166,1487,495,829.0710004000002,203.79499950000005,5.4619998,1488,496,493.4049999000006,99.92200000000007
MAC003167,1487,495,415.0180000000001,135.7120000000001,1.936,0,0,0.0,0.0
MAC003168,1482,494,419.54500029999946,48.40699999999998,1.63,1488,496,235.62099999999998,48.48400000000003
MAC003169,1487,495,125.65900000000019,19.858,1.016,1488,496,88.00300000000018,25.695999999999987
MAC003171,1487,495,270.0530005000002,50.492000000000054,2.442,1488,496,252.86099999999945,46.438
MAC003172,1487,495,190.09199999999979,37.46500000000002,0.548,1488,496,149.6379999999998,45.56300000000005
MAC003173,1487,495,466.5730004,79.41199999999998,0.89,1487,496,358.40500059999965,76.57000000000004
MAC003174,1487,495,751.7460004,243.1990002999998,3.066,1488,496,244.4150000000001,68.28000000000002
MAC003176,1487,495,455.5700001999995,109.73500000000008,3.96,1488,496,430.97099990000044,118.34400000000001
MAC003177,1486,494,336.43300010000024,60.46599999999999,2.466,1487,496,222.99499999999978,36.528000000000034
MAC003179,1487,495,109.21000000000029,19.215999999999962,0.556,1488,496,116.4319999999998,40.26499999999998
MAC003181,1487,495,310.0389998999998,41.157999999999966,2.446,1488,496,188.24100000000007,33.31899999999996
MAC003182,1487,495,845.6770006000006,130.74899999999994,3.556,1488,496,450.6669996000001,93.07500000000005
MAC003183,1487,495,535.4809997999998,146.06600010000005,3.94,1486,496,336.9700000000002,99.95799999999998
MAC003184,1487,495,402.52000010000035,81.3679999,2.65,1488,496,400.7519999000008,81.48299999999995
MAC003186,1487,495,653.2689999999993,113.71999990000008,3.868,1483,495,511.5409998999986,92.79500000000009
MAC003187,1487,495,321.4059999999994,71.52899999999994,0.992,1488,496,183.93099999999959,62.53700000000004
MAC003188,1487,495,1055.407000100001,262.94599979999975,2.842,1488,496,366.9950000000003,98.885
MAC003189,1487,495,657.4410001000008,32.87899999999998,0.256,1488,496,175.45100000000008,48.54299999999998
MAC003190,1487,495,321.34800000000007,58.47200000000002,0.648,1486,496,320.19400009999976,73.99000000000018
MAC003191,1487,495,319.1859999999991,68.82500000000002,0.978,1488,496,353.10500000000013,101.31499999999976
MAC003192,1487,495,430.43499940000055,78.36499979999994,2.2679998,1488,496,371.2269999999998,71.57900000000004
MAC003193,1487,495,617.3470002000003,134.48499999999987,2.05,1488,496,382.326000000001,99.71499999999992
MAC003194,1487,495,346.6219998999996,59.68499989999998,4.2459998,1488,496,282.0539998999997,59.44200000000004
MAC003195,1487,495,536.4660000999999,113.95399999999985,2.192,1488,496,324.9300001000006,79.50799999999994
MAC003197,1487,495,577.0480000000002,130.50399999999988,2.642,0,0,0.0,0.0
MAC003199,1487,495,671.9529999999993,133.618,2.014,1488,496,514.6559997999994,156.36600010000006
MAC003200,1487,495,387.1100000000001,95.31100000000015,1.548,1488,496,304.2000000000002,87.22599999999997
MAC003203,1487,495,377.81699989999976,67.33700000000003,0.932,1445,491,206.99199999999996,43.88200000000008
MAC003204,1487,495,223.8220000000002,63.452999999999996,0.974,1488,496,201.64300000000026,69.013
MAC003205,1487,495,174.1060000000004,31.880999999999997,0.678,1488,496,127.79400000000027,32.28099999999999
MAC003206,1487,495,133.9080000000001,30.88899999999998,1.524,1488,496,72.39400000000006,12.096999999999968
MAC003207,1487,495,143.74399980000015,19.465999999999994,2.822,0,0,0.0,0.0
MAC003208,1486,494,299.5420003000003,47.45400000000002,1.868,1488,496,246.90899989999988,49.474000000000025
MAC003209,1487,495,207.17599999999982,45.64100000000002,1.412,1488,496,197.2299999999992,51.089
MAC003210,1487,495,552.7250000999991,95.26999999999974,1.796,1488,496,427.7089998999998,85.22199999999992
MAC003212,1487,495,511.19599989999955,162.36099999999988,2.84,1488,496,205.00199999999987,90.51199999999996
MAC003213,1487,495,461.2740004999996,80.8569998999999,2.484,1487,495,437.2640001999996,82.504
MAC003214,1487,495,612.0310000999989,127.29399999999997,2.448,1488,496,181.15800009999953,37.19499999999999
MAC003215,1487,495,292.3339997999997,70.34599999999999,1.704,1488,496,348.8550000000007,104.8299999999999
MAC003216,1487,495,472.67400009999994,101.23200000000011,0.946,1488,496,419.97800009999946,114.78299999999976
MAC003217,1487,495,197.96400000000003,17.38999999999998,0.226,1488,496,147.26300010000003,17.372999999999987
MAC003218,1487,495,3250.0500024999965,2313.833003400002,17.5,0,0,0.0,0.0
MAC003219,1487,495,263.32200000000006,41.77399999999993,0.962,1488,496,228.72600000000023,46.95499999999998
MAC003220,1487,495,497.62699949999916,133.91800000000012,2.134,1488,496,346.06499999999943,86.58099999999995
MAC003222,1487,495,444.867999900001,162.26699999999997,2.062,1488,496,260.28599999999994,78.20299999999999
MAC003223,1487,495,694.7669998000016,82.01699999999997,3.0,1488,496,381.3409997,74.44600000000005
MAC003224,1487,495,702.0609996999995,302.39199949999994,2.432,1487,496,220.1939999999997,47.455000000000005
MAC003225,1487,495,361.24,69.93700000000008,1.232,1488,496,357.6410000000003,88.71799999999999
MAC003226,1487,495,539.4449997000006,88.61800000000004,1.082,1486,495,421.52099979999963,86.86700000000002
MAC003227,1487,495,268.9850000999997,55.27700010000001,2.9260002,1487,496,226.36099989999997,45.61300000000005
MAC003228,1487,495,1045.0340004000004,351.2770002000001,2.198,1487,496,92.16900000000004,26.315999999999967
MAC003229,1487,495,401.3399993000005,72.70799999999988,2.438,1488,496,394.30300010000025,69.37000000000003
MAC003230,1487,495,816.6909998999998,59.035,2.078,1487,495,139.87999999999994,35.336
MAC003231,1487,495,558.5489999999994,89.83400000000007,1.904,1488,496,571.1589999999999,116.39199999999998
MAC003232,1484,495,441.74599980000096,44.73300000000006,0.744,1488,496,313.2800003000005,48.59400000000006
MAC003233,1487,495,325.49799999999993,63.86100000000006,2.144,1488,496,257.41800000000023,61.41899999999999
MAC003234,1487,495,232.30799999999982,30.35300000000003,0.44,1488,496,201.54200000000012,48.56400000000005
MAC003235,1487,495,978.011,115.79800000000003,2.068,1488,496,396.79799999999983,81.64499999999991
MAC003236,1487,495,327.09699980000056,46.09000000000006,0.89,1488,496,179.47900010000018,46.122000000000014
MAC003237,1487,495,343.67099950000005,84.55499999999994,2.526,1488,496,275.4499998000001,81.16299999999998
MAC003239,1487,495,240.15000000000032,27.43499999999996,0.72,1488,496,179.31999999999894,43.41700000000006
MAC003240,1487,495,370.35199979999993,75.92900000000006,0.846,1488,496,350.8250002,90.27399999999997
MAC003241,1487,495,477.1640000999994,113.01800000000013,1.51,1486,496,316.49299999999994,101.02000000000004
MAC003242,1487,495,259.489,58.143999999999984,1.508,1488,496,245.99000000000012,75.642
MAC003243,1482,494,522.6399999000001,155.46199999999988,2.54,1487,496,450.8650003000004,134.20000010000012
MAC003244,1487,495,544.4139996000001,92.18400000000001,1.36,1488,496,633.8739999999995,90.47899999999996
MAC003246,1487,495,44.782000000000224,13.01100000000003,0.162,0,0,0.0,0.0
MAC003248,1487,495,212.9840000000004,56.27599999999995,0.668,1488,496,152.25900000000001,56.63999999999997
MAC003249,1487,495,595.8210004000003,111.32300000000006,0.922,1488,496,330.6370000000004,111.1029999999999
MAC003250,1487,495,430.83399980000024,68.72800000000001,2.46,1488,496,272.89000000000004,65.98999999999998
MAC003251,1487,495,78.50600000000031,10.531999999999947,0.212,1488,496,52.64599999999997,11.265999999999972
MAC003252,1487,495,443.0850001000002,71.5709999,2.766,1488,496,377.4729996999998,77.79500000000002
MAC003253,1487,495,627.780999600001,98.02599979999991,3.23,1488,496,510.0589998999997,92.91500000000013
MAC003254,1486,494,379.5989997999998,44.88400000000001,1.102,1488,496,347.10499990000034,109.82900019999988
MAC003255,1487,495,559.4600004000001,131.05300010000008,2.74,1488,496,409.10300010000026,110.63100000000006
MAC003258,1487,495,172.7899999999999,29.47800000000004,0.59,1488,496,106.19200000000019,27.960000000000008
MAC003260,1487,495,545.1710001,68.35499999999999,1.8,1488,496,389.4289998999999,75.41699999999993
MAC003261,1487,495,371.4329999000002,65.69100000000005,1.818,1488,496,336.8509998000003,68.56700000000002
MAC003263,1487,495,471.8500004999991,96.81599999999987,2.358,1488,496,290.66400000000004,82.66599999999995
MAC003264,1470,495,699.3539999999998,118.22900010000009,2.882,1486,496,404.32200020000147,109.22000000000004
MAC003266,1486,494,104.60500000000049,14.999999999999982,0.53,1488,496,117.1040000000004,22.741999999999987
MAC003267,1487,495,561.0909998000003,70.03299999999999,1.236,1488,496,355.2439995999997,47.165000000000006
MAC003270,1486,495,422.5999999,76.01700000000001,1.596,1488,496,227.566,40.43500000000001
MAC003271,1487,495,495.79199960000034,59.524000000000015,0.696,1488,496,350.5059996999998,75.76500000000004
MAC003273,1487,495,539.6589986000001,156.5509998999999,4.2659998,1488,496,136.32599970000015,45.930999899999954
MAC003275,1487,495,342.1189998999998,85.921,1.932,1488,496,276.97699989999956,83.78600000000007
MAC003276,1487,495,1005.8870022000011,102.20300009999993,2.94,1488,496,273.5479995,56.08099959999992
MAC003278,1487,495,898.5369993999998,212.0309997999999,5.9359998,1488,496,755.0060001000006,227.37499999999986
MAC003279,1487,495,346.05600000000015,48.13000000000004,0.462,1488,496,260.76,64.98600000000002
MAC003280,1487,495,665.8569997000004,191.54000030000023,4.7340002,1488,496,694.4720001000005,206.57300019999985
MAC003281,1487,495,120.92200000000064,27.538999999999948,0.684,1488,496,288.8260001999999,52.012000000000036
MAC003282,1487,495,273.81300000000033,51.72699999999998,1.01,1487,496,226.4220001,44.25600000000006
MAC003283,1487,495,837.8769990999986,137.41500000000016,4.3140002,1488,496,529.6560000000002,143.6889999999999
MAC003284,1487,495,229.33700009999976,26.775000000000002,0.444,1488,496,180.50700009999983,42.4730001
MAC003287,1486,495,222.03200010000003,28.122999999999987,0.502,1488,496,183.04299999999992,28.81700000000001
MAC003288,1487,495,265.4090001000007,51.03100000000004,0.81,1487,496,210.81499999999997,42.11700000000004
MAC003289,1487,495,296.09799959999856,50.56000000000004,3.388,1488,496,216.56699990000092,53.84700009999999
MAC003290,1487,495,756.847999100001,80.178,1.728,1488,496,472.3369999999997,82.15300000000002
MAC003291,1487,495,381.3160000000004,57.20100000000001,1.14,1487,496,365.32899999999887,82.83700000000007
MAC003292,1487,495,728.5890007999996,184.595,2.822,1488,496,524.6889997999999,143.1490001
MAC003293,1487,495,558.0800005000006,111.02800000000005,2.29,1488,496,362.33599989999885,95.8160000000002
MAC003294,1487,495,477.5229992999995,43.449000000000055,0.994,1488,496,403.4580002000003,66.18799999999995
MAC003295,1487,495,353.9729994999998,33.553,0.612,1488,496,319.32099950000054,45.57199990000004
MAC003296,1487,495,460.14800009999954,106.46699999999994,3.366,1487,496,333.6130000000002,78.18699990000002
MAC003297,1486,494,478.1870001000001,83.05700000000004,1.738,1486,496,352.44399999999945,74.92200000000003
MAC003299,1487,495,880.8520004000015,173.71999999999994,2.386,1488,496,581.9930001,146.36000000000016
MAC003300,1487,495,642.6739999999992,134.2550000000001,2.724,1488,496,591.3779999000003,133.3039999999999
MAC003301,1486,494,469.24000010000066,77.31499999999987,1.392,1488,496,269.3620002000002,56.354000000000056
MAC003302,1487,495,573.7830000999993,206.95499990000002,4.3119998,1488,496,485.2019997000007,216.79099990000006
MAC003303,1487,495,716.9979999000012,82.25599999999997,1.168,1488,496,453.25600050000037,71.94699999999986
MAC003304,1487,495,305.79299999999984,92.59400000000002,0.944,1487,496,97.12200000000115,27.855999999999977
MAC003305,1487,495,480.3050002999994,104.41799990000003,2.77,1488,496,432.37899989999937,89.5430000000001
MAC003306,1487,495,213.02600009999935,19.15199999999996,0.514,1488,496,137.63800000000052,27.14500000000003
MAC003307,1487,495,385.85599979999967,56.87100000000001,0.82,1488,496,600.3470000000004,101.25699989999998
MAC003309,1487,495,321.51400000000007,41.08200000000004,1.03,1484,496,185.64499999999987,41.56500000000003
MAC003310,1486,494,180.4560000000003,42.83400000000002,1.774,1488,496,154.17499999999964,39.77000000000005
MAC003311,1487,495,196.284,58.33499999999987,1.19,1488,496,157.98200000000006,45.70099999999996
MAC003312,1487,495,312.57000000000056,38.42800000000009,1.604,1488,496,186.83399999999995,44.4430000000001
MAC003313,1487,495,310.5160000000004,118.96599999999994,2.354,1488,496,260.5999998000002,92.91499989999997
MAC003314,1487,495,350.0960000000007,72.89899999999999,1.662,1488,496,139.06600009999985,44.53400000000007
MAC003316,1487,495,885.0739996999995,194.07199999999997,3.618,1487,496,434.8449999999995,125.22200000000001
MAC003317,1487,495,809.683001000001,225.9440000000001,3.942,1486,496,604.6569999999997,176.55200000000002
MAC003318,1487,495,500.1799997999994,112.96400000000007,1.968,1487,496,255.82099999999988,66.13000000000004
MAC003319,1487,495,833.0639995999996,235.20800000000008,2.254,1486,496,669.8930001999993,177.92999999999998
MAC003320,1487,495,695.7570001000007,143.545,2.784,1488,496,357.9359999000005,84.32900000000004
MAC003322,1487,495,765.6250006000007,74.07199979999989,3.536,1488,496,353.1200000000004,71.75399999999998
MAC003323,1487,495,521.0720001999996,132.45900010000017,2.908,1488,496,632.5580003000006,202.37000009999997
MAC003324,1487,495,516.6110002999997,99.33300009999999,2.336,1488,496,396.6549997,89.47799989999997
MAC003325,1487,495,460.2900002000004,87.34100000000002,1.77,1488,496,341.8979999999994,76.882
MAC003326,1487,495,703.2320005000007,138.4079999,3.9159998,1488,496,680.1729997000002,134.74400010000008
MAC003327,1487,495,170.28199959999995,3.9749999999999983,0.608,1488,496,41.50200000000001,9.325999999999999
MAC003328,1483,492,139.57900000000046,31.386999999999954,1.052,1488,496,182.5410000000001,38.53399999999997
MAC003329,1487,495,2471.7549999000016,406.1940004000002,5.604,1488,496,1795.828999100002,462.2999998000003
MAC003330,1487,495,673.4319994000002,114.78900000000007,2.572,1488,496,207.87699999999998,66.46999999999997
MAC003332,1487,495,470.5380003000005,77.15099989999986,2.5079998,1488,496,246.30100019999998,40.292000000000066
MAC003335,1487,495,264.1760000000002,41.02099999999996,0.778,1488,496,188.4310000000001,32.851000000000006
MAC003336,1487,495,368.2760000000005,71.5459999999999,0.992,1488,496,75.88499999999985,19.977000000000015
MAC003339,1487,495,525.3119999999997,89.47300000000014,0.976,1488,496,431.6050003999997,83.76300000000012
MAC003340,1487,495,336.41999999999945,66.47200000000004,1.526,1488,496,262.6119999000003,55.86600000000003
MAC003341,1487,495,299.2839999999999,44.131000000000014,0.668,1488,496,258.6770001000005,58.27499999999989
MAC003342,1487,495,365.53000049999974,41.946999999999996,2.296,1488,496,183.41999999999996,23.176000000000002
MAC003343,1487,495,621.3759997000003,199.5239999,3.932,1345,449,512.1699999999998,149.10800000000006
MAC003344,1487,495,1511.119000600001,429.5529996999997,4.8439998,1488,496,499.28200000000015,140.711
MAC003345,1487,495,421.94099989999984,75.936,2.114,96,32,19.716999999999995,5.9719999999999995
MAC003346,0,0,0.0,0.0,,0,0,0.0,0.0
MAC003348,1487,495,476.63900000000046,45.93199999999999,1.668,1488,496,275.75400000000064,41.384000000000015
MAC003349,1487,495,656.4710000999992,160.9929999000001,2.614,1488,496,586.434999700001,159.54999999999984
MAC003350,1487,495,391.1089999000002,109.31100000000005,2.458,1488,496,614.2089996999998,173.54299999999992
MAC003351,1487,495,163.73300000000032,13.868,0.374,1488,496,116.98000000000012,16.71200000000002
MAC003352,1487,495,1398.2559961999982,257.89499939999996,4.724,1488,496,943.2170000000008,270.01200019999993
MAC003353,432,144,338.9260003999999,92.0170001,3.7880002,0,0,0.0,0.0
MAC003354,1487,495,1032.0780005999998,140.46399990000003,4.1859998,1488,496,554.5069999999995,176.99599999999984
MAC003355,1487,495,657.1600001999994,132.68600000000004,3.894,1488,496,379.7379996000004,86.35899999999987
MAC003356,1487,495,1681.2100025000032,415.43199960000015,3.1659998,1488,496,509.12400010000005,124.39999999999992
MAC003357,1487,495,572.1679998000002,115.44400000000017,2.6,1488,496,390.3119998999993,84.25399999999996
MAC003359,1152,384,126.57500000000012,29.876000000000005,0.856,1488,496,122.54200000000023,35.46499999999998
MAC003361,1487,495,288.24000000000007,63.272999999999975,1.09,1488,496,249.07400000000004,63.712
MAC003362,1487,495,68.02000000000089,30.613999999999933,0.184,1488,496,63.84799999999947,20.920000000000012
MAC003363,1487,495,768.2299988999997,179.14800020000013,2.836,1487,495,82.89200000000031,25.63499999999998
MAC003364,1487,495,959.9929992999989,206.7049998,2.774,1488,496,394.18899990000034,93.84000010000003
MAC003367,1487,495,131.2650000000005,28.80599999999996,0.846,1488,496,70.70100000000048,20.04799999999996
MAC003368,1487,495,73.79200009999997,21.662999999999943,6.158,1487,495,293.0640000000001,52.09400000000001
MAC003369,1487,495,380.8289996000006,39.59299999999999,0.724,1488,496,341.7699998000003,59.80000000000007
MAC003370,1487,495,205.9550000000003,41.52000000000003,1.296,1487,496,119.23000000000044,31.968999999999983
MAC003371,1487,495,425.2450000000004,93.83099999999995,1.642,1488,496,310.95599999999996,73.22700000000005
MAC003373,1487,495,93.98299990000024,17.488,0.434,1488,496,60.12900000000025,13.404999999999971
MAC003374,1487,495,553.0100007000003,82.69900019999994,3.98,1488,496,641.0260002999987,107.86999999999993
MAC003375,1487,495,323.1969999999999,69.14200000000007,1.532,1488,496,339.3200000000001,85.29799999999993
MAC003376,1487,495,247.63099999999972,44.35199999999995,2.76,1488,496,186.8790000999995,48.085000100000116
MAC003377,1487,495,280.543,79.09,1.78,1487,496,195.28099999999822,48.81400000000006
MAC003378,1487,495,195.15399999999977,43.12300000000002,1.462,1488,496,145.8659999999999,36.398999999999994
MAC003380,1487,495,438.38300000000004,92.87200000000014,0.98,1487,496,488.1370000000003,117.35499999999979
MAC003381,1487,495,401.9490001000001,66.75900000000003,2.1,1487,496,295.7950000000006,55.116999999999976
MAC003382,1486,495,194.81400000000002,24.153999999999986,0.59,1488,496,125.26499999999972,28.281000000000006
MAC003383,1487,495,577.7149999999998,111.11200000000004,1.034,0,0,0.0,0.0
MAC003384,1487,495,159.6650000999999,19.35199999999996,3.134,1488,496,97.25300000000006,17.257999999999985
MAC003385,1487,495,271.77200000000033,45.654,0.896,1488,496,274.3060000000003,69.91799999999989
MAC003386,1487,495,399.66000009999965,62.55699999999999,1.088,1488,496,271.9380000000005,57.386
MAC003388,1487,495,931.3270000999993,158.6750001000003,3.904,1488,496,842.5940002,174.7950001
MAC003389,1487,495,480.59099990000044,121.06999999999995,1.038,1488,496,309.9410000000002,86.34600000000002
MAC003391,1487,495,475.25999980000086,74.26499999999994,2.326,1488,496,255.148,52.96499999999999
MAC003392,1486,494,310.5090000000002,31.970999999999922,1.514,1486,496,70.32799999999983,19.11500000000002
MAC003393,1487,495,394.98300059999883,114.65200040000026,3.2420002,1488,496,255.17399999999998,61.970000000000034
MAC003394,1487,495,1208.0480006999987,270.5890001,4.262,1488,496,543.9360001000006,132.58600000000007
MAC003395,1487,495,275.907,36.931999999999995,1.014,1487,496,215.36199999999994,45.288000000000004
MAC003397,1487,495,241.13099999999997,43.663000000000004,0.574,1488,496,200.24399999999997,43.15000000000005
MAC003398,1487,495,378.1840002000002,80.87600009999993,4.0640002,1488,496,308.3369999000001,69.83800000000001
MAC003400,1487,495,460.5209995000002,76.46999999999997,3.52,1488,496,316.7969999999995,64.20799999999998
MAC003401,1487,495,328.63999999999993,74.38500000000002,0.726,1488,496,244.87699999999947,57.260999999999974
MAC003402,1486,495,564.0449998000003,104.31699999999988,2.48,1488,496,383.187999799999,80.54400000000004
MAC003403,1487,495,194.54399990000002,36.15699999999994,0.538,1486,496,157.7220000000001,35.28500000000001
MAC003404,1487,495,215.4219999,41.91900000000005,0.826,1488,496,145.2499999999999,33.327
MAC003405,1487,495,144.2130001,33.376,0.598,1488,496,140.74600000000007,35.35499999999998
MAC003406,1487,495,419.1859998999998,63.76300000000002,1.864,1488,496,333.18799989999997,68.68800000000002
MAC003407,1487,495,163.74900000000002,51.76800000000004,1.436,1488,496,249.16199989999998,37.54999999999997
MAC003408,1487,495,783.6609999999991,102.60300000000015,3.918,1488,496,568.8410002,93.22399999999998
MAC003410,1486,495,173.38000000000025,25.555999999999997,0.378,1488,496,136.45000000000007,28.919
MAC003411,1487,495,315.71200009999984,45.63800000000001,0.952,1488,496,247.05100000000016,42.00300000000003
MAC003412,1487,495,214.98499989999996,9.325,0.258,1488,496,148.43500000000012,22.713999999999988
MAC003413,1487,495,454.63099970000025,71.97000000000004,1.268,1488,496,479.3779998999995,90.67900000000004
MAC003415,1487,495,207.32900000000012,37.31399999999999,1.532,1486,496,153.30199979999972,34.405999999999956
MAC003416,1487,495,237.43499989999984,49.664000000000094,1.6,1248,416,150.6299999999999,44.277
MAC003417,1487,495,541.6110001999998,119.883,4.2859998,1488,496,485.23299979999973,102.90500000000007
MAC003418,1487,495,312.7720000000001,26.991999999999972,1.37,1488,496,232.08799989999994,41.31499999999998
MAC003420,1487,495,133.31200000000004,20.680000000000014,0.354,1488,496,72.46099999999997,17.324999999999978
MAC003421,1487,495,275.2240000000001,56.498000000000054,0.696,1488,496,227.70200000000028,59.405999999999985
MAC003422,1487,495,1387.7259988999997,456.78200069999986,2.136,1488,496,23.258000000000465,6.593999999999972
MAC003423,1487,495,658.3420005000003,126.65100010000003,3.198,1488,496,372.5190003000011,124.87600040000014
MAC003424,1487,495,440.4560000999999,58.543999999999976,0.9,1488,496,220.37500000000026,52.59000000000001
MAC003426,1487,495,793.2699997999987,305.094,5.718,1488,496,600.7580005000002,208.18500020000027
MAC003428,1487,495,455.02799979999986,58.95000009999998,2.0280002,1488,496,923.1609995000007,173.10799990000012
MAC003431,1487,495,1193.7559983000017,288.5509997999995,4.04,1488,496,839.3179998999989,239.04999979999985
MAC003432,1487,495,478.91300000000075,94.09400000000002,2.234,1487,496,427.0889999999994,87.99900000000004
MAC003433,1486,494,432.5419999000001,163.29899989999996,2.1659998,1488,496,453.9939997999996,141.2850002
MAC003435,1487,495,385.6079998000005,54.566000000000024,1.712,1488,496,217.87299990000022,52.18200000000002
MAC003437,1486,494,263.32600009999993,20.124999999999996,0.284,1488,496,166.78600000000043,21.97699999999998
MAC003438,1487,495,285.77000000000004,40.01599999999999,1.038,1488,496,285.3590000000006,59.336999999999954
MAC003440,1487,495,175.38500009999987,17.679,0.44,1488,496,149.85500009999942,34.835000000000015
MAC003441,1487,495,644.5210003999994,110.62900020000002,3.1300002,1488,496,439.77399999999943,91.51600000000013
MAC003442,1487,495,266.60500000000025,78.75300000000007,0.782,1488,496,167.67400000000026,59.584999999999994
MAC003443,1487,495,335.5080000999997,56.958999999999975,1.024,1488,496,315.1319995999995,66.62400000000001
MAC003444,1487,495,192.41800000000006,52.89899999999999,1.058,1488,496,172.33300000000014,47.83700000000001
MAC003445,1487,495,732.2540002000001,111.56200000000025,1.298,1488,496,454.0389998999997,116.20699999999997
MAC003446,1487,495,147.25000020000036,33.506000000000014,2.202,1488,496,160.92800010000087,48.76899999999996
MAC003447,1487,495,118.3030000000003,12.191999999999968,0.362,1488,496,80.1230000000002,10.194000000000004
MAC003448,1486,494,153.45800000000034,29.298999999999992,0.562,1488,496,144.9679999999998,38.554000000000016
MAC003449,1485,495,2246.686997699999,458.79399980000005,5.0900002,1488,496,758.3879999999986,205.8740000999999
MAC003450,1487,495,309.45699959999996,69.05499999999998,1.79,1488,496,201.61400000000017,45.78799999999995
MAC003451,1487,495,62.566999900000624,25.741999799999906,4.0219998,1488,496,50.41800000000009,16.36599999999998
MAC003452,1487,495,610.3759996000002,79.22700000000005,1.67,1488,496,474.4109998999999,71.97199999999995
MAC003453,1487,495,277.77099990000005,43.51199999999997,1.022,1488,496,298.58000009999984,56.37799999999997
MAC003454,1487,495,459.4380002000003,68.4190001,2.116,1488,496,460.13700029999984,101.36900000000007
MAC003455,1487,495,275.2320000000004,65.85300000000002,2.096,1488,496,91.67799999999987,31.72000000000002
MAC003456,1487,495,686.4970000000004,211.89399999999983,1.958,1487,495,157.62399990000014,23.636999999999947
MAC003457,1487,495,372.4169999000005,89.00599990000002,2.0179998,1488,496,235.99500000000018,51.43800000000002
MAC003458,1487,495,439.0229999999997,115.69100000000003,1.31,1487,496,389.56299990000025,103.75299999999999
MAC003459,1487,495,824.6870007999995,278.93799990000014,2.988,1488,496,100.57600000000018,30.672999999999995
MAC003460,1487,495,295.62100020000014,57.199999999999925,2.034,1488,496,187.7309999999999,55.62800000000001
MAC003462,1487,495,112.73500000000008,35.37199999999996,0.496,1488,496,85.96600000000001,26.142999999999983
MAC003463,1487,495,526.0710002999991,71.893,2.184,1488,496,395.8349999000005,73.85199999999986
MAC003464,1487,495,533.976,111.08300000000011,1.324,1488,496,117.96000010000031,35.022
MAC003465,1487,495,122.87300000000039,66.43600000000019,2.958,1488,496,105.29600000000038,61.82800000000024
MAC003466,1487,495,211.46300000000016,43.169999999999895,0.716,1488,496,137.80700000000104,32.73300000000001
MAC003468,1487,495,546.5660001000016,160.53100010000023,2.286,1487,496,489.99200000000013,138.99299999999997
MAC003469,1487,495,296.3339998999997,50.39700000000001,1.702,1488,496,118.18099999999991,25.049999999999986
MAC003470,1487,495,165.33799990000048,45.059000000000076,0.97,1488,496,91.65700000000055,20.913999999999998
MAC003473,1487,495,181.26899999999986,36.04600000000002,0.568,1488,496,90.12200000000031,21.393000000000008
MAC003475,1487,495,481.99100000000027,107.0909999999999,1.99,1487,495,307.8359999000001,64.20700000000002
MAC003477,1487,495,286.59800009999867,28.81200000000002,1.83,1488,496,137.45800000000034,18.872999999999998
MAC003478,1486,495,323.2999998999995,104.10999990000003,2.94,1488,496,246.34300000000016,77.53899999999994
MAC003479,1487,495,214.04900020000005,37.58399999999997,0.472,1488,496,45.596999999999994,8.881999999999982
MAC003480,1487,495,314.93300039999997,60.83200010000002,2.71,1487,496,79.80400000000004,20.090999999999998
MAC003481,1487,495,352.2750001000003,85.18299999999999,2.09,0,0,0.0,0.0
MAC003482,1486,495,450.90100039999913,103.16600000000007,2.158,1488,496,377.6199999999997,95.59899999999989
MAC003484,1487,495,261.0250000000002,43.43200000000002,1.832,0,0,0.0,0.0
MAC003485,1486,495,304.62500000000045,51.07499999999992,1.21,1488,496,174.63699999999986,42.01100000000003
MAC003486,1487,495,165.42699999999985,34.745000000000005,0.582,1488,496,127.19200000000018,39.20199999999999
MAC003487,1487,495,244.59699989999987,25.860999999999954,0.81,1488,496,119.0440000000006,26.604999999999983
MAC003488,1487,495,336.63699980000007,52.78999999999996,1.06,1488,496,279.19000009999996,56.78500000000007
MAC003490,1487,495,291.64100019999984,41.86900000000005,1.01,1488,496,301.7690002000005,52.437999999999974
MAC003491,1487,495,445.58199979999955,60.61500000000001,2.218,1488,496,326.0830002,62.228999999999935
MAC003492,1487,495,118.37200000000037,19.972000000000033,1.032,1488,496,80.91200000000019,24.50399999999995
MAC003493,1487,495,200.34899989999963,37.59200000000002,0.754,1488,496,183.01099999999968,39.50100000000004
MAC003494,1487,495,218.877,33.46900000000002,0.538,1488,496,145.3229999999998,34.214999999999996
MAC003495,1487,495,254.88800000000018,40.644000000000034,0.342,1488,496,156.87099999999987,31.010999999999985
MAC003496,1487,495,263.3259999999999,57.02199990000005,2.3599998,1488,496,144.27300000000002,31.148000000000007
MAC003497,1487,495,468.9039998999995,88.94700000000012,2.956,1488,496,132.07600000000048,33.99899999999996
MAC003498,1486,494,247.4610000999996,40.235000000000014,0.624,1488,496,228.3770000999997,42.30899999999997
MAC003499,1487,495,192.06200029999988,12.172999999999988,0.224,1488,496,89.35200000000036,17.408999999999992
MAC003500,1486,494,254.48899950000046,37.39799999999995,1.736,1487,496,173.43500009999983,36.239999999999995
MAC003501,1487,495,493.5850001999997,100.21099999999986,2.914,1488,496,395.31799989999956,109.73000000000002
MAC003504,1487,495,185.6789999999999,43.88000000000002,0.732,1488,496,101.42400000000009,32.410000000000025
MAC003506,1487,495,1220.1879986000006,186.47500010000007,3.826,1488,496,829.1000007000005,162.53700020000005
MAC003507,1487,495,2812.817001700004,759.7630001000001,8.7819996,1488,496,872.1380005000009,200.24599969999994
MAC003508,1486,494,495.9419997999998,126.59300000000009,2.43,1486,496,408.95899990000055,97.29400000000007
MAC003509,1487,495,94.42199999999967,21.98900000000004,2.71,1488,496,89.2179999,26.804999999999996
MAC003510,1486,494,446.0459999999996,111.61500000000011,1.73,1487,496,488.12999989999963,131.8300000000001
MAC003511,1487,495,322.0699996999998,63.25600000000006,1.464,1488,496,268.7200000000001,54.289999999999985
MAC003512,1487,495,249.30200019999984,64.456,1.714,1488,496,195.01499999999922,48.611000000000104
MAC003514,1487,495,453.5909998999995,138.91100000000012,1.374,1486,496,367.34499999999997,94.78100000000003
MAC003515,1487,495,280.70900009999986,68.05399999999996,1.3,1488,496,239.43000000000018,73.29599999999996
MAC003516,1487,495,107.10399999999979,21.746000000000006,0.19,1488,496,116.07799999999945,31.711000000000055
MAC003517,1487,495,281.3870000999998,54.90199999999995,1.614,1487,496,244.36599989999982,55.14100000000002
MAC003518,1487,495,324.0680007999999,55.934999999999945,1.582,1488,496,266.5150000000001,60.86800020000005
MAC003519,1487,495,137.57000000000022,24.451,0.968,1488,496,120.96199999999978,26.106000000000005
MAC003520,1487,495,316.58899999999994,53.311999999999976,1.38,1488,496,186.7890000000001,46.19099999999995
MAC003521,1487,495,144.012,13.99900000000004,0.498,1488,496,98.52799999999986,15.847999999999995
MAC003522,1487,495,410.9759999999999,103.44799999999998,1.428,1481,492,307.46999999999935,101.76199999999999
MAC003526,1487,495,321.065,59.46799999999997,1.27,1488,496,196.38799999999955,47.632999999999974
MAC003527,1487,495,540.6400005000006,169.81300049999984,3.0079998,1488,496,262.52300020000075,73.65699999999985
MAC003529,1487,495,209.72599999999983,26.01399999999998,0.52,1487,496,107.78700000000019,22.038999999999994
MAC003530,1487,495,71.39400000000012,19.61199999999999,0.668,1488,496,46.78300000000006,15.116999999999972
MAC003532,1487,495,326.27200000000005,82.18900000000001,2.638,1488,496,96.23599999999982,23.65199999999999
MAC003533,1487,495,340.06300019999975,48.36699999999999,0.934,1488,496,324.7050001999996,36.36899999999999
MAC003534,1487,495,521.7389995999997,67.23899999999995,3.35,1488,496,213.0060001000009,58.78099999999988
MAC003535,1487,495,456.01500020000054,106.78899999999994,2.066,1488,496,345.7549996999996,101.9119999999999
MAC003537,1487,495,411.2339999000009,71.83399999999993,1.994,1487,496,287.14399999999983,48.718
MAC003538,1487,495,148.90499999999997,20.90499999999994,0.502,1488,496,104.01000000000032,20.20299999999996
MAC003540,1487,495,200.90500000000026,39.29099999999996,0.646,1488,496,151.54900000000043,32.53499999999997
MAC003542,1487,495,123.52000000000034,15.852999999999982,0.454,1488,496,80.5090000000002,10.237999999999982
MAC003543,1487,495,194.7570000000002,43.996000000000016,0.58,1488,496,195.20399989999962,42.88100000000006
MAC003546,1487,495,85.1860000000001,10.931999999999963,0.1,1488,496,65.101,13.190999999999981
MAC003547,1487,495,506.88300019999883,87.7060002999999,2.4920002,1487,496,424.31699969999966,101.69500000000004
MAC003548,1487,495,601.9429992999997,23.537000000000006,0.5,1487,495,240.43400000000068,36.20199999999997
MAC003549,1487,495,347.8900000000003,51.594999999999956,0.784,1487,496,253.15699990000022,56.37199989999999
MAC003551,1487,495,105.68700000000027,17.418,0.478,1488,496,90.9400000000003,20.26600000000002
MAC003552,1487,495,218.07799999999975,32.348000000000035,0.664,1488,496,185.98999999999995,34.054999999999986
MAC003553,1487,495,504.91799960000066,155.34900000000002,3.006,1488,496,392.46099999999973,125.89199999999998
MAC003554,1104,368,52.851999999999954,13.152999999999992,0.442,0,0,0.0,0.0
MAC003556,1487,495,634.2970001000008,134.96100009999998,2.7420002,1488,496,535.7449997000002,111.64000000000009
MAC003557,1487,495,385.5189999000002,71.86199999999988,1.798,1488,496,203.38799990000018,41.11200000000002
MAC003558,1487,495,429.6140000000001,94.1960000000002,1.694,1488,496,341.42000000000013,84.69799999999991
MAC003561,1487,495,276.27899999999937,45.683,1.254,1487,496,175.1470000000002,38.072999999999965
MAC003562,1487,495,172.6480002,27.44700000000003,1.172,1488,496,172.62999999999997,35.455
MAC003563,1487,495,342.09799979999946,68.15699999999997,1.628,1488,496,278.4599999000006,56.4619999000001
MAC003564,1487,495,126.40100000000027,25.046,0.256,1488,496,131.97799999999955,36.195000000000014
MAC003565,1487,495,270.7829999999997,39.592,0.39,1487,496,233.7330000000003,53.077000000000005
MAC003566,1487,495,1208.1030001999995,267.9530000999999,2.826,1488,496,582.4180002000007,145.7419999999998
MAC003567,1487,495,375.2880000000003,64.44200000000006,0.744,1488,496,240.73399999999984,70.51300000000009
MAC003568,1487,495,1274.0950012999995,275.4290003999997,6.868,1488,496,348.19799989999996,92.10800010000015
MAC003569,1487,495,171.90400000000008,39.26100000000004,0.474,1487,496,179.68900000000002,48.39999999999999
MAC003570,1487,495,271.9100001000005,65.679,1.134,1488,496,251.7429999999997,79.96700000000001
MAC003572,1487,495,331.07000020000015,72.14700000000003,2.776,0,0,0.0,0.0
MAC003573,1487,495,375.90799999999996,69.77300000000005,1.846,1488,496,381.3830000999994,84.31800000000001
MAC003574,1486,495,662.7779999999979,135.16200000000012,2.388,1488,496,428.3240000000003,101.09499999999989
MAC003575,1487,495,392.9389999000008,83.36199999999994,1.244,1488,496,331.42900010000045,67.16499999999999
MAC003576,1487,495,405.36100040000036,117.80099990000001,3.474,1487,496,285.0240001999999,85.617
MAC003577,1487,495,195.66300000000012,36.772999999999996,0.504,1488,496,185.9800000000002,43.838000000000015
MAC003578,1486,494,63.934000100000425,14.543999999999922,0.902,1488,496,49.53700000000003,7.932999999999987
MAC003579,1487,495,346.6389999999997,77.378,1.262,1488,496,359.07700019999953,87.08100000000009
MAC003582,1487,495,290.1630000000002,33.713999999999956,0.67,1488,496,209.3669999999992,40.40400000000002
MAC003583,1487,495,339.8899994000006,51.05300000000013,0.736,1478,492,250.1019998999998,60.227999999999945
MAC003584,1487,495,325.1909999000003,54.39800000000002,0.638,1488,496,175.253,59.15500000000002
MAC003585,1487,495,668.5239992999998,72.46099999999993,2.638,1488,496,404.4199996000007,103.16399989999994
MAC003586,1487,495,225.5519998999996,37.14399999999997,0.748,1488,496,174.0290000000003,45.189000000000064
MAC003587,1487,495,118.79500000000048,29.028999999999975,0.624,1488,496,93.55900000000025,27.422
MAC003589,1487,495,520.9200001000002,102.82100000000013,1.8,1488,496,428.9309999,111.89199999999992
MAC003590,1487,495,369.9190000999996,85.21499999999996,2.394,1488,496,354.78299989999994,102.97699999999995
MAC003591,1487,495,273.9729999000003,72.57199999999997,0.68,1488,496,317.5959999999995,89.09200000000004
MAC003592,1487,495,721.1309999000013,151.88200000000006,3.694,0,0,0.0,0.0
MAC003593,1487,495,367.5330000000008,92.28300000000003,1.37,1488,496,313.07199999999966,93.32300000000008
MAC003594,1487,495,1325.5029991999945,443.12999909999996,8.632,1487,496,426.91500119999847,143.20800039999995
MAC003595,1486,495,600.7399996999993,193.80599999999973,3.534,1488,496,467.50099990000007,141.65199980000006
MAC003596,1487,495,537.2409999999999,84.27300000000004,1.778,1488,496,397.9619997999996,81.23700000000018
MAC003597,1487,495,1104.9639998,206.6120000000002,2.542,1488,496,767.787999500001,200.46399999999988
MAC003598,1487,495,140.89600000000004,23.219000000000012,0.534,1488,496,138.95199999999994,32.935999999999964
MAC003599,1487,495,439.33000000000027,97.59200000000003,1.21,1488,496,326.0389997000001,58.46000000000001
MAC003600,1487,495,131.04200020000022,10.469999999999938,0.334,1488,496,104.84500000000007,17.020999999999994
MAC003601,1487,495,180.66999999999965,34.6739999999999,1.764,1487,496,179.98899999999972,47.57299999999999
MAC003602,1487,495,1142.7550004999996,157.82299959999995,3.932,1487,496,210.21900000000022,46.803999999999995
MAC003603,1487,495,1241.219000100002,413.4620006999999,6.066,1488,496,604.0480001000001,209.37900000000016
MAC003604,1487,495,291.6100001000005,46.18000000000003,1.622,1488,496,176.64800000000008,37.382
MAC003607,1487,495,1110.7430004999992,178.90499989999984,2.408,1488,496,242.62499980000024,56.28400000000006
MAC003608,1487,495,340.3540000999998,82.24399999999994,1.856,1486,495,267.2960001000001,64.78499999999995
MAC003609,1487,495,993.7409999000006,224.739,3.368,1487,496,539.4229995000002,112.16399999999994
MAC003610,1487,495,619.112999900001,186.89299999999994,2.888,1488,496,555.477000199999,182.59599990000024
MAC003611,1487,495,308.7400002000003,45.33100000000003,2.002,1488,496,282.98400030000073,60.26300000000003
MAC003612,1487,495,307.66300010000054,57.58800000000002,1.992,1488,496,341.41799989999953,103.13799989999995
MAC003613,1487,495,1244.0840011,229.12700039999976,3.94,1488,496,623.0430000999997,128.33300000000003
MAC003614,1487,495,353.4129999000004,63.44899989999997,2.1659998,1488,496,39.740999999999985,12.585999999999993
MAC003615,1486,494,527.0029998999993,189.58900000000017,2.78,1488,496,349.9019997999996,93.07200000000006
MAC003616,1487,495,105.61499999999971,20.748999999999995,0.482,1488,496,103.8369999999997,22.81699999999997
MAC003618,1487,495,137.25100000000037,21.38499999999998,0.678,1488,496,101.50100000000039,32.436
MAC003619,1487,495,161.06800000000004,35.94200000000004,0.624,1488,496,159.1099999999997,37.60799999999998
MAC003620,1487,495,246.40899999999982,62.96100000000004,1.356,1488,496,193.84300000000042,52.95599999999995
MAC003621,1487,495,536.6060002000004,66.18900000000004,0.854,1488,496,298.96899999999977,75.96699999999998
MAC003622,1487,495,749.7919998999987,71.57499990000005,2.1199998,1488,496,269.1450001000001,37.33999999999997
MAC003623,1487,495,561.7749997000011,122.13400000000013,2.012,1486,496,470.97599949999966,145.40099990000007
MAC003624,1487,495,237.12500009999988,76.59200000000008,2.45,1488,496,154.0249999999999,41.573000000000036
MAC003625,1487,495,273.05300009999934,53.51300000000003,0.842,1488,496,95.69900000000027,22.978999999999985
MAC003627,1487,495,0.0,0.0,0.0,1488,496,0.0,0.0
MAC003628,1487,495,518.4339996999992,134.0929998999999,2.4059998,1488,496,340.9919998000002,87.3259999999999
MAC003629,1487,495,278.8229999999998,83.38399999999999,1.204,1488,496,94.56800000000104,28.78000000000001
MAC003630,1487,495,81.11100000000042,22.960999999999988,0.486,1488,496,125.06499999999983,27.705999999999985
MAC003631,1487,495,133.6329999999996,35.449999999999996,0.408,1488,496,162.99500000000032,50.08100000000003
MAC003632,1487,495,289.27799989999914,57.41600000000008,1.9,1488,496,297.31400000000053,56.64399999999997
MAC003633,1487,495,545.7009996000005,105.59300000000005,1.562,1488,496,508.6760003000005,118.37700009999996
MAC003635,1486,495,70.51999999999983,22.44700000000001,0.198,1488,496,53.82900000000025,14.069999999999961
MAC003636,1487,495,253.94899989999985,53.04700000000002,0.75,1488,496,211.8529998999998,56.55400000000002
MAC003639,1487,495,643.7250000999987,132.8220000000001,2.59,1488,496,484.0439998000003,113.22900010000012
MAC003640,1487,495,602.696999899999,148.2750002,2.1860002,1488,496,292.5930000000003,59.92399999999997
MAC003641,1487,495,297.7030000999998,43.882999999999946,0.736,1488,496,290.18499990000004,42.75300000000001
MAC003642,1487,495,772.0910005999989,115.54199999999989,4.138,1488,496,600.7710000000008,162.39899980000004
MAC003644,1487,495,431.8709998999996,104.75399999999999,2.178,1488,496,294.5090000000001,65.82499999999999
MAC003645,1487,495,143.92699999999988,37.30400000000003,0.5,1488,496,88.2439999999999,21.258000000000017
MAC003646,1487,495,372.7019997000004,40.74899999999999,0.932,1488,496,239.82999980000025,51.847000000000016
MAC003647,1487,495,293.88999989999957,70.83400000000012,2.116,1488,496,230.17800009999996,81.42199990000009
MAC003650,1487,495,529.4239997000005,58.381000000000064,1.008,1486,496,268.9329997999997,45.122
MAC003651,1487,495,950.1420008000001,232.09700000000012,2.636,1487,496,493.76599990000017,106.04300010000009
MAC003653,1487,495,521.7530002000012,118.49499999999976,1.852,1488,496,369.67399990000035,95.93999999999997
MAC003654,1487,495,296.4599999,30.57599999999999,0.704,1488,496,157.42200019999953,25.612999999999975
MAC003655,1487,495,847.472999899999,243.04099989999986,3.21,1488,496,534.0150001000001,155.296
MAC003656,1487,495,547.8659996000001,93.0250000000001,1.0,1440,480,561.5539995999995,121.21099999999998
MAC003657,1487,495,180.0379999999996,40.155,0.372,1488,496,187.04199999999975,55.172000000000025
MAC003658,1487,495,468.30399979999993,123.16300000000005,3.026,1488,496,215.6510000000001,53.959999999999994
MAC003659,1487,495,271.39899969999954,53.50199999999994,1.326,1488,496,211.3569999000003,54.896999999999935
MAC003660,1487,495,167.60500000000008,38.052000000000014,1.1,1488,496,153.21100000000004,33.50199999999999
MAC003662,1487,495,385.48399960000035,103.26000000000006,1.918,1488,496,298.47499999999985,73.87800000000003
MAC003663,1486,494,257.56100010000034,80.54300000000005,1.912,1488,496,182.331,46.501
MAC003664,1487,495,334.2429998000001,91.51000000000009,1.584,1487,496,134.73100000000036,37.690999999999995
MAC003667,1487,495,1891.4459996000014,580.0000002000003,4.112,1488,496,398.1810000999992,140.79200000000006
MAC003668,1487,495,1328.1749996000008,217.9540000999998,6.5960002,1488,496,914.5350011999989,149.37599989999998
MAC003670,1487,495,262.85299999999984,47.29699999999997,0.684,1488,496,136.53699999999986,30.22800000000002
MAC003671,1487,495,173.23500000000027,38.96400000000001,1.548,1487,496,169.06100000000006,42.827999999999996
MAC003672,1487,495,270.77800030000026,33.50000000000002,1.5,1488,496,159.94999999999996,34.21
MAC003673,1487,495,210.1869999,29.798999999999992,0.97,1488,496,165.8090000000004,37.376999999999974
MAC003674,1487,495,352.5399997999999,55.50900000000004,1.854,1488,496,267.46700000000004,59.053000000000054
MAC003676,1487,495,798.3959992,207.53099989999987,3.852,1488,496,318.0640000000002,83.66000009999999
MAC003678,1487,495,532.7100003,129.30099999999987,1.538,1488,496,331.7279998999999,95.90900000000003
MAC003680,1439,479,554.5859996999993,108.08099989999997,2.506,1488,496,318.12699970000045,60.85999999999993
MAC003681,1487,495,274.6789994999999,38.152000099999995,3.1300002,1488,496,226.20200000000037,56.02200000000003
MAC003683,1487,495,352.85299989999936,71.64400000000003,1.826,1488,496,332.3219999999999,97.8280000000001
MAC003685,1487,495,430.6490001999994,63.9969999999999,1.646,1488,496,300.94400010000066,61.330999999999996
MAC003686,1487,495,504.5090003000003,69.25000000000001,1.568,1488,496,499.71999969999945,98.95700000000005
MAC003687,1487,495,417.1619995999997,125.8370000999999,6.994,1488,496,370.943999900001,92.92599999999996
MAC003688,1487,495,231.17499999999993,38.67000000000004,0.43,1488,496,244.12100000000066,64.46399999999991
MAC003689,1487,495,624.931000300001,183.1009997,3.322,1488,496,179.759,52.642999999999994
MAC003690,1487,495,211.5600000000001,26.929999999999968,0.986,1488,496,151.13999999999984,41.21399999999999
MAC003691,1487,495,162.00799999999978,22.14999999999998,0.37,1487,496,131.5800001000003,24.971000000000004
MAC003692,1486,495,283.2360001999998,49.765,1.118,1488,496,206.95900010000003,43.853999999999964
MAC003693,1487,495,573.9729992999995,114.62999999999998,2.19,1487,496,451.4380000999995,103.04199999999996
MAC003694,1487,495,62.99499999999994,10.632999999999994,0.374,1488,496,80.38200000000015,19.17699999999997
MAC003696,1487,495,196.95499999999998,43.822999999999965,0.872,1488,496,119.0839999999999,28.18
MAC003697,1487,495,858.2420008000006,124.86499999999998,2.136,1488,496,473.54000000000036,103.46200000000006
MAC003698,1486,495,261.5459999999999,49.60700000000004,0.79,1488,496,209.34200000000047,49.72200000000003
MAC003699,1487,495,735.6350007999994,211.7650004000001,2.636,1488,496,107.22700020000052,11.454000000000006
MAC003700,1487,495,125.87499990000003,35.17200000000001,0.97,1486,495,124.2900000000004,29.100999999999992
MAC003701,1487,495,152.647,20.832999999999977,0.302,1487,496,116.23299999999988,26.83400000000001
MAC003702,1487,495,124.58899990000013,36.22799990000001,3.1559998,1488,496,380.30000079999957,107.83000020000019
MAC003704,1487,495,701.3320005000005,178.66400039999996,5.2680002,1486,495,353.7309990000001,91.21499970000004
MAC003707,1487,495,90.28599999999996,30.565999999999995,0.184,1487,496,111.7419999999998,24.89800000000001
MAC003709,1487,495,1667.826000099999,403.3110007000001,4.46,1488,496,421.8949997999994,119.93799999999995
MAC003710,1487,495,231.23500020000014,61.378000000000036,1.956,1488,496,192.3790000000003,51.82399999999999
MAC003711,1487,495,545.6709998000002,147.01999990000022,3.6400002,1488,496,380.0880002999995,102.48900000000006
MAC003712,1487,495,1309.5980007000026,186.7359993999999,5.5079998,1488,496,488.45000010000064,73.12600000000003
MAC003714,1487,495,395.9900000000002,79.62600000000002,2.22,1487,496,340.532,66.64000000000006
MAC003715,1487,495,336.2819999000005,50.60700000000004,0.778,1488,496,378.6210000999997,63.12200000000001
MAC003716,1487,495,233.36100000000002,24.444000000000003,0.88,0,0,0.0,0.0
MAC003717,1487,495,1352.8059999999994,146.84100060000003,4.6659998,1488,496,103.67300020000016,29.027000099999967
MAC003718,1487,495,331.0389999999993,83.29699999999997,1.714,1488,496,289.84499999999986,77.86899999999997
MAC003719,1487,495,475.6770002000006,85.43600000000004,2.302,1488,496,362.5309998999996,83.29100000000001
MAC003720,1486,495,347.48000049999985,73.87500010000008,2.174,1488,496,265.49199970000035,58.765999899999976
MAC003721,1486,495,139.29700000000014,33.11599999999998,0.822,1488,496,128.223,34.97999999999998
MAC003724,1487,495,310.4469998999999,109.88399989999999,3.0179998,1488,496,199.3350000000002,79.27599999999985
MAC003725,1487,495,718.8239990000008,129.59500000000006,2.554,1488,496,456.25400010000095,88.31999989999998
MAC003726,1487,495,381.96600020000017,60.42300000000005,0.716,1488,496,310.5199999999999,65.62500000000001
MAC003727,1487,495,335.8700002000004,32.12399999999997,0.856,1488,496,218.58999989999984,39.43899999999999
MAC003729,1487,495,470.5489999000001,69.41300000000001,0.95,1488,496,315.1140000000001,62.144000000000005
MAC003730,1487,495,567.9329993000009,59.672000000000125,3.796,1488,496,232.02700010000007,45.592999999999996
MAC003731,1487,495,164.9700000999998,24.683000000000018,0.248,1488,496,129.02600000000015,32.96399999999998
MAC003732,1487,495,885.3019995999999,198.24400000000014,2.464,1488,496,573.4349998999996,179.50600000000009
MAC003733,1487,495,767.0980007,125.46599989999987,2.716,1488,496,575.9660001999991,166.49199999999996
MAC003734,1486,494,412.3330005000001,129.72599970000016,3.366,1488,496,198.9239998999996,96.34599990000012
MAC003735,1486,494,359.7880001000002,82.92500009999999,3.7420002,1488,496,266.765,72.14699999999986
MAC003737,1487,495,281.6939998000002,33.055,0.666,1488,496,306.30200030000077,70.34200000000004
MAC003739,1487,495,221.29899999999964,42.445000000000086,2.274,1488,496,142.9580000000006,32.28699999999998
MAC003740,1487,495,413.93200000000024,96.05299999999998,1.716,1488,496,173.64500000000015,42.59400000000002
MAC003741,1487,495,382.3910004000008,61.33599999999998,0.818,1488,496,331.67399939999996,61.57400000000004
MAC003742,1487,495,152.00100000000018,25.672999999999995,0.406,1487,496,154.0410001000002,24.959999999999983
MAC003743,1487,495,241.54899999999984,39.34300000000007,1.106,1488,496,212.22200000000015,56.516000000000055
MAC003744,1487,495,106.56300000000064,15.850999999999972,0.302,1487,496,109.17600000000041,17.752999999999997
MAC003746,1487,495,1807.2830015999987,381.6600001999997,7.6739998,1488,496,518.3859997999997,115.86399979999989
MAC003748,1487,495,491.26799979999885,90.88500000000009,1.858,1488,496,441.9250001999993,100.17300000000012
MAC003749,1487,495,1432.4929985999993,514.4399991999998,3.7579998,1488,496,188.2100001,113.55200000000016
MAC003750,1487,495,532.433000099999,90.88,1.476,1488,496,381.6280000999999,82.45500000000004
MAC003751,1487,495,328.30499980000013,56.34400000000001,1.852,1488,496,207.1589998999995,48.39599999999999
MAC003752,1487,495,395.86600029999965,71.30200000000002,1.804,1488,496,319.7420000999998,64.33900000000004
MAC003754,1487,495,390.7949998999998,92.28700000000016,1.93,1488,496,304.4639999999998,82.4290000000001
MAC003755,1487,495,482.9560001999994,75.67600000000002,2.484,1488,496,278.08700009999995,51.85999999999997
MAC003756,1487,495,715.5689999000002,137.55800000000002,1.442,1488,496,499.7119998999988,91.3060000000001
MAC003757,1487,495,531.0880001000002,95.9279998,3.49,1487,496,397.88,89.52200000000006
MAC003759,1487,495,457.54300020000017,79.09900000000003,1.858,1488,496,230.84500000000043,58.914000000000094
MAC003761,1487,495,109.93900000000055,29.03699999999999,0.408,1488,496,116.39600000000023,34.37600000000005
MAC003763,1487,495,156.3900000000003,24.95800000000001,0.432,1488,496,124.4390000000007,19.767999999999983
MAC003764,1485,494,1051.744999099999,206.4889993000002,4.7880002,1488,496,197.16299990000064,54.836
MAC003765,1487,495,259.07299980000033,41.62799979999994,2.378,1487,496,189.4680000999995,45.899000000000065
MAC003767,1487,495,220.06199979999963,33.238999999999976,0.634,1488,496,191.1860000000005,34.59199999999993
MAC003768,1487,495,559.9489996000004,109.87800009999998,2.592,1488,496,443.56500009999974,120.94200000000005
MAC003770,1487,495,409.7510003000004,116.87700000000004,2.394,0,0,0.0,0.0
MAC003772,1487,495,1019.9860002000024,317.9690004000001,7.75,1487,496,168.3590001000011,81.9070001
MAC003773,1487,495,450.885,94.60600000000005,2.718,1488,496,328.7970002000009,71.93399999999998
MAC003774,1487,495,398.12699979999985,75.79199980000001,2.8699998,1488,496,371.33299999999997,92.58800000000018
MAC003775,1486,494,1259.5780000000025,361.28600049999966,4.2140002,1488,496,548.6499994999999,93.2919999
MAC003776,1487,495,684.9870002999996,121.74300000000021,1.266,1488,496,377.0429998999997,63.465999999999966
MAC003777,1487,495,307.0439998999999,83.73599980000004,2.918,1488,496,406.3300000999994,96.25699999999993
MAC003778,1487,495,254.42599999999976,25.225999999999967,2.286,1488,496,110.50200000000032,21.151999999999962
MAC003779,1486,494,930.5870007999997,214.68600039999964,5.704,1488,496,251.94999990000065,64.6969999999999
MAC003780,1487,495,248.73100010000016,57.490000000000094,1.426,1488,496,219.22600009999994,58.76299999999996
MAC003781,1487,495,228.80599989999993,36.460999999999956,0.848,1487,496,216.2889999999996,47.93400000000005
MAC003784,1487,495,600.0629994000012,135.53400009999987,2.614,1488,496,445.4330000999996,122.59399999999978
MAC003785,1487,495,253.81800000000013,47.14800000000004,1.61,1487,496,125.27800000000038,30.82899999999999
MAC003786,1487,495,341.7409996000002,65.71099980000001,2.938,1486,496,239.81700000000038,51.06500000000006
MAC003787,1487,495,220.14499999999975,48.33799999999992,1.49,1488,496,224.3470000000007,60.40199999999998
MAC003789,1487,495,891.7780011999995,259.8830002,5.9780002,1488,496,192.89200000000014,113.309
MAC003790,1486,495,313.68899980000026,90.67699999999999,3.728,1488,496,153.5510002000002,30.69199999999996
MAC003791,1487,495,142.77399990000004,52.44099999999996,1.25,1488,496,166.58900000000025,68.58499999999987
MAC003792,1487,495,210.50099969999962,33.01199999999999,2.894,1488,496,130.70299990000052,22.943000099999985
MAC003793,1487,495,279.24199999999985,60.11799999999997,1.674,1487,496,216.5869999000002,44.08700000000002
MAC003794,1487,495,627.5099998999993,137.4030000000001,1.348,1488,496,375.8230000000001,97.38000000000005
MAC003795,1487,495,802.7119989000008,137.40499999999994,1.604,1488,496,664.1639999999991,154.5990000000002
MAC003796,1487,495,571.0380010000006,49.8449999999999,2.07,1488,496,177.93900010000021,32.97099999999999
MAC003797,1487,495,91.88099999999982,9.023999999999994,0.298,1488,496,74.77100000000002,11.483999999999977
MAC003798,1487,495,170.59900000000027,34.67700000000001,0.55,1488,496,152.42700000000002,42.03199999999997
MAC003799,1487,495,636.0749994,99.72700009999988,3.9920002,1483,495,647.6759992999994,113.79999989999999
MAC003800,1487,495,383.50399999999996,103.34600050000006,4.0619998,1488,496,324.74999959999946,95.02500020000001
MAC003801,1487,495,398.412,43.79399999999995,2.586,1488,496,230.2850003,43.99599999999997
MAC003802,1482,495,797.9460007000016,168.14300009999988,5.368,1488,496,485.8569994999996,166.11600009999984
MAC003803,1487,495,348.41799999999984,35.721000000000004,1.198,1488,496,126.5190000000002,22.779999999999998
MAC003804,1487,495,616.5860004999996,78.79500009999995,3.27,1488,496,253.38900020000025,65.94200009999997
MAC003805,1487,495,469.36399980000033,95.753,1.604,1488,496,311.75900000000007,69.68099999999995
MAC003806,1487,495,187.15999999999988,33.96999999999997,1.682,1488,496,203.84300010000047,37.152999999999956
MAC003809,1487,495,98.37300000000019,11.174999999999992,0.516,1488,496,112.47700010000032,18.393999999999984
MAC003810,1487,495,458.0360000000007,80.16700000000002,2.348,1488,496,286.7769999999996,59.005999999999965
MAC003811,1487,495,414.1640003,49.669,2.168,1487,496,260.0219997000004,44.777000000000044
MAC003812,1487,495,193.26699999999974,20.74199999999995,0.442,1488,496,159.65000000000018,25.63300000000001
MAC003813,1487,495,471.6229999999998,102.67000000000014,1.062,1488,496,483.95900020000005,112.67099999999996
MAC003814,1487,495,207.72700000000032,43.409999999999975,1.576,1488,496,166.7649999999997,37.54599999999999
MAC003815,1487,495,302.39000030000005,61.403999999999996,1.788,1488,496,296.2350000999993,68.71399999999991
MAC003817,1487,495,893.6970010999999,259.578,5.696,1488,496,251.87300019999992,86.66999999999982
MAC003818,1487,495,865.521999399999,261.7250000000001,2.28,1469,492,137.48899999999955,46.4630000000002
MAC003819,1487,495,432.4570003999994,76.27399999999993,1.794,1488,496,365.52999990000023,95.36999999999982
MAC003821,1487,495,416.1569998000005,72.76799999999993,1.982,1488,496,302.77400009999997,75.38900000000002
MAC003822,1487,495,245.17899990000012,51.761000000000045,0.606,1488,496,175.4470000999997,34.99399999999999
MAC003824,1487,495,344.87300010000024,74.11399999999999,1.844,1488,496,256.007,63.81400000000008
MAC003825,1487,495,92.21999999999993,23.965999999999976,1.126,1488,496,146.3939999999999,43.52199999999997
MAC003826,1487,495,379.58099920000126,92.26600000000003,1.996,1488,496,297.10500030000094,85.88099999999984
MAC003828,1487,495,402.91399999999965,57.29200000000002,1.636,1488,496,342.12700020000005,75.60000000000004
MAC003830,1487,495,117.32799999999972,31.727999999999987,0.544,1485,496,114.28899999999845,34.658000000000136
MAC003831,1487,495,347.99099999999953,127.82300000000009,1.306,1487,495,151.05999999999986,49.24299999999994
MAC003832,1487,495,1046.1269993,320.77299990000006,2.822,1473,496,445.9309998999995,137.63799990000007
MAC003833,1487,495,227.09099999999984,56.486000000000026,1.046,1488,496,176.34200000000013,60.44899999999996
MAC003834,1487,495,342.8329998000001,57.110999999999954,0.85,1488,496,352.3220001999998,75.40199999999997
MAC003835,1487,495,375.39299989999967,52.40500000000003,0.744,1488,496,317.84699990000036,63.475999999999935
MAC003836,1487,495,726.5139989999997,103.40699999999997,2.832,1488,496,432.7420000000001,100.91200000000005
MAC003837,1487,495,121.7330000000004,25.594999999999978,0.438,1488,496,87.7620000000004,22.417999999999978
MAC003838,1487,495,483.385999,102.64200000000012,1.15,1486,496,337.5059998999998,97.2390000000001
MAC003839,1487,495,414.7200001000002,46.447000000000045,1.082,1488,496,184.95399980000028,56.86100000000006
MAC003840,1487,495,372.6899999000005,56.84699999999999,1.148,1488,496,215.81199999999995,56.49499999999994
MAC003841,1487,495,358.2290004000001,94.84500000000001,3.106,1488,496,303.4759998,80.74299989999997
MAC003842,1487,495,502.5550000000007,112.57300000000018,2.026,1488,496,536.5940004999993,145.48400000000012
MAC003843,1487,495,421.8850003000001,75.87599999999996,1.618,1488,496,494.44099960000017,120.60600000000002
MAC003844,1487,495,434.87099999999975,80.818,3.7119998,1488,496,424.39699989999946,101.40100000000024
MAC003845,1486,495,300.28800000000024,60.86900000000005,0.86,1488,496,223.00800000000035,50.11299999999993
MAC003846,1487,495,104.19200000000068,17.353000000000016,0.688,1488,496,60.064999999999905,19.982999999999933
MAC003847,1487,495,218.64600000000027,33.851999999999975,1.486,1488,496,154.83099999999942,44.13699999999999
MAC003849,1487,495,175.43600009999997,36.64300000000003,0.932,1488,496,187.23600000000042,55.79999999999999
MAC003850,1487,495,332.8720000000001,50.18799999999988,1.01,1488,496,223.3519999999999,44.43699999999998
MAC003851,1487,495,504.6209996000003,59.95700000000002,1.896,1488,496,295.66600010000025,78.31099999999999
MAC003853,1487,495,201.24799999999956,34.311999999999976,0.448,1487,496,164.2470000000001,21.423999999999996
MAC003854,1487,495,299.4590006000008,81.10299999999998,2.28,1488,496,245.06500009999948,67.42399999999998
MAC003855,1487,495,398.1519999000004,74.00799999999997,1.168,1488,496,248.35900000000004,51.50600000000009
MAC003856,1487,495,1289.2729994000001,199.75999990000005,4.618,1487,495,786.8400007999995,166.3410000000001
MAC003857,1487,495,148.34199999999845,42.296000000000035,2.952,1488,496,132.37299989999985,38.494999999999955
MAC003858,1487,495,645.7190001000007,53.93300000000001,0.818,1488,496,392.1009997999995,75.37500000000004
MAC003859,1487,495,484.3559998000007,56.16500000000009,1.74,1486,496,450.56899999999985,81.77199990000004
MAC003860,1487,495,1452.6860004000002,372.9920009000001,8.1619998,1488,496,404.46500010000017,111.67199999999998
MAC003861,1487,495,1162.7300005999998,183.38699980000007,4.2519998,1488,496,518.9879998999991,154.58800000000016
MAC003863,1486,495,496.56400009999993,94.05000000000011,1.908,1488,496,324.4649999999998,83.05100000000002
MAC003864,1487,495,258.24399989999944,30.688999999999965,0.588,1488,496,200.30599990000027,45.706000000000046
MAC003866,1487,495,176.4349999999997,34.17999999999999,0.334,1488,496,91.9940000000001,21.489999999999995
MAC003867,1487,495,785.7620010999982,148.57400019999992,3.946,1488,496,470.17599989999934,119.725
MAC003868,1487,495,451.1489994999998,64.341,1.922,1487,496,210.48600000000022,38.41599999999998
MAC003870,1486,495,727.4879998000005,168.24700020000003,2.9260002,1488,496,171.598,42.51700000000001
MAC003871,1486,494,112.19800000000018,19.74500000000003,0.88,1487,496,88.49699999999979,24.346000000000036
MAC003872,1486,494,584.8500002000001,87.26600000000002,1.186,1488,496,488.89999999999964,105.68800000000013
MAC003873,1487,495,422.4799999999999,94.10600000000014,2.092,1488,496,386.16500000000013,112.75600000000006
MAC003874,1487,495,374.8580000000003,101.96000000000001,0.9,1488,496,283.6920000000001,73.78500000000004
MAC003875,1487,495,454.50400000000116,70.45600000000002,0.802,1488,496,371.5849999000007,82.22800000000004
MAC003876,1487,495,504.4390012999996,69.27099999999993,2.892,1488,496,365.70500020000037,55.57800000000001
MAC003877,1487,495,484.9830004000007,80.19999999999999,2.476,1488,496,343.33799989999943,67.33699999999995
MAC003878,1487,495,474.0669999999995,126.56200000000001,1.308,1488,496,303.19800000000004,58.60699999999994
MAC003879,1487,495,409.1370002000005,67.15999999999994,1.418,1488,496,366.1129999000009,66.471
MAC003880,1487,495,270.8240000000002,23.068999999999992,1.16,1488,496,224.84299980000011,40.32399989999998
MAC003881,1487,495,1504.8140009000003,349.58500039999967,4.9060002,1488,496,91.08800000000022,20.865999999999982
MAC003882,1487,495,155.05100000000016,24.08700000000001,0.366,1488,496,119.51600000000036,28.76099999999998
MAC003883,1487,495,129.8880000000004,20.812999999999974,0.34,1487,496,107.30700000000041,22.794999999999987
MAC003884,1487,495,164.46899999999957,8.224999999999984,0.14,1488,496,47.21200000000014,13.455000000000014
MAC003885,1487,495,230.8580002,26.852999999999994,2.244,1488,496,139.04599999999994,26.457000000000015
MAC003886,1487,495,151.531,28.435999999999982,0.364,1488,496,152.06499999999926,31.111000000000036
MAC003887,1487,495,241.38099999999977,50.88000000000001,1.416,1487,496,209.1409999999999,49.18600000000009
MAC003888,1487,495,303.9640001000006,66.81300000000005,2.122,1487,496,288.40400000000005,63.22600000000005
MAC003889,1487,495,319.83,57.71000000000005,0.818,1488,496,341.26299999999986,81.41200000000003
MAC003891,1487,495,235.48400000000026,66.25499990000009,3.106,1488,496,224.42400020000002,63.35600000000009
MAC003893,1487,495,155.42400000000012,28.86800000000002,1.094,1487,495,86.74900000000032,21.595999999999975
MAC003894,1487,495,219.48799999999972,48.57900000000001,1.5,1488,496,177.77599999999953,51.46900000000009
MAC003896,1487,495,386.00900010000026,53.30200000000002,1.578,1488,496,287.3739994000001,59.418000000000006
MAC003898,1487,495,351.9089997999999,53.16600000000008,2.648,1488,496,268.9630003999996,43.54799990000005
MAC003900,1487,495,388.24199990000005,116.87200000000003,3.696,1488,496,401.5200005999995,118.98000010000014
MAC003901,1487,495,252.9929999999997,75.40999999999998,1.074,1488,496,102.73200000000017,37.104000000000006
MAC003902,1487,495,549.9279998000009,127.05600009999993,2.5280002,1488,496,493.1720001000007,139.47399990000008
MAC003904,1487,495,555.3730001000008,172.836,1.828,1488,496,254.87800009999975,72.60699999999991
MAC003905,1486,494,269.984,56.60599999999998,0.918,1487,496,145.1760000000001,34.189000000000014
MAC003906,1487,495,918.9090001999997,246.2990000999996,7.42,1488,496,190.81599989999975,101.70699979999998
MAC003907,1487,495,1611.6499970000016,503.11799879999995,5.6680002,1488,496,396.5420003999996,111.40500010000007
MAC003908,1487,495,183.52399999999975,28.497000000000014,0.696,1488,496,149.98599999999988,37.00800000000002
MAC003909,1487,495,439.96900040000037,97.91700000000003,2.112,1488,496,480.71800030000054,160.8980001000001
MAC003910,1487,495,115.06100000000032,30.449000000000016,1.164,1487,496,87.9030000000003,22.774000000000058
MAC003912,1487,495,239.6199999,59.468,1.154,1488,496,228.55699999999976,55.87400000000005
MAC003913,1487,495,245.61600000000044,48.02499999999997,1.624,0,0,0.0,0.0
MAC003917,1487,495,568.2819997000001,89.9860001,2.756,1488,496,290.60399980000017,63.584000000000046
MAC003918,1487,495,241.2310000000006,64.02500000000003,2.994,1488,496,236.39299999999997,84.174
MAC003920,1487,495,89.04400000000037,22.31799999999999,0.172,1488,496,74.07700000000025,23.837000000000035
MAC003921,1487,495,109.50700000000019,24.794999999999998,0.624,1488,496,97.84300000000005,29.87999999999999
MAC003922,1487,495,214.64100009999987,31.992999999999988,0.672,1488,496,147.91200000000023,29.206999999999987
MAC003923,1487,495,255.0630000000003,55.59499999999997,0.708,1488,496,237.58900000000008,59.92100000000002
MAC003924,1487,495,248.69899999999953,82.57400000000014,1.062,1488,496,220.6169999999999,72.04
MAC003925,1486,494,306.76500000000044,66.03800000000001,0.662,1488,496,154.37499999999997,33.72700000000001
MAC003926,1487,495,160.5859999999999,22.674000000000014,0.37,1488,496,127.93699999999974,26.09299999999999
MAC003927,1487,495,228.77499989999998,21.551999999999992,0.326,1487,496,169.10800000000003,26.77799999999999
MAC003928,1487,495,34.05600000000018,6.282999999999969,0.068,1488,496,27.325999999999848,7.317000000000005
MAC003929,1487,495,154.0740000000002,34.71500000000001,0.558,1487,496,105.59100000000035,28.93199999999995
MAC003930,1487,495,490.12500009999934,106.88800000000005,3.15,1488,496,384.4139997999999,83.636
MAC003931,1487,495,132.1890000000001,42.242999999999974,0.962,1488,496,90.61700000000023,25.654999999999998
MAC003932,1487,495,976.4460012999994,117.90600030000002,4.0900002,1487,495,592.8280001000002,77.35900000000007
MAC003933,1487,495,274.8450000000003,64.88600000000004,2.174,1487,496,219.26999999999998,52.306999999999995
MAC003934,1485,495,471.57000020000027,124.56400000000009,3.056,1488,496,319.51400009999986,86.36700000000005
MAC003935,0,0,0.0,0.0,,0,0,0.0,0.0
MAC003936,1487,495,199.0189999999998,34.138000000000005,1.358,1488,496,165.7290000999999,45.31900000000003
MAC003937,1486,495,358.84100019999954,60.12899999999998,1.192,1488,496,254.7269999999994,47.5760000000001
MAC003938,1487,495,560.8859997999991,51.15099999999998,1.318,1488,496,358.03300029999957,65.92999999999999
MAC003939,1487,495,399.0039999999996,59.54500009999999,2.762,1488,496,339.7720000000007,66.56299999999999
MAC003940,1487,495,292.0949999000002,37.547000000000004,1.164,1488,496,189.79900000000052,47.62400000000004
MAC003941,1487,495,161.36200010000016,28.380999999999982,0.87,1487,496,134.22700000000043,27.967000000000006
MAC003942,1487,495,149.2979999000006,57.54099989999994,2.658,1488,496,204.39899999999994,59.02199999999998
MAC003943,1487,495,73.1440000999999,20.633999999999997,0.174,1488,496,78.86800000000024,23.764
MAC003944,1487,495,230.71100000000007,57.93900000000007,0.42,1488,496,215.61500000000015,63.543000000000085
MAC003945,1487,495,342.60900010000046,62.79799999999997,1.05,1488,496,163.48799999999983,34.00800000000002
MAC003946,1487,495,475.94299989999917,64.557,3.296,1488,496,373.8930001999985,54.35499999999995
MAC003948,1487,495,488.9259998000001,103.32399999999984,2.036,1487,496,382.2459998000004,84.34099999999998
MAC003949,1487,495,393.81699960000014,42.26399999999999,0.72,1486,496,169.28299999999908,39.947999999999965
MAC003950,1480,495,270.0479999999997,43.977999999999966,1.904,1488,496,256.73000000000025,54.86399999999999
MAC003952,1486,495,394.60399949999953,52.66999999999989,1.624,1488,496,329.37500039999964,52.69599999999996
MAC003953,1487,495,93.51100000000011,13.370999999999984,1.56,1487,496,88.99299970000024,15.590999999999942
MAC003955,1487,495,117.02399999999992,32.45,0.684,1488,496,89.22600000000016,25.937
MAC003956,1487,495,457.1769999999999,54.324000000000005,2.996,1488,496,281.3749998000001,61.19200000000006
MAC003957,1487,495,436.3900000000005,100.3919999999999,2.46,1488,496,273.8800000000001,83.163
MAC003958,1487,495,454.39299950000003,60.15000000000006,2.296,1488,496,369.3549999999989,75.24100000000004
MAC003959,1487,495,329.6919996000008,63.55800000000004,1.012,1488,496,251.84099989999999,85.93399990000002
MAC003961,1487,495,765.1089997999998,135.57899999999995,5.784,1487,496,549.8210004000007,114.98000030000009
MAC003962,1487,495,150.4680000999998,39.28499999999998,0.846,1488,496,128.9870000000001,32.59599999999998
MAC003963,1487,495,172.98599999999982,40.227999999999994,0.558,1488,496,146.98299999999912,35.71100000000002
MAC003964,1487,495,157.72700009999997,66.13499999999993,2.738,1488,496,127.77700000000044,43.50900000000001
MAC003965,1487,495,111.76900000000032,18.801000000000037,1.636,1487,496,106.7940000000001,31.678000000000015
MAC003966,1487,495,257.68399989999995,45.04100000000005,1.706,1488,496,223.70100020000004,31.297999999999995
MAC003969,1487,495,666.1100006999987,102.8940003,3.958,1488,496,484.9279995000009,75.34
MAC003970,1487,495,196.61100000000022,46.63299999999996,2.868,1488,496,129.05800000000076,23.353000000000044
MAC003971,1487,495,221.06500010000005,51.218000000000025,0.916,1488,496,174.96799999999996,41.19700000000001
MAC003972,1487,495,793.7679996999998,168.2560003,3.276,1487,496,329.75199990000004,76.60899999999998
MAC003974,1487,495,330.6269995999993,62.58900000000001,2.044,1488,496,232.01300009999974,43.315
MAC003976,1486,495,333.30300000000074,93.46000000000005,1.73,1488,496,399.9610001000001,114.17800009999992
MAC003978,1487,495,651.0720009000004,134.49700000000007,2.58,1488,496,594.9319998000001,152.45499999999987
MAC003979,1486,495,2328.7389989000044,594.0210003000001,5.908,1488,496,770.7869996999993,190.1780000000001
MAC003980,1487,495,221.47799949999978,26.817000000000018,2.204,1488,496,206.5409999000001,36.71999999999997
MAC003981,1487,495,713.4239991999998,124.90500000000002,2.488,1488,496,387.79499999999956,88.89800000000012
MAC003983,1487,495,528.2119999000001,172.30699999999996,2.376,1487,496,142.47300000000016,51.321999999999925
MAC003985,1487,495,311.40199999999965,54.47799999999995,2.316,1488,496,263.95300009999943,74.18800020000002
MAC003986,1487,495,151.42500000000018,33.717999999999996,1.198,1488,496,125.1830000000002,32.59200000000002
MAC003987,1487,495,657.0419992999997,124.90299989999997,3.172,1488,496,369.48999990000027,86.19699999999985
MAC003990,1486,494,153.98900000000017,22.200999999999986,1.688,1488,496,119.25100000000045,28.076999999999977
MAC003992,1487,495,1928.7269990000002,506.07499950000033,5.4780002,1488,496,649.4490003000002,73.39299999999997
MAC003993,1487,495,496.55400020000053,77.87100000000002,2.924,1484,496,266.33200009999996,52.705999999999996
MAC003994,1487,495,174.984,48.29300000000007,1.348,1488,496,204.42100000000036,53.07299999999996
MAC003995,1487,495,269.4739999999994,24.080999999999925,1.396,1488,496,117.68500010000021,21.573999999999938
MAC003996,1487,495,82.16900000000012,27.494999999999997,0.606,1488,496,82.72200000000021,25.933999999999962
MAC003997,1487,495,514.2429997999997,42.29399999999997,2.322,1488,496,249.91,54.68399999999993
MAC003999,1487,495,859.0100000000004,248.806,1.488,1487,495,218.9300000000001,36.761999999999986
MAC004002,1487,495,464.0640001,82.05899999999994,2.434,1488,496,326.18100000000055,73.31699999999988
MAC004003,1487,495,203.15599999999975,60.430000000000035,0.896,1488,496,204.43000000000058,61.669
MAC004004,1487,495,292.7630002000004,48.86099999999998,1.818,1487,496,271.53299979999974,59.8339999
MAC004005,1487,495,211.72900000000004,36.27700000000001,0.644,1487,496,133.27800000000028,22.190999999999985
MAC004006,1487,495,437.9100001000002,81.035,1.834,1487,495,254.87699990000021,55.37499999999997
MAC004007,1487,495,706.660000099999,134.07600000000005,1.906,1488,496,408.22500020000024,92.39100000000013
MAC004009,1487,495,139.85700000000017,23.630999999999986,0.326,1488,496,130.2070000000001,30.38299999999997
MAC004010,1487,495,1821.4369999000041,632.2070004000002,4.974,1488,496,144.9850000000002,27.353999999999974
MAC004011,1487,495,305.1439999000003,52.413999999999916,1.002,1488,496,237.99999999999974,55.88300000000002
MAC004013,1486,495,227.47100000000046,41.692999999999984,0.786,1487,495,240.682,43.17500000000004
MAC004014,1484,495,669.0640001000005,96.42000000000013,2.284,1488,496,550.8170001999983,109.28200000000001
MAC004015,1487,495,558.1989995000014,89.89700009999999,3.6760002,1488,496,279.53299999999973,66.837
MAC004016,1487,495,2147.740000499997,555.1429997,10.1020002,1488,496,595.3860002000007,138.8889999999999
MAC004017,1487,495,147.74600000000012,23.329000000000004,0.652,1488,496,120.60500000000009,34.99699999999998
MAC004018,1487,495,299.6140006999998,41.13300000000003,2.29,0,0,0.0,0.0
MAC004019,1487,495,264.72999989999994,59.99200000000003,1.228,1488,496,203.6990000999999,33.522999999999996
MAC004020,1487,495,549.622000499999,137.79300000000003,2.098,1488,496,327.62599999999975,97.65600000000002
MAC004022,1487,495,70.26800000000019,15.587999999999978,0.846,1488,496,111.02300000000041,30.366000000000017
MAC004023,1487,495,57.728999999999786,18.49400000000002,0.402,1488,496,49.10299999999992,16.31299999999998
MAC004026,1487,495,392.0590000000002,63.120999999999945,1.226,1488,496,220.2000000000002,54.47699999999998
MAC004027,1487,495,96.79700000000018,21.619999999999973,0.528,1488,496,96.00200000000027,22.01100000000001
MAC004028,1487,495,100.80900000000001,27.479999999999936,0.308,1440,480,45.323000000000164,8.892999999999992
MAC004029,1487,495,378.286,89.884,2.76,1488,496,370.58700000000044,102.62700000000002
MAC004030,1487,495,400.6829998000001,69.17099969999994,4.2399998,1488,496,246.22599999999994,62.89200000000007
MAC004032,1487,495,321.8160002000008,63.60700000000003,1.41,1488,496,260.5440001,65.50600000000001
MAC004033,1486,494,370.14799999999957,49.175000000000026,1.528,768,256,68.20999999999985,14.350000000000003
MAC004034,1487,495,350.6649999000002,93.07699989999998,2.4159998,1481,496,138.78099980000036,34.98400000000002
MAC004036,1487,495,327.0930001000006,16.63599999999999,0.212,1486,495,138.9099999000001,23.610000000000053
MAC004038,1487,495,172.69500000000005,57.19599999999999,1.482,1488,496,309.9840001999999,62.57599999999998
MAC004039,1487,495,272.9309998999998,54.94599999999997,0.99,1488,496,177.10399999999905,46.93900000000004
MAC004040,1486,495,135.56600000000034,27.48399999999998,0.592,1488,496,128.06599999999997,31.051999999999968
MAC004041,1487,495,136.65300010000047,23.07499999999996,1.696,1488,496,142.85000000000014,29.905999999999977
MAC004042,1487,495,342.05499980000053,93.95899999999986,1.562,1479,496,295.6269999999999,77.135
MAC004043,1487,495,232.73899989999964,33.791999999999945,0.634,1488,496,167.23900009999983,41.19300000000002
MAC004044,1487,495,237.3080000000001,62.86799999999998,2.52,1488,496,237.60600000000025,71.50699999999995
MAC004045,1487,495,282.7319999999998,72.169,2.246,1488,496,166.5530001000003,40.679000000000016
MAC004046,1487,495,212.88899999999964,42.76999990000002,2.718,1488,496,88.01899990000028,28.320999999999955
MAC004047,1486,495,34.251999999999974,11.547999999999996,0.112,1487,495,162.41399999999942,38.92100000000004
MAC004048,1487,495,869.7619996999996,230.21900020000024,3.226,1487,496,524.8230002999987,129.19300009999995
MAC004049,1487,495,354.12899950000065,45.30799989999997,2.3239998,1488,496,212.85899969999943,34.806999999999974
MAC004051,1486,495,643.5530001,114.20600009999997,2.452,1488,496,442.31000009999985,116.60900000000001
MAC004052,1487,495,182.65600000000006,45.287,1.296,1488,496,130.83799999999917,36.58800000000002
MAC004055,1487,495,869.6680004999985,141.08000010000012,3.858,1488,496,723.3210010000003,126.72200000000008
MAC004056,1487,495,383.3010000000001,114.10099999999979,0.778,1488,496,143.6799999999993,42.41500000000005
MAC004057,1487,495,679.1560010999976,179.28100050000012,5.2319998,1488,496,190.63499980000012,65.48399989999997
MAC004058,1456,476,145.94500000000008,52.39999999999996,2.534,1488,496,218.18999999999966,70.30999999999999
MAC004059,1487,495,421.5689996000005,83.8479999999999,3.812,1488,496,278.87700039999953,58.989000100000105
MAC004060,1487,495,258.9839998999986,44.989000000000026,1.734,1488,496,197.79299999999992,43.799
MAC004061,1486,495,209.52300000000008,40.21499999999997,0.836,1488,496,227.5260000000003,49.41400000000005
MAC004063,1487,495,435.1519999999997,90.00000000000003,1.216,1488,496,263.0060000000004,78.99999999999991
MAC004064,1487,495,96.8670000000004,25.239,1.42,1488,496,105.16800000000002,27.738999999999994
MAC004067,1477,488,0.0,0.0,0.0,1488,496,0.0,0.0
MAC004068,1486,495,305.4820000999998,49.392999999999965,0.994,1488,496,220.2170000000002,44.825
MAC004069,0,0,0.0,0.0,,1343,447,133.7089999999998,40.01999999999995
MAC004070,1487,495,372.02000000000055,126.80399999999985,0.792,1488,496,166.55099999999996,66.07500000000005
MAC004071,1487,495,322.97399999999976,92.02099999999996,5.4260002,0,0,0.0,0.0
MAC004072,1487,495,252.9310000000001,49.29100000000001,0.442,1488,496,263.1550000000002,58.75299999999991
MAC004073,1487,495,234.50699989999993,55.53800000000003,1.152,1488,496,135.1770000000001,33.00599999999998
MAC004074,1487,495,546.3960000000012,154.77699999999993,1.838,1488,496,275.5759999999998,95.53299999999989
MAC004075,1487,495,555.0610002999991,33.11799999999989,1.208,1488,496,242.70300009999957,29.77399999999998
MAC004077,1487,495,172.78499999999997,35.17899999999999,0.906,1487,496,112.7500000000004,27.194000000000003
MAC004078,1487,495,327.85400019999975,114.52000000000011,3.842,1488,496,297.72800000000007,109.31700000000008
MAC004079,1487,495,168.02699999999967,39.08600000000003,0.432,1487,496,132.2829999999993,34.538999999999994
MAC004080,1484,495,163.8069999999999,35.82400000000001,0.828,1488,496,111.40400000000012,28.671000000000003
MAC004081,1487,495,294.2049999999997,67.52000000000004,0.57,1487,496,149.3659999999999,65.95499999999997
MAC004082,1487,495,469.20099970000024,82.66699999999997,3.126,1488,496,171.50600029999705,38.664000000000044
MAC004084,1487,495,335.7759999999993,74.73599999999999,1.904,1488,496,342.3240001999995,79.05000000000017
MAC004085,1487,495,473.5080005000001,90.26699999999998,1.926,1488,496,366.4450004000007,82.32800000000006
MAC004086,1487,495,337.91599950000074,80.48899999999988,3.378,1488,496,286.8550002000002,84.26699999999995
MAC004087,1486,495,604.8990001999997,84.612,2.274,1475,496,442.34399960000025,86.56400010000004
MAC004088,1487,495,244.28299999999993,48.155999999999985,3.438,1488,496,229.59100000000024,59.65499999999998
MAC004089,1487,495,270.3209998,35.98200000000002,0.71,1488,496,193.4519999999992,42.638000000000005
MAC004090,1487,495,223.82199989999967,86.8249999,2.7219998,1488,496,75.9559999999999,25.165000000000006
MAC004092,1487,495,161.61399999999972,24.499000099999947,6.3800002,1488,496,180.4289999999999,32.070999999999984
MAC004093,1486,495,119.05000000000031,19.759000000000007,0.46,1488,496,58.01600000000032,13.067999999999971
MAC004094,1487,495,268.8190000000002,54.715999999999994,0.808,1488,496,162.55899999999988,26.61200000000005
MAC004095,1487,495,202.2589999999999,32.83499999999998,0.618,1488,496,252.69199940000007,42.299999999999955
MAC004096,1487,495,165.74900000000014,38.376000000000005,1.518,1488,496,131.42899999999977,39.11699999999998
MAC004097,1487,495,188.6200000000004,57.535999900000036,2.0179998,1486,496,226.2849999999996,65.3750000000001
MAC004098,1487,495,133.80200000000002,28.048999999999985,0.406,1488,496,110.14200000000008,31.178000000000015
MAC004099,1487,495,118.28300000000024,31.006999999999955,1.242,1488,496,92.72300000000021,25.656999999999968
MAC004101,1487,495,83.08100000000086,15.976999999999975,0.456,1488,496,98.47300000000038,26.429999999999982
MAC004102,1487,495,1292.7049994000015,403.4690000000002,4.6,1488,496,290.6899999999995,76.78600000000003
MAC004103,1487,495,315.3139998999995,60.53500000000002,1.846,1488,496,375.8390000000003,96.60600000000015
MAC004104,1487,495,334.5660000999987,45.854,1.034,0,0,0.0,0.0
MAC004105,1487,495,151.1749999999999,25.473000000000013,0.736,1488,496,133.0480000000006,31.413999999999962
MAC004108,1487,495,143.67700000000036,17.244999999999926,0.526,1487,496,129.3019999999995,27.795999999999925
MAC004109,1487,495,180.02300000000022,19.10400000000001,0.312,1488,496,127.57999999999979,22.18800000000004
MAC004110,1487,495,94.23500000000024,14.446,0.23,1488,496,71.9259999999999,17.048999999999985
MAC004111,1487,495,379.6190000999999,88.19,2.77,1488,496,203.01699999999994,46.55499999999994
MAC004112,1487,495,846.5519995000013,177.8080002000001,6.322,1488,496,378.72699989999927,75.36899990000002
MAC004113,1487,495,168.9710000000005,34.877999999999936,0.628,1487,496,177.5719999999997,36.10600000000004
MAC004114,1487,495,312.13799990000007,37.98700000000001,0.786,1488,496,311.678,54.65399999999995
MAC004115,1487,495,328.7400001,62.46600000000003,1.872,1487,496,260.7839999000002,58.15899989999998
MAC004116,1485,495,244.09800030000028,57.658000000000015,2.138,1487,495,169.45900020000005,41.18600000000004
MAC004117,1487,495,309.6899997000001,47.75600000000003,0.926,1488,496,202.4029998,41.22400000000006
MAC004119,1487,495,210.75400000000008,59.75400000000008,1.684,0,0,0.0,0.0
MAC004120,1487,495,423.12600019999957,84.85600009999989,2.458,1488,496,387.84499999999923,99.59300000000016
MAC004121,1486,495,545.8410001,166.95700000000002,1.904,1488,496,554.8830000999997,172.36699999999996
MAC004123,1486,495,403.3029997999998,66.93300000000002,3.602,1488,496,253.87100030000033,37.367000000000004
MAC004124,1487,495,349.64899999999966,67.92499999999998,1.098,1488,496,265.3670000000001,55.93000000000006
MAC004125,1487,495,278.6930001,64.61600000000004,1.654,1487,496,211.20799999999988,69.932
MAC004127,1487,495,252.17500000000007,71.53299999999993,1.324,1488,496,171.45600010000018,49.248999999999945
MAC004128,1487,495,535.0670002000005,76.386,1.448,1488,496,398.17499989999976,84.83199999999997
MAC004129,1487,495,287.3650002000002,46.75300000000001,2.0,1488,496,273.40700029999965,61.149000100000045
MAC004130,1487,495,632.0390004000006,154.97799999999998,1.35,1488,496,509.81100000000043,125.33299999999998
MAC004131,1487,495,690.3349987999998,181.5619991000001,2.968,1488,496,370.9870000999993,106.49399999999997
MAC004132,1487,495,381.2640000999999,36.19300000000002,1.028,1488,496,239.67999990000033,28.199999999999953
MAC004133,1487,495,412.18199990000073,77.48799999999997,1.31,1488,496,240.63199989999998,53.88499999999999
MAC004134,1487,495,217.2510002000002,31.64799999999997,1.298,1488,496,116.82399990000079,27.575000000000053
MAC004135,1487,495,389.9489988000002,108.43399940000003,4.8979998,1487,495,322.2340001000002,71.67400000000002
MAC004136,1486,495,250.85200000000034,95.40300000000006,1.306,1488,496,241.3150000000004,92.77499999999995
MAC004137,1487,495,209.87499939999975,43.62499999999998,0.988,0,0,0.0,0.0
MAC004138,1487,495,176.96700000000055,39.824999999999925,1.53,1488,496,152.18499999999977,38.70400000000002
MAC004139,1487,495,844.7559993999984,109.63099969999996,4.6279998,1487,496,613.4090008000004,84.64899999999997
MAC004140,1477,491,71.57999999999996,20.860000000000003,0.358,1488,496,92.98699999999991,23.53899999999999
MAC004141,1487,495,256.9090004000003,31.010999999999957,1.636,1488,496,212.45599999999948,33.96999999999999
MAC004142,1487,495,68.83400000000009,23.590999999999983,0.646,1487,496,54.689000000000085,16.31800000000001
MAC004143,1487,495,239.83899999999974,74.465,2.296,1488,496,183.7410000000001,57.917999999999964
MAC004145,1486,495,248.36499999999955,56.15400000000008,0.968,1488,496,196.05400000000026,47.42400000000006
MAC004146,1487,495,128.4080000000001,20.77299999999999,1.62,1488,496,117.24800000000023,23.792
MAC004147,1487,495,691.7760001999993,201.99200020000018,2.97,1487,496,389.6549997000001,121.5839999
MAC004148,1487,495,199.4270000000003,54.060000000000024,0.534,1487,496,176.3180000000001,50.42499999999996
MAC004150,1487,495,315.41999979999605,79.84700000000014,2.106,1488,496,129.96700000000033,36.374999999999986
MAC004151,1487,495,32.852999999999994,6.061999999999952,0.058,1488,496,84.20900000000009,19.108999999999977
MAC004153,1487,495,378.3209997000005,71.23399999999998,1.398,1488,496,335.4959998999997,72.97899999999998
MAC004154,1486,495,166.91200000000012,30.462000000000007,0.534,1488,496,126.96600000000045,27.628
MAC004156,1487,495,228.13900010000003,62.79699999999998,1.684,1477,496,169.51199999999972,49.59499999999993
MAC004158,1487,495,619.9009997999991,138.9329999,2.818,1488,496,301.81399989999977,80.96400000000031
MAC004160,1104,368,364.61699980000026,67.16500000000002,2.22,0,0,0.0,0.0
MAC004161,1487,495,458.20200009999945,76.73799999999993,1.742,1484,494,272.42700010000004,73.35999999999987
MAC004162,1486,495,558.2920001000007,125.10400010000012,2.894,1488,496,400.30200009999965,62.91599999999998
MAC004163,1487,495,231.85999999999993,43.885000000000026,0.704,1488,496,259.3970001000007,54.579000000000065
MAC004164,1487,495,331.5679995999999,68.19400010000004,2.292,1488,496,155.83199990000014,33.92400000000001
MAC004165,1487,495,214.50299999999982,46.799000000000085,1.21,1488,496,214.07199999999983,61.575000000000024
MAC004166,1487,495,165.54499990000016,43.07800000000003,0.92,1488,496,204.59500000000045,48.18700000000004
MAC004167,1487,495,341.5129999999999,40.43800000000006,0.27,1488,496,240.7420000000002,52.15700000000002
MAC004168,1487,495,175.943,53.78200000000006,1.466,1488,496,118.81600000000013,38.29100000000005
MAC004169,1487,495,234.0919997000013,14.90399999999995,0.258,1488,496,162.66399999999993,22.41500000000008
MAC004171,1483,494,295.461,56.79599990000002,2.2679998,1488,496,194.0360000000003,45.84600000000009
MAC004172,1487,495,1001.3570001000002,321.2160002,3.556,1488,496,727.8839996,222.43699999999998
MAC004173,1487,495,387.5510006000004,103.52100010000001,3.5079998,1488,496,675.8569995000016,191.10899999999992
MAC004174,1487,495,123.25400000000054,23.59299999999995,0.84,1488,496,134.3520001000001,27.445
MAC004175,1487,495,145.61700009999984,13.097999999999978,0.49,1488,496,63.09500000000019,12.286999999999976
MAC004176,1487,495,128.77300000000042,33.968999999999994,0.776,1488,496,80.58500000000038,22.29199999999998
MAC004177,1486,495,566.5109998000007,187.56500000000005,1.522,1488,496,124.0729999999998,41.17399999999997
MAC004178,1487,495,569.9739997000005,107.69399999999995,2.444,1487,496,297.24199999999985,71.03699999999985
MAC004179,1487,495,3067.4159990000003,770.5529997999997,6.4499998,1488,496,2719.1800004000024,878.8319992999999
MAC004180,1487,495,675.3139999000007,146.30000000000004,1.91,1487,496,259.38100000000037,73.0049999999999
MAC004181,1487,495,891.8140017000007,102.02400009999997,4.3400002,1487,496,438.3799999000006,104.87999990000009
MAC004182,1486,495,279.12900019999995,54.957000000000065,3.124,1487,496,264.1620002000005,61.84199999999995
MAC004183,1487,495,288.586,34.137000000000015,1.916,1488,496,282.91400020000026,21.174999999999947
MAC004185,1487,495,216.76499999999967,25.324999999999996,0.41,1488,496,123.871,26.197000000000017
MAC004186,1487,495,342.3489999000002,41.376000000000005,0.62,1488,496,326.17099960000013,53.007000000000026
MAC004187,1487,495,314.59499999999997,59.81599999999999,1.45,1483,496,164.67600009999973,35.72500000000002
MAC004188,1487,495,134.51199990000012,24.57999999999998,0.39,1471,496,118.58099979999982,22.393000000000022
MAC004190,1487,495,202.5229999999997,34.804000000000016,1.284,1487,496,159.4210000000006,32.42799999999997
MAC004191,1486,495,258.9549999999999,19.830000000000034,1.454,1487,495,48.072000000000244,7.942999999999989
MAC004192,1487,495,514.6489999000012,85.15599999999993,2.946,1488,496,273.8150000000004,64.04199999999994
MAC004193,1487,495,643.8539999000001,151.07100000000005,2.48,1488,496,589.3820002000001,156.93699990000007
MAC004194,1487,495,203.42600000000027,35.03099999999997,1.402,1488,496,151.43599999999967,34.53000000000005
MAC004195,1487,495,533.4390001000007,161.86299999999997,2.484,1488,496,310.15400039999963,99.04500010000005
MAC004196,1483,495,890.6739997999998,261.66299980000025,3.566,1488,496,192.2280002,45.00299999999994
MAC004197,1487,495,722.7510001,98.00900000000003,1.608,1487,496,343.59199980000045,57.141999999999996
MAC004198,1485,495,2047.2760004999996,500.3529995000001,6.2979998,1488,496,546.4569998,111.7999996
MAC004199,1487,495,141.3740000000006,31.817999999999962,1.018,1486,496,129.14299999999997,35.67699999999997
MAC004200,1487,495,425.75700020000016,48.289999999999985,0.814,1488,496,315.5410003000002,59.6389999999999
MAC004201,1487,495,161.64099999999985,34.56599999999998,1.064,1488,496,85.95100000000038,20.43099999999998
MAC004202,1487,495,143.96600000000018,24.259999999999945,0.59,1488,496,74.77100000000014,12.061999999999987
MAC004203,1486,495,507.89800040000085,109.86700029999984,2.604,1488,496,336.6700000000006,88.63399980000005
MAC004204,1487,495,485.25199959999935,76.29599999999999,6.218,1488,496,229.5810000999999,48.56100000000005
MAC004205,1486,495,644.0719996000009,84.54000010000011,2.1300002,1488,496,274.92499979999985,64.87999999999998
MAC004207,1487,495,537.3630000000003,89.50200000000008,0.912,1488,496,433.5660001000004,95.38500000000006
MAC004208,1487,495,521.8700004000001,97.88999999999989,3.206,1488,496,321.13399990000033,78.57099999999986
MAC004209,1439,479,345.78699970000054,48.48699999999998,0.684,1488,496,217.1240002000003,52.16200000000002
MAC004210,1486,495,207.79500000000002,46.43000000000001,0.644,1488,496,208.86500000000035,51.24299999999998
MAC004211,1487,495,262.3899999,53.97099999999999,0.852,1488,496,168.033999899999,32.68800000000017
MAC004212,1487,495,377.1470001000005,66.64000000000001,1.094,1488,496,292.0199999999998,62.73400000000002
MAC004213,1487,495,318.10599999999977,73.33700000000005,1.594,1488,496,225.57800000000015,60.359
MAC004214,1486,495,460.8990001999996,99.35500009999998,2.144,1487,495,284.8819999999998,67.68499999999997
MAC004215,1487,495,299.77599999999984,53.90299999999998,1.502,1487,496,161.38100000000006,36.613
MAC004216,1461,492,2141.7460007000004,585.4890003999998,6.486,1488,496,466.83899990000117,128.83700000000013
MAC004217,1487,495,831.9530004999995,261.2870003,3.54,1488,496,307.1789999999999,87.1070000000001
MAC004219,1487,495,237.93699999999993,51.368000000000045,0.71,1488,496,170.72100000000034,35.98699999999999
MAC004220,1487,495,291.2939998000001,73.38499989999993,2.318,1488,496,190.98200000000008,54.671
MAC004221,1486,495,159.93399999999988,31.432999999999932,0.27,1488,496,88.99500000000037,19.036999999999903
MAC004222,1487,495,435.4350002000011,74.44399999999992,0.998,1488,496,446.7990000999998,91.95799990000002
MAC004224,1487,495,725.1349993000011,132.2939998,5.486,1488,496,438.4870001000001,106.62000000000003
MAC004225,1487,495,1131.3580001000003,188.5490002000001,3.872,1488,496,606.3719999000009,124.13999999999996
MAC004226,1487,495,148.35800030000007,20.009000099999998,2.3800002,1488,496,132.25899990000062,36.24499999999992
MAC004227,1344,448,511.325999499999,108.60300000000004,2.638,0,0,0.0,0.0
MAC004228,1487,495,313.87400000000025,76.60500000000002,2.034,1488,496,318.9469998999993,77.93999999999996
MAC004230,1487,495,286.05799989999997,40.335999999999984,0.66,1488,496,219.6590000000004,41.87599999999996
MAC004232,1487,495,387.1519999,57.236999900000065,2.0079998,1488,496,217.41499999999974,47.16900000000011
MAC004233,1487,495,99.06599970000039,7.24499999999999,0.514,1488,496,141.78700010000023,31.154000100000015
MAC004235,1487,495,312.30799989999997,64.48499999999996,1.666,1488,496,259.2679999999995,83.05100000000009
MAC004237,1487,495,215.08199999999974,76.24400000000016,0.428,1488,496,223.20900010000048,83.0979999999999
MAC004238,1487,495,167.94600000000003,38.78999999999999,1.302,1488,496,168.86400020000028,38.77899999999998
MAC004240,1487,495,157.28200000000015,25.816999999999968,0.472,0,0,0.0,0.0
MAC004241,1487,495,616.2510003000001,102.25999989999997,2.1559998,1488,496,366.9049998999993,80.30599999999991
MAC004242,1487,495,435.3420000999997,118.40099999999988,2.882,0,0,0.0,0.0
MAC004243,1487,495,201.96200009999984,62.369000000000014,1.056,1488,496,196.21499999999958,51.08500000000003
MAC004244,1487,495,428.21400010000036,117.88499999999985,0.804,1488,496,463.6620001000003,133.38400000000001
MAC004247,1487,495,805.5789997999991,185.63199999999992,1.6,1488,496,587.0929994000003,135.16400000000004
MAC004248,0,0,0.0,0.0,,1488,496,206.75400000000013,34.368
MAC004249,1486,495,2052.023999900002,471.27200050000044,6.6279998,1487,495,1316.8799999000025,306.41599999999994
MAC004250,1487,495,350.3799999999989,108.65100000000004,1.534,1488,496,62.19199999999877,18.24600000000004
MAC004251,1487,495,114.66300000000113,16.702999999999978,0.528,1488,496,119.20700000000018,21.68400000000001
MAC004252,1487,495,182.01500010000106,29.697999999999972,0.644,1488,496,140.82999990000042,24.26699999999998
MAC004253,1487,495,196.8440000000004,15.65399999999997,0.15,1488,496,147.05699999999956,19.07200000000001
MAC004254,1487,495,272.19300010000023,49.210000000000065,1.168,1487,496,208.98700000000017,50.08100000000006
MAC004255,1439,479,449.0330002000001,62.675000000000054,2.382,1487,496,255.5070000000002,59.74700000000007
MAC004256,1487,495,403.7550001000002,104.52200000000008,2.488,1488,496,433.2280001000005,122.35900009999989
MAC004257,1485,494,459.9209998000007,111.17700009999989,3.818,145,49,21.48900000000001,8.045000000000002
MAC004259,1487,495,186.239,30.40199999999997,0.396,1488,496,144.45299999999992,42.207
MAC004261,1487,495,568.0559998000006,105.84299989999998,3.44,1488,496,404.0889997999997,75.44499999999998
MAC004262,1487,495,241.59000010000022,42.95899999999999,0.5,1488,496,299.2419999,77.95400000000002
MAC004265,1483,493,90.22100000000034,19.702999999999957,0.502,1483,496,71.45200000000008,17.758999999999983
MAC004266,1487,495,342.5180000000003,46.47000000000002,0.946,1488,496,221.13400000000055,60.94299999999994
MAC004267,1487,495,61.52700000000022,22.953000000000028,0.426,1488,496,52.377000000000095,9.588999999999984
MAC004268,1487,495,172.66800000000032,39.03099999999999,1.164,1488,496,198.19399999999982,75.60099999999998
MAC004269,1487,495,525.9759999999999,125.29599999999981,1.02,1485,496,314.8340000000003,67.235
MAC004271,1487,495,1355.8319995000006,362.3239991999999,9.6800004,1488,496,415.75399989999835,119.46299999999987
MAC004272,1487,495,297.2210001000003,39.52900000000003,1.686,1488,496,206.50300000000027,45.60500000000006
MAC004273,1487,495,365.80000000000007,35.71799999999996,0.598,1488,496,139.78999989999977,32.592999999999996
MAC004274,1487,495,651.2190001000001,77.07799990000002,2.748,1488,496,139.2109999999998,31.96500000000001
MAC004275,1487,495,401.75200000000046,74.70299999999997,1.936,1488,496,451.5670004000002,109.93100010000009
MAC004276,1486,495,914.4840008000004,252.80300020000016,4.862,1488,496,482.63500019999987,145.8970001000001
MAC004277,1487,495,327.78399989999946,77.333,1.014,1487,496,389.0059998999995,84.77400000000004
MAC004278,1486,495,435.8040002000004,76.46800000000007,3.32,1487,496,226.97199999999984,53.689000000000036
MAC004279,1487,495,320.791,52.28999999999996,1.432,1488,496,191.69400000000044,36.565999999999946
MAC004280,1481,495,1169.3100004000005,243.5369998999999,4.7080002,1488,496,933.3429996000002,236.10400010000015
MAC004281,1487,495,218.95800000000008,37.95499999999996,0.536,1488,496,162.3180001000001,38.8430001
MAC004282,1487,495,110.36399999999963,27.907000000000004,0.412,1440,480,96.22200000000025,28.327999999999985
MAC004284,1487,495,615.5889997999984,99.35499990000015,2.0179998,1488,496,309.89399999999955,74.93299999999994
MAC004285,1487,495,505.5959999999997,67.847,2.134,1487,496,481.0969999999994,113.842
MAC004286,1487,495,350.6450000999994,46.15399999999999,1.53,1487,496,282.77000000000004,29.096000000000007
MAC004287,1487,495,512.8900004000005,126.02899999999987,3.31,1487,495,272.09399990000065,54.22900000000003
MAC004288,1486,495,133.88000000000076,21.877000000000034,0.918,1488,496,110.13300000000055,20.421000000000014
MAC004289,1487,495,180.274,51.66900000000002,1.194,1488,496,107.34100000000035,30.053000000000004
MAC004290,1487,495,431.9570000000004,140.68699999999987,2.8440002,1488,496,364.2540000000001,129.80599999999984
MAC004291,1486,495,229.52399999999977,74.62099999999994,0.826,1487,496,225.51499999999993,73.38200000000018
MAC004292,1487,495,54.106999999999935,4.019999999999998,0.594,1488,496,77.4190000000001,17.37499999999999
MAC004293,1487,495,203.5960000000001,46.07499999999993,1.362,1487,496,80.1049999999999,25.16299999999999
MAC004294,1487,495,188.73500000000047,31.565000000000044,0.442,1488,496,158.67900000000003,32.94199999999998
MAC004295,1487,495,412.7140000000002,88.81199999999993,1.434,1488,496,411.6569999999998,98.04200000000006
MAC004296,1487,495,161.84999999999982,24.121999999999975,0.476,1488,496,131.85899990000019,28.53300000000001
MAC004297,1487,495,131.38000000000048,21.206999999999958,0.416,1488,496,101.1730000000003,25.46299999999996
MAC004298,1487,495,453.2919999000002,69.90399999999998,2.25,1488,496,53.58100000000018,17.109999999999967
MAC004299,1486,495,526.5779996000002,133.69899970000017,2.92,1487,495,359.3700000000006,89.35700000000001
MAC004300,1487,495,239.54500000000024,42.80399999999997,1.508,1488,496,213.8039999000005,33.59299999999998
MAC004301,1487,495,246.77899990000006,34.53700000000004,1.95,1488,496,112.17900000000041,28.452000000000012
MAC004302,1487,495,180.10799989999992,70.32299999999995,2.582,1488,496,165.2279999999999,51.611000000000026
MAC004304,1486,495,96.78400000000029,8.260999999999985,0.292,1488,496,62.23500000000022,8.51999999999999
MAC004305,1484,494,200.41799980000062,43.27699999999995,0.984,1488,496,117.99800000000002,30.686999999999966
MAC004306,1487,495,176.83700010000007,11.545999999999994,0.614,1486,496,124.31100000000048,20.373999999999995
MAC004308,1484,494,50.8080000000002,9.548000000000005,0.444,1486,496,66.62100000000004,22.06800000000001
MAC004310,1487,495,87.94000000000011,15.01199999999997,0.878,1488,496,55.11900000000021,15.400999999999978
MAC004311,1487,495,292.2280000000001,54.630999999999986,1.0,0,0,0.0,0.0
MAC004312,1487,495,206.34000000000034,31.199000000000005,0.684,1488,496,136.64400000000055,29.44399999999999
MAC004313,1487,495,458.8860000999999,88.24100000000008,0.95,1488,496,438.73999999999984,89.37599999999983
MAC004314,1487,495,274.4989999999997,54.25999999999998,1.314,1488,496,141.16700000000012,40.60699999999997
MAC004316,1477,494,338.99300009999945,70.23400000000002,0.962,1488,496,228.60600000000014,52.503999999999984
MAC004317,1487,495,24.03399999999941,8.177000000000042,0.036,1488,496,24.439999999999365,8.134000000000018
MAC004319,1487,495,2282.384998000001,555.5909998000003,13.4420004,1488,496,1782.8260004000006,565.6540002
MAC004321,1481,489,355.61600019999963,30.020999999999976,1.866,1488,496,339.1809998999999,49.828
MAC004322,1487,495,405.21500000000094,169.98399999999978,1.94,1488,496,106.04500000000033,47.212000000000074
MAC004324,1486,495,340.5279999999995,57.15300000000002,1.98,1484,496,312.8789997000001,50.600999999999985
MAC004325,1486,495,462.23000010000123,67.9289999999999,2.398,1488,496,431.12800030000005,93.22799999999997
MAC004326,1487,495,284.65400000000005,52.947999999999965,0.744,1487,496,250.7139999999999,52.57199999999999
MAC004327,1487,495,241.93500000000006,50.881999999999955,1.41,1488,496,172.7480000000001,43.43199999999999
MAC004328,1486,495,370.37499979999984,85.32199979999983,2.978,1488,496,312.88700000000034,79.05499999999996
MAC004329,1487,495,599.2699999999993,137.4319999999998,0.848,1488,496,502.4830004000004,128.76999999999998
MAC004330,1484,495,397.92700000000013,39.46999999999995,1.222,1488,496,280.33499999999987,54.67500000000002
MAC004332,1487,495,373.27900019999964,72.39499990000004,6.0359998,1488,496,263.7619997000002,51.28699999999991
MAC004333,1486,495,413.65299939999977,100.75899989999998,2.852,1488,496,265.5760002000001,50.50599999999997
MAC004335,1487,495,122.98000000000079,28.203,0.364,1488,496,153.8810000000001,41.462999999999965
MAC004336,1487,495,267.60299989999953,66.83600000000003,1.84,1488,496,190.32300019999974,50.80100010000009
MAC004337,1487,495,350.7939996000005,73.50899999999997,1.902,1488,496,368.26700020000067,75.61499999999978
MAC004338,1487,495,269.3090000999999,19.45699999999997,0.222,1488,496,174.9649998000003,26.79199999999996
MAC004339,1487,495,261.4680000000003,46.649000000000036,2.352,1488,496,149.10000000000002,29.36300000000001
MAC004340,1487,495,529.8840002000005,121.86999999999995,2.998,1488,496,332.3570000000005,79.379
MAC004341,1486,495,496.40599990000106,99.575,1.296,1488,496,395.3369997999994,90.88000000000001
MAC004342,1487,495,142.36600000000018,25.340000000000003,0.56,1488,496,130.48300000000017,29.30300000000001
MAC004343,1486,495,355.04999980000036,48.498999999999995,1.09,1488,496,360.83199990000014,70.45099999999995
MAC004344,1487,495,345.12699990000067,64.84100000000002,1.372,1488,496,193.53600000000003,42.959999999999965
MAC004345,1486,495,700.2779989999998,116.93499970000013,2.876,1488,496,498.1840002999995,102.97200009999999
MAC004348,1487,495,1357.9529979999984,188.39699890000003,6.6160002,1488,496,355.5790000999998,37.73500000000003
MAC004349,1487,495,831.1879986000009,93.66000000000005,2.652,1488,496,296.53200000000027,76.95799999999993
MAC004351,1487,495,824.2710003,192.27399999999994,3.308,1488,496,462.40799970000063,84.69
MAC004352,1487,495,27.185000000000016,9.099999999999984,0.1,1440,480,103.27200000000013,18.68100000000002
MAC004353,1487,495,514.01,103.42400010000007,2.4360002,1488,496,363.48000040000016,83.00099999999998
MAC004355,1487,495,855.7989995999992,148.56599969999996,5.1599998,1488,496,546.4489995999993,95.3410000000001
MAC004356,1487,495,260.09300000000064,39.03500000000003,1.448,1488,496,223.06400000000068,22.708000000000013
MAC004357,1487,495,288.3849999999999,21.40299999999992,0.982,1488,496,194.5350000000006,23.26599999999998
MAC004358,1487,495,154.57400000000027,23.770000000000014,0.6,1488,496,120.78100000000002,27.885999999999985
MAC004359,1487,495,329.98600000000016,23.127000000000027,1.14,1488,496,97.13900000000073,13.693999999999997
MAC004360,1487,495,265.4999999999999,33.79099999999999,0.59,1488,496,183.67300000000031,33.40200000000003
MAC004364,0,0,0.0,0.0,,0,0,0.0,0.0
MAC004365,1439,479,110.79399999999981,22.65299999999999,0.538,1488,496,148.8380001000002,28.02499999999999
MAC004367,1487,495,269.40800010000015,39.65099999999993,2.95,1488,496,202.2009998999999,40.345
MAC004368,1487,495,398.2409999999994,97.53799999999997,0.874,1488,496,249.89399999999958,54.61200000000001
MAC004369,1487,495,546.9090001000002,73.86999989999994,2.9719998,1487,495,233.79299980000033,55.058999999999905
MAC004370,1487,495,114.81799980000055,16.099,0.446,1488,496,98.07899990000028,18.956000000000003
MAC004371,1486,495,282.7550000999997,37.34999999999999,0.424,1488,496,226.6030000000001,46.924
MAC004372,1487,495,329.7519994000007,64.65099999999985,2.52,1488,496,155.20399999999984,45.45099999999999
MAC004373,1487,495,161.12900000000064,29.387000000000043,0.956,1488,496,152.96000000000018,38.33699999999998
MAC004375,1487,495,296.0930001000007,26.736999999999984,1.544,1488,496,130.49400000000023,23.929
MAC004376,1484,494,196.76099979999978,33.882,0.322,1488,496,201.17500000000018,33.196000000000005
MAC004377,1486,495,253.24700019999992,37.33000000000003,0.822,1488,496,126.02600000000031,24.327000000000016
MAC004378,1487,495,122.92600000000063,14.681999999999968,0.582,1488,496,102.95900000000043,17.14100000000003
MAC004379,1486,495,323.8889999000003,46.44300000000002,1.456,1488,496,290.8320001000023,65.92900000000009
MAC004380,1487,495,378.6369994999994,36.13700000000003,0.922,1488,496,269.0809998999999,45.79700000000004
MAC004382,1486,495,221.69599990000003,37.43600000000001,0.69,1487,496,169.94900000000044,34.82799999999993
MAC004383,1486,495,148.84899999999936,40.64699999999998,0.678,1488,496,254.7379999000002,61.89399999999996
MAC004384,1487,495,416.53799999999984,149.17700000000002,2.19,1488,496,232.36000000000016,57.89299999999996
MAC004385,1487,495,1377.0830002000016,249.72200020000008,3.228,1488,496,638.1290000999994,166.04700009999988
MAC004386,1487,495,873.8170000000005,119.12499989999996,5.1659998,1488,496,495.78500000000105,104.6270000000001
MAC004387,1487,495,160.0669999000001,27.387,0.464,1488,496,99.76200000000028,29.481
MAC004388,1487,495,158.3170000000002,39.697,0.534,1488,496,114.49100000000014,25.743000000000013
MAC004389,1486,495,308.16799999999967,86.081,3.672,1488,496,391.5479997,90.248
MAC004390,1487,495,524.5479999,76.86600000000001,2.036,1488,496,324.9440002,39.99399999999998
MAC004391,1487,495,463.9200002,101.49800000000003,1.888,1488,496,551.9200001999998,156.721
MAC004393,1487,495,117.48500000000034,37.32900000000004,0.794,1488,496,86.51200000000043,23.84299999999996
MAC004394,1487,495,184.50000010000025,37.352999999999966,1.046,1487,496,138.92600000000007,34.35800000000003
MAC004395,1487,495,1656.7040009999987,495.15800120000023,4.3340002,1488,496,332.9640002000003,91.8419999999999
MAC004397,1487,495,138.78799999999998,28.484999999999996,0.374,1488,496,134.66099999999966,32.99800000000002
MAC004398,1487,495,112.27799990000044,21.226999999999975,0.642,1487,496,109.31700000000053,21.802999999999976
MAC004401,1487,495,352.8310001000005,41.14799999999996,0.77,1488,496,241.60100000000025,53.23800000000002
MAC004402,1487,495,186.24600000000052,58.63099999999997,2.2,1488,496,151.8089999999997,56.97600000000001
MAC004403,1486,495,461.89799999999923,155.06499999999997,3.602,1488,496,437.2630000000001,106.69800000000009
MAC004404,1487,495,201.26199979999978,61.80199999999999,2.096,1488,496,151.12100000000027,53.10199999999994
MAC004405,1487,495,331.89099999999996,75.661,0.768,1488,496,240.8230000999998,59.80699999999995
MAC004406,1487,495,151.58499999999967,25.90700000000005,0.622,1488,496,113.56499999999986,24.100000000000012
MAC004407,1487,495,1036.0970016000008,199.8249994999999,10.328,1488,496,350.28300010000004,78.09600000000012
MAC004409,1487,495,1857.7399997000011,336.02599980000025,3.7679998,1488,496,867.2709999999992,227.03100000000015
MAC004410,1487,495,277.0570001000002,37.71600000000003,0.27,1488,496,174.78000000000006,50.025
MAC004411,1487,495,1572.903997799996,448.27499930000005,4.8779998,1488,496,299.2519999999994,96.48299999999989
MAC004412,1487,495,779.5819999,233.1809999999998,1.81,1488,496,694.0270000000005,227.07200000000003
MAC004413,1487,495,93.33600000000011,18.830999999999978,0.528,1488,496,66.40700000000017,15.539999999999944
MAC004414,1487,495,240.1709999999997,31.946000000000033,0.616,1488,496,176.79800000000014,25.71800000000001
MAC004415,1486,495,226.99999999999977,29.522000000000006,0.522,1488,496,199.19300009999998,42.20799999999994
MAC004416,1487,495,174.8310000000006,52.89899999999995,0.854,1488,496,178.70399999999955,52.68099999999998
MAC004417,1486,494,225.56700000000038,57.069999999999936,0.97,1488,496,145.01100000000037,27.730999999999987
MAC004418,1487,495,397.69999980000057,97.81699989999996,2.7119998,1488,496,229.4789999999998,49.667
MAC004420,1487,495,736.7070009999991,149.92899989999995,2.75,1488,496,488.72799980000065,110.17199999999997
MAC004421,1487,495,308.81599999999946,12.626999999999994,2.636,1488,496,18.23999999999998,4.848999999999992
MAC004423,1487,495,259.15000000000106,18.766999999999914,0.602,1487,496,142.92100000000062,22.98099999999997
MAC004425,1487,495,235.88900009999946,42.36699999999998,0.714,1488,496,215.27600000000018,51.35699999999998
MAC004426,1486,495,157.91100000000029,26.231999999999964,0.414,1488,496,123.67799999999984,29.423000000000023
MAC004427,1487,495,145.1010000000003,29.17399999999998,1.784,1487,495,148.11100000000033,33.282
MAC004428,1487,495,1029.957998799999,828.7359988999995,10.0939998,1488,496,161.9090001000002,31.86599999999998
MAC004429,1487,495,296.5809999999995,70.99199999999998,0.566,1487,496,323.21000000000015,87.97000000000006
MAC004430,1487,495,143.9899999999999,21.754999999999946,1.282,1488,496,108.23500000000041,22.597000000000023
MAC004431,1487,495,826.8420002999986,136.36999999999998,2.016,1487,495,580.4830002999997,159.4510000000001
MAC004432,1486,495,195.03500000000003,21.575000000000017,0.904,0,0,0.0,0.0
MAC004433,1487,495,987.3090000000004,301.19400020000035,2.238,1488,496,236.14800029999992,40.48199999999995
MAC004434,1487,495,873.7090006000016,206.14099979999997,3.586,1488,496,319.5590000999988,87.73300000000017
MAC004435,1486,495,235.77100019999997,40.327000100000014,2.6760002,0,0,0.0,0.0
MAC004437,1486,495,581.2229990999997,89.52399990000025,2.83,1488,496,129.2630000000002,20.293999999999983
MAC004438,1487,495,393.8490001999987,45.25100000000002,1.916,1487,496,175.89200000000008,25.6079999999999
MAC004440,1487,495,173.21799999999973,23.470000000000006,0.538,1486,496,157.9930000000002,29.14800000000008
MAC004441,1487,495,145.79500010000012,18.653000000000006,0.344,1487,496,124.58900000000027,19.39299999999997
MAC004442,1477,495,106.57300000000028,35.054999999999986,2.168,1488,496,130.02099999999987,39.548
MAC004443,1487,495,327.90399989999986,75.98600000000003,1.89,1488,496,225.02500000000106,56.7120000000001
MAC004444,1487,495,313.0310000999999,66.70500000000004,1.118,1488,496,206.00400000000016,42.41099999999995
MAC004446,1487,495,1487.7440017000013,363.41300049999944,5.5840002,1488,496,553.6589998999992,154.34600000000006
MAC004447,1487,495,267.7800001999999,40.472000000000016,0.962,1488,496,393.2870001000008,53.183
MAC004450,1487,495,171.975,27.813999999999986,0.906,1487,496,108.14700000000028,22.698999999999973
MAC004452,1487,495,190.81100009999955,36.748999999999995,0.962,1488,496,139.47499999999985,35.313999999999965
MAC004453,1487,495,133.84900000000002,28.11799999999995,0.586,1488,496,109.21800000000015,18.137999999999952
MAC004454,1487,495,101.89999990000011,22.377999999999993,2.764,1488,496,49.580999999999946,11.696999999999987
MAC004455,1487,495,674.3380004999996,101.83000009999995,5.2119998,1488,496,480.3260005000002,115.35800009999991
MAC004457,1487,495,293.5740001000004,57.088999999999885,1.802,1488,496,281.89800019999973,60.07400000000008
MAC004458,1487,495,1287.5389979000004,203.6359993000001,4.902,1488,496,906.3100000000002,151.91399970000012
MAC004459,1486,495,701.8010011000009,125.38999999999996,2.818,1488,496,475.9950000000009,112.18399979999992
MAC004460,1487,495,361.0380001999999,57.326,0.864,1488,496,326.48700010000016,78.37299999999996
MAC004461,1487,495,136.21599999999995,38.81600000000001,0.492,1488,496,151.62999999999988,38.114999999999995
MAC004462,1487,495,391.2529996000002,69.60700000000003,1.408,1488,496,283.2710000000002,76.88699999999989
MAC004463,1487,495,392.75999980000074,77.54199999999987,2.386,1488,496,328.8609998999998,93.65999989999993
MAC004464,1487,495,560.3039997999992,124.21800020000016,2.842,1487,496,295.1890002000001,130.363
MAC004465,1486,495,231.67100050000033,65.70400010000003,2.382,1488,496,171.39799999999988,50.92999999999996
MAC004466,1487,495,568.4860001000008,87.49099989999999,2.74,1488,496,292.6139999999994,60.669999999999995
MAC004468,1487,495,866.3340003999997,158.5919997000001,4.7119998,1488,496,171.52800069999896,41.2660003
MAC004469,1487,495,1364.2389988000016,780.0700002000004,7.954,1487,496,393.27699969999964,234.24999979999998
MAC004470,1487,495,575.8900005000002,226.24399999999974,4.1300002,1488,496,354.1589995000013,186.40299959999996
MAC004471,1487,495,260.41300010000026,68.93300009999996,2.554,1488,496,112.55199999999981,31.570999999999998
MAC004472,1487,495,397.0140003000003,101.85799999999982,2.522,1488,496,245.93800000000016,69.23399999999997
MAC004473,1487,495,228.74599990000021,40.748999999999974,0.88,1488,496,163.15199979999994,37.11200000000002
MAC004474,1487,495,188.6489999999996,33.528999999999954,1.528,0,0,0.0,0.0
MAC004475,1487,495,302.09599950000006,49.34400000000001,1.566,1488,496,145.52299999999988,33.94999999999999
MAC004476,1487,495,108.41400000000027,20.001000000000005,0.262,1488,496,81.13100000000068,20.959999999999994
MAC004477,1487,495,167.49500000000037,47.09099999999994,0.666,1488,496,161.38499999999962,40.00600000000004
MAC004478,1487,495,557.8309997999993,76.62499999999991,1.284,1488,496,418.74000000000046,64.604
MAC004479,1343,447,349.7290004000014,61.468999999999994,2.942,1343,447,242.53599989999987,78.10200000000003
MAC004480,1486,495,782.4820000000001,170.7430003,3.032,1488,496,447.1229999999998,143.29200000000012
MAC004481,1487,495,174.98200010000028,46.22199999999998,0.646,1488,496,210.7460001999999,48.8310001
MAC004482,1487,495,157.38899990000027,19.641999999999992,0.55,1488,496,127.76600000000045,28.897999999999957
MAC004483,1391,463,240.58299999999997,29.50899999999998,2.244,1248,416,109.83800000000045,23.20099999999996
MAC004484,1487,495,1240.7820002999983,352.6369999000003,2.098,1488,496,296.11300000000034,51.26399999999997
MAC004486,1439,479,370.96599999999995,136.87300000000008,2.144,432,144,90.87999999999997,35.391000000000005
MAC004487,1486,495,535.7800000000008,124.27999989999988,5.27,1488,496,141.34800009999967,46.306999999999974
MAC004488,1487,495,494.30400009999977,121.95399999999985,17.434,1488,496,238.2240001000003,64.81700000000006
MAC004489,1487,495,259.2640000999999,43.503,1.332,1488,496,172.10899999999984,27.82099999999998
MAC004490,1487,495,265.6610000000003,63.70999999999999,2.53,1488,496,203.76200000000054,52.527000000000086
MAC004492,1487,495,280.4319999000001,60.64399999999995,2.618,1487,496,178.93399999999986,44.96700000000001
MAC004494,1487,495,405.76199989999986,48.20700000000002,1.22,1488,496,348.93899999999917,57.77799999999997
MAC004495,1487,495,510.20399989999953,80.75900000000009,1.07,1488,496,282.6360000000008,59.208999999999996
MAC004496,1487,495,136.86799980000018,17.114999999999977,0.31,1440,480,88.75100000000009,20.40399999999998
MAC004498,1487,495,140.63000020000084,57.16599999999991,3.82,1487,496,260.68900010000004,57.839000099999964
MAC004499,1487,495,323.6589998999992,34.182000000000045,1.358,1488,496,215.5520001999996,35.83800000000003
MAC004500,1487,495,892.0419989999998,362.9679992999995,3.692,1488,496,115.75700000000018,38.17200000000005
MAC004501,1487,495,534.1469997000003,75.546,1.068,1487,496,342.6540001000004,54.29300000000005
MAC004502,1487,495,424.81999980000074,60.29499999999994,1.93,1485,496,218.13799990000018,48.058
MAC004503,1486,495,136.86799999999963,24.917000000000062,0.356,1488,496,106.10900000000035,20.882999999999967
MAC004504,1487,495,886.3129996000002,248.08499999999995,3.774,1487,496,1009.0590011000002,224.71199999999993
MAC004505,1487,495,352.4989998000005,59.658999999999956,1.218,1488,496,219.28500000000022,43.570000000000014
MAC004507,1487,495,228.2240001,42.35099999999995,0.64,1488,496,183.97099999999972,42.52200000000002
MAC004508,1487,495,206.37199989999993,27.160000000000004,0.506,1487,495,134.0330001000004,25.311999999999998
MAC004510,1487,495,230.61299999999957,68.53200000000001,0.55,1488,496,196.18300000000005,60.537000000000035
MAC004511,1487,495,385.36800000000056,50.17700000000011,0.916,1488,496,229.9470001000009,48.69899999999999
MAC004512,1487,495,236.73699999999948,66.11899999999997,1.974,1488,496,173.5119999999999,41.336000000000055
MAC004513,1486,495,223.71300009999982,22.351000000000003,1.19,1488,496,234.57799999999915,26.76599999999997
MAC004514,1485,495,410.28800019999983,209.23900050000003,5.29,1488,496,279.9489999000031,134.33899980000052
MAC004515,1487,495,982.1169979000007,691.8439981999999,6.7340002,1488,496,237.70900000000034,80.16499989999991
MAC004516,1486,495,68.45300000000013,18.933,0.574,1488,496,62.3210000000002,20.01599999999998
MAC004517,1487,495,125.57499999999996,32.470000000000006,1.592,1488,496,110.16800000000067,27.092999999999986
MAC004518,1487,495,346.8479998,155.3629998000002,3.566,1488,496,178.08100009999993,98.57100009999998
MAC004519,1487,495,247.48900000000052,72.30599999999993,2.498,1488,496,146.34300009999967,38.534000000000034
MAC004520,1487,495,51.13200000000002,5.993999999999986,0.204,1488,496,46.07700000000007,10.585999999999991
MAC004521,1487,495,525.0750002,82.39000000000003,2.234,1482,496,413.5320002999995,79.69799999999996
MAC004522,1487,495,232.38399999999945,44.52299999999995,2.628,1488,496,165.1959999999999,43.18999999999998
MAC004523,1487,495,269.644,60.94699999999993,1.646,1488,496,105.22100000000033,25.84099999999998
MAC004524,1487,495,95.82800000000044,13.274999999999944,0.386,1488,496,77.17500000000013,19.06300000000002
MAC004526,1487,495,213.89699989999997,56.69600000000004,0.766,1488,496,240.91299999999978,74.20200000000006
MAC004527,1487,495,536.3319997000006,121.24800000000002,3.602,1488,496,329.67299920000033,76.90499979999998
MAC004528,1487,495,275.34999999999945,79.51499999999993,1.3,1488,496,214.3429999999999,57.74800000000006
MAC004529,1483,492,264.6609998000002,66.99199999999996,1.37,1488,496,203.3559999,56.12300000000005
MAC004530,1487,495,210.67900000000034,37.19500000000005,0.708,1488,496,171.59300000000002,40.444000000000116
MAC004531,1485,495,224.31400009999993,56.92800000000003,1.626,1488,496,365.9679997999998,80.87199999999991
MAC004532,1487,495,534.7800005000004,56.74600009999989,2.1860002,1488,496,359.08299980000015,55.817999899999975
MAC004533,1487,495,387.05200000000036,109.21799999999999,1.194,1488,496,362.1479999999994,100.58300000000001
MAC004534,1487,495,139.9260000000002,29.869999999999987,0.434,1488,496,115.62299999999948,32.11899999999999
MAC004535,1487,495,125.62899999999996,40.33099999999999,0.614,1488,496,135.11499999999953,39.267000000000046
MAC004536,1487,495,190.46399999999983,40.174000000000014,1.676,0,0,0.0,0.0
MAC004537,1485,493,351.75199990000067,63.39200000000002,0.778,1488,496,307.45999990000035,80.51700000000012
MAC004538,1485,493,72.7340000000002,21.211000000000006,0.234,97,33,6.003999999999998,2.216
MAC004539,1487,495,207.25500000000054,26.68899999999998,0.504,1488,496,100.37499999999987,16.618000000000006
MAC004540,1487,495,298.1059999000002,77.28400000000002,1.004,1488,496,311.75399999999996,105.14300000000009
MAC004541,1487,495,178.9720000000001,40.81299999999999,0.636,1488,496,147.63200000000023,49.248999999999995
MAC004542,1487,495,100.13900000000048,20.08199999999999,0.22,1487,496,115.37500000000016,32.687999999999995
MAC004544,1486,495,382.47800059999975,45.041999999999966,1.984,1488,496,413.2459998999992,79.57300000000002
MAC004545,1487,495,249.55200010000064,49.540000000000035,2.068,1488,496,270.2450000000003,94.27100000000002
MAC004546,1487,495,310.61899989999984,74.80899990000007,2.2219998,1488,496,295.73900009999977,85.95700000000024
MAC004547,1487,495,262.6129998999998,46.24399999999998,2.088,1488,496,188.25399980000057,49.73299999999989
MAC004548,1487,495,482.6130004999999,70.60999999999994,2.144,1488,496,225.32199999999995,53.98600000000003
MAC004549,1487,495,1390.743000800002,472.33300010000005,7.026,1488,496,219.07200029999944,21.470000000000002
MAC004550,1487,495,180.9399998999996,31.978000000000037,0.478,1488,496,205.70300010000034,44.889000000000074
MAC004552,1487,495,872.1270011000008,40.529999799999956,8.4519996,1488,496,87.18400010000002,39.78200000000004
MAC004553,1487,495,562.7660007999995,154.6150000000002,4.6,1488,496,352.3729997000003,106.80399990000001
MAC004554,1487,495,412.5480001999998,57.82700009999988,2.2880002,1488,496,312.13300000000066,80.59500000000003
MAC004555,1487,495,289.4240002000001,102.83099999999995,1.538,1488,496,349.7899998999998,110.81900000000016
MAC004556,1487,495,204.47100000000046,49.66399999999999,0.992,1488,496,167.88100000000026,43.451999999999984
MAC004557,1487,495,511.6340002999997,59.056999900000015,4.0879998,1488,496,592.8279995000003,124.02499999999999
MAC004558,1487,495,581.0770011999991,143.98900070000008,9.2700004,1057,353,209.4720001000009,78.37800000000036
MAC004560,1487,495,464.9440004000011,60.739999999999974,0.904,0,0,0.0,0.0
MAC004562,1487,495,1247.2550019999985,234.3780006999999,4.994,1488,496,425.3760000999999,126.00299989999989
MAC004563,1487,495,757.0990005000015,633.5670004000001,5.756,1488,496,191.38599980000006,89.96199980000003
MAC004564,1487,495,95.00099990000031,16.81299999999997,1.012,1488,496,126.01000000000012,26.128000000000018
MAC004565,1487,495,877.1450010000021,154.00800030000005,4.218,1488,496,306.97100000000046,87.542
MAC004566,1487,495,810.7680001000007,209.07199999999983,2.816,1488,496,230.13600010000047,42.49700000000002
MAC004567,1487,495,387.8140000000006,58.31299999999993,0.946,1488,496,229.9969999999997,40.856999999999964
MAC004569,1487,495,162.7880001000001,26.060999999999982,0.402,1488,496,146.52300000000005,31.573000000000004
MAC004570,1487,495,291.20300019999996,65.35799999999999,1.21,1488,496,296.9769999,85.58400000000003
MAC004571,1487,495,440.49100000000044,63.124000099999876,4.9260002,1488,496,365.2090003,66.76299999999992
MAC004572,1487,495,243.89500009999998,38.04899999999995,0.722,1488,496,191.77200000000002,41.36700000000001
MAC004573,1487,495,586.447999999999,203.90700000000012,1.842,1488,496,305.5039994999998,94.2449998000001
MAC004574,1487,495,619.2550009000008,166.26300049999995,3.954,1488,496,388.1479999999994,102.54799999999994
MAC004575,1487,495,803.466000200001,300.5929999000003,5.65,1488,496,357.18700020000006,216.69300019999974
MAC004576,1486,494,599.1650002000003,104.29800000000013,2.284,1487,496,444.4469999999997,107.93600009999999
MAC004577,1487,495,155.50900009999978,33.588,0.358,1488,496,238.31600020000045,68.66800000000006
MAC004578,1487,495,204.03799990000041,29.676000000000016,0.494,1488,496,154.5989999000003,29.90700000000005
MAC004579,1487,495,78.8459999999998,26.64400000000001,0.328,1488,496,118.68500000000012,42.99199999999997
MAC004580,1487,495,141.03399999999948,22.17700000000002,0.308,0,0,0.0,0.0
MAC004581,1487,495,490.11600009999887,90.06500000000007,1.502,1488,496,307.398,85.91099999999997
MAC004582,1487,495,1028.1949978000007,821.8079977000002,9.0600004,1483,496,248.57899979999976,159.13599979999987
MAC004583,1487,495,106.37600009999986,8.56999999999998,0.56,1488,496,85.11899999999994,15.492999999999995
MAC004584,1487,495,109.06900000000046,24.824,0.496,1488,496,83.53000000000011,25.17499999999998
MAC004585,1487,495,675.1909997999988,84.8139999999999,2.424,1488,496,263.7290000000003,52.65000000000004
MAC004586,1487,495,749.4149998999999,109.704,2.486,1488,496,416.4990001999991,110.6970000000001
MAC004587,1487,495,1061.1960017000008,185.059,2.226,1488,496,705.9940009999999,110.87800000000011
MAC004588,1487,495,191.95099999999977,46.12999999999999,0.526,1488,496,166.70199999999983,53.99199999999999
MAC004589,1487,495,286.9610001000004,62.77099999999993,1.6,1488,496,239.19799999999992,52.09399999999998
MAC004591,1487,495,113.8200000000002,22.202999999999992,1.08,1488,496,82.39000000000016,17.259999999999984
MAC004594,1487,495,181.97700000000054,40.066999999999965,0.44,1488,496,157.7799999000003,41.12199999999992
MAC004595,1487,495,146.38600010000013,37.01499999999998,1.114,1488,496,172.31299999999962,45.08200000000005
MAC004596,1487,495,179.95700000000048,55.289000000000016,1.376,1487,496,198.12200010000026,48.444
MAC004597,1487,495,245.79599989999997,66.188,2.494,1487,496,280.5370000000004,107.5259999999999
MAC004598,1487,495,124.3230000000003,12.084999999999983,0.488,1488,496,90.85500000000022,15.579999999999993
MAC004599,1487,495,118.42700000000045,22.20099999999998,0.482,1488,496,85.48600000000043,13.46499999999998
MAC004600,1484,495,270.9230000999998,77.16400009999998,2.236,1488,496,225.08800000000002,73.41900000000004
MAC004601,1487,495,176.69799999999964,24.638000000000012,1.394,1487,496,302.17800000000034,24.54899999999996
MAC004602,1487,495,168.87199999999942,39.703000000000074,0.266,1488,496,151.03899999999982,39.64100000000003
MAC004603,1487,495,209.44199999999975,33.35400000000003,0.522,1488,496,117.38200010000017,25.38499999999998
MAC004607,1487,495,253.00499989999994,110.36300000000008,1.002,1488,496,205.86499999999987,82.37499999999994
MAC004608,1487,495,195.68399999999946,30.94500000000001,1.552,1488,496,101.7310000000003,27.45699999999998
MAC004612,432,144,14.607,3.2819999999999996,0.186,0,0,0.0,0.0
MAC004613,1487,495,335.1400001000002,42.04500000000003,1.614,1488,496,362.4569998999998,69.27699999999993
MAC004614,1487,495,508.7999996000008,182.7310001999999,5.132,1488,496,189.52599979999962,51.95999999999995
MAC004615,1487,495,25.158999999999892,8.329000000000013,0.066,1488,496,101.05000000000045,21.890999999999973
MAC004616,1484,493,411.9849993999998,73.7259999999999,3.292,1488,496,315.359000299999,71.02000000000002
MAC004617,1487,495,192.0939999999993,40.72299999999997,1.688,1488,496,160.97500000000016,48.39400000000006
MAC004618,1486,495,359.8779999000003,31.408000000000015,1.324,1488,496,217.60599979999992,38.69299999999998
MAC004619,1487,495,265.67500010000015,56.25299999999996,1.594,1488,496,198.50899999999987,44.52699999999998
MAC004624,1487,495,29.964999999999883,8.36799999999998,0.094,145,49,13.819999999999993,3.9200000000000017
MAC004625,1486,495,71.57400000000001,20.60900000000006,0.202,1488,496,140.68299999999968,42.03400000000013
MAC004626,1487,495,456.0010003,82.70599999999999,0.86,1488,496,206.71900009999976,44.40299999999999
MAC004627,1487,495,592.7559995000006,180.98099979999992,3.908,1488,496,239.97300010000035,115.76300000000012
MAC004628,1487,495,466.07800000000094,95.82400030000002,3.0380002,1488,496,255.85300000000024,72.43500000000002
MAC004629,1487,495,447.73300009999934,73.6360000000001,2.184,1488,496,109.65399990000016,26.987999999999985
MAC004630,1487,495,213.0090001000003,34.309000000000026,0.554,1488,496,190.74499989999993,31.393999999999966
MAC004631,671,224,202.84699999999992,45.724000100000005,3.034,0,0,0.0,0.0
MAC004632,1487,495,145.72000000000003,33.98500000000006,0.596,1488,496,138.22699999999986,40.02600000000002
MAC004634,1487,495,209.21599999999867,48.99500000000005,4.0760002,1488,496,161.8759996999997,35.60100000000001
MAC004635,1487,495,531.7159997999998,94.47800000000026,1.714,1488,496,403.2260000000005,100.19099999999995
MAC004636,1487,495,2035.761000799999,601.3570007999998,4.0560002,1487,496,679.3309999999996,200.19900010000006
MAC004637,1487,495,385.98500009999975,98.91699999999994,0.582,1488,496,505.2070002999997,131.6070000000001
MAC004638,1487,495,212.09200010000052,35.198999999999955,0.686,1488,496,160.6379999999999,35.067
MAC004642,1487,495,286.9910001999993,94.60200000000003,2.192,1488,496,99.04000000000009,34.767999999999944
MAC004643,1487,495,598.9269997,121.08900020000007,3.526,1488,496,263.0189999000004,43.68000000000001
MAC004644,1486,495,205.99800000000025,42.448,0.9,1488,496,126.3580000000002,32.30299999999986
MAC004645,1487,495,183.4939999999998,44.51299999999998,1.614,1488,496,136.95399999999947,40.16200000000005
MAC004646,1487,495,1478.9809968000022,241.89100029999975,5.118,1488,496,254.1989994999996,45.06800000000003
MAC004647,1487,495,327.5929999,55.601000000000035,1.494,1488,496,272.93899999999957,75.36699999999999
MAC004648,1487,495,171.208,34.37900000000002,1.432,1488,496,164.1040000000002,38.624999999999986
MAC004649,1487,495,600.0839989999989,105.35799990000004,2.364,0,0,0.0,0.0
MAC004650,1487,495,113.20400000000019,30.209000000000024,0.352,1488,496,101.385,27.912999999999965
MAC004651,1487,495,495.0930001999995,93.55999989999988,2.6099998,1488,496,337.4029999999997,69.76999999999998
MAC004652,1487,495,121.51500000000027,23.50699999999999,0.336,1487,496,112.45100000000028,22.787999999999997
MAC004653,1487,495,332.3849997000002,60.352999999999845,0.764,1488,496,186.39900000000003,41.57199999999999
MAC004654,1487,495,567.663,169.1849999999999,2.736,1488,496,532.7470000999994,164.34600009999994
MAC004656,1487,495,83.01900000000013,17.907999999999955,1.736,1484,496,46.10499999999989,14.088999999999993
MAC004658,1487,495,431.5840001000006,81.974,2.066,1487,496,251.5980001000002,51.162999999999954
MAC004659,1487,495,155.48000000000005,41.71399999999999,0.812,1488,496,149.49000000000004,45.44499999999998
MAC004660,1487,495,374.16499970000075,62.7190001999999,4.9840002,1488,496,328.16299970000057,117.1419998999998
MAC004662,1486,495,304.06600000000003,77.33299999999998,0.958,1488,496,236.1789999999999,54.95600000000002
MAC004663,1484,494,20.234999999999978,6.651999999999977,0.06,1488,496,62.05799999999981,18.207999999999995
MAC004664,1487,495,342.0290000000004,83.45699999999998,2.132,1488,496,285.9049999999998,82.16899999999997
MAC004665,1487,495,507.4129995999995,93.01600000000006,1.824,1487,496,339.1680002000005,86.65699999999988
MAC004666,1487,495,1253.2109998000021,106.6470001,3.816,1488,496,191.21699979999994,57.43400000000006
MAC004667,1487,495,46.3030000000003,10.336000000000029,0.18,1488,496,63.710000000000086,17.268000000000008
MAC004671,1486,495,615.9349993000003,145.59899979999986,3.854,1488,496,526.3689999999996,130.20399999999995
MAC004672,1486,495,0.0,0.0,0.0,1488,496,0.0,0.0
MAC004673,1487,495,147.38699979999973,15.138999999999983,0.95,1488,496,97.11000000000053,22.528999999999996
MAC004674,1486,495,509.6399997000005,141.33699990000005,2.828,1488,496,510.15700010000035,152.6900000000001
MAC004675,1487,495,362.0719998999999,71.4730000000001,2.086,1487,496,230.7939999999999,47.757000000000005
MAC004676,1487,495,457.97499979999935,74.42099999999989,2.378,1488,496,274.50500000000017,61.772000000000034
MAC004677,1487,495,103.2860000000002,35.727,1.78,1488,496,2.5029999999999983,0.8730000000000006
MAC004678,1487,495,133.2459999000006,26.35400000000003,0.952,1488,496,123.18500000000036,29.63699999999992
MAC004679,0,0,0.0,0.0,,0,0,0.0,0.0
MAC004680,1487,495,715.3400003999986,19.08799999999999,0.518,1488,496,157.5700001,10.123999999999985
MAC004681,1487,495,119.25700000000035,5.133999999999991,0.274,1488,496,85.88000010000017,14.032
MAC004682,1487,495,227.37100009999995,70.14200000000001,1.022,1488,496,202.37999999999982,56.69099999999995
MAC004684,1487,495,122.75200000000008,26.578999999999986,1.378,1488,496,110.28500000000025,25.87999999999997
MAC004685,1487,495,328.7089999999995,76.52300000000002,1.906,1487,496,247.33200009999894,69.80500000000005
MAC004686,1487,495,202.61900000000017,52.93100000000002,1.886,1488,496,180.39799999999948,49.26400000000003
MAC004688,1487,495,415.6989998999989,117.02500000000005,1.234,1488,496,358.7209999000001,100.04099999999988
MAC004690,1487,495,264.10099999999994,72.89900000000003,1.25,1487,496,86.17100000000023,22.13499999999998
MAC004692,1486,495,481.9239999000003,158.57299970000008,3.306,1488,496,224.16500010000019,77.28800010000008
MAC004694,1487,495,139.29400000000038,22.89200000000004,1.23,1488,496,106.32600000000033,25.750000000000025
MAC004695,1487,495,306.2709998000001,60.04900000000007,1.82,1488,496,191.44299999999984,50.235
MAC004696,1487,495,541.5859995000001,92.77299989999999,3.5179998,1488,496,398.30799969999924,89.55399999999996
MAC004698,1486,495,531.2590000999999,103.75099999999999,1.438,1488,496,452.52400000000046,82.59700000000002
MAC004699,1484,495,920.3299997999992,308.9779999000004,2.5079998,1488,496,458.75599999999946,145.72799999999992
MAC004700,1486,495,785.9320007000005,190.72600039999978,5.532,1487,496,401.7349997999994,88.4660000000001
MAC004701,1487,495,267.7590000000001,50.41499999999996,0.54,1488,496,214.8379999999995,39.40000000000002
MAC004702,1487,495,387.6330003000002,79.01300009999996,2.706,1488,496,230.88600000000042,64.70899999999997
MAC004703,1487,495,247.93700000000013,68.96100000000001,1.632,1488,496,175.04699999999997,51.93999999999995
MAC004704,1487,495,282.4640000999996,29.395000000000024,0.928,1488,496,142.54099999999988,32.00699999999997
MAC004705,1487,495,471.0880001999995,78.03000000000004,1.6,1488,496,358.2019999999992,68.77099999999997
MAC004706,1487,495,310.2459999000005,91.47500009999999,2.72,1488,496,201.82500000000016,68.81200009999989
MAC004707,1487,495,463.0899999999993,90.22600000000011,1.368,1488,496,339.0829999999996,82.4470000000001
MAC004708,1487,495,292.6159994999987,10.046000000000003,1.242,1488,496,148.9840001000004,17.02900000000001
MAC004712,1487,495,710.8059993999995,93.24499999999995,2.15,1488,496,481.4619998000003,84.55300000000015
MAC004715,1487,495,72.08300000000025,19.014999999999958,0.438,1488,496,103.56199999999993,32.870000000000005
MAC004717,1487,495,307.6429996000003,43.84900000000005,0.566,1488,496,206.23099999999965,25.40000000000002
MAC004718,1487,495,1119.499998200001,260.139,3.892,1488,496,618.6929994000011,217.98699969999996
MAC004721,1487,495,370.7459999999997,64.8580001000001,2.704,1488,496,355.5650001999999,78.62599999999998
MAC004723,1487,495,317.0060000000004,60.30399999999991,1.43,1488,496,110.09999989999993,26.799000000000017
MAC004724,1487,495,365.26600009999953,80.04499999999997,1.314,1488,496,382.36600019999946,91.16499999999998
MAC004725,1487,495,511.2409999000001,138.78899960000018,3.3599998,1488,496,355.07199999999995,102.00100000000006
MAC004726,1487,495,423.63900030000025,85.4940000000001,1.924,1488,496,301.5820001000002,77.54399999999995
MAC004727,1487,495,764.8619996,127.73400009999996,4.448,1488,496,497.33899990000015,100.38799999999986
MAC004729,1487,495,460.3539993000002,162.79299989999984,4.8779998,1488,496,359.90800000000024,118.10900000000001
MAC004730,1487,495,113.62400000000018,32.24599999999998,0.666,1488,496,110.1950000000005,38.56299999999995
MAC004732,1487,495,33.558999999999926,11.177999999999976,0.13,1488,496,143.52100000000007,29.541
MAC004734,1487,495,485.221,133.8409998999999,2.6659998,1488,496,435.9189999999999,111.58700000000007
MAC004735,1487,495,0.004,0.002,0.002,1488,496,0.0,0.0
MAC004736,1486,495,65.78700000000009,29.346000000000007,0.462,1488,496,72.30299999999997,32.489000000000054
MAC004737,1487,495,214.48999990000019,22.575999999999986,0.732,1488,496,150.23000010000007,27.501999999999978
MAC004738,1487,495,124.82100000000021,12.489999999999991,0.916,1488,496,106.01100000000014,16.020999999999997
MAC004739,1486,495,92.4890000000003,19.779999999999976,0.476,1487,495,88.62100000000004,24.28399999999998
MAC004740,1487,495,269.5450000000001,41.45,1.976,1488,496,202.07599999999968,38.20399999999998
MAC004741,1487,495,763.8320000999997,165.98800000000017,3.3699998,1488,496,225.18000000000046,77.83300000000001
MAC004742,1487,495,537.383000199999,125.23700009999988,2.6860002,1488,496,394.0629999,110.81999989999996
MAC004743,1487,495,90.92300000000054,11.831999999999963,0.424,1488,496,72.6050000000002,14.641999999999985
MAC004745,1487,495,129.9480000000002,50.803999999999974,0.726,1488,496,139.37999999999985,52.375000000000014
MAC004747,1487,495,111.52400000000007,43.58500000000008,1.336,1488,496,67.9790001000001,13.682000000000015
MAC004748,1487,495,298.01800000000077,28.860999999999972,0.578,1488,496,189.17700000000002,27.804999999999986
MAC004749,1487,495,348.7759999999994,95.37900000000005,1.546,1488,496,323.69499990000054,97.40199999999994
MAC004750,1487,495,301.22600000000045,68.29799999999994,1.376,1488,496,268.7950000000006,74.37799999999997
MAC004752,1487,495,324.76800000000065,92.5119999999999,0.564,1488,496,276.37700000000035,87.67399999999985
MAC004754,1487,495,1016.8079999999989,304.01199989999986,2.2219998,1488,496,268.4470000000003,70.17700000000004
MAC004756,1486,495,533.4309998999985,139.1940000000002,5.8520002,0,0,0.0,0.0
MAC004758,1487,495,170.2270000000001,25.246000000000027,0.696,1488,496,96.6100000000004,24.546999999999944
MAC004759,1487,495,210.44499999999957,27.778000000000063,0.478,1487,496,153.26899999999978,30.700000000000006
MAC004760,1487,495,44.03900000000022,10.741000000000016,0.226,1488,496,49.84500000000007,13.507000000000021
MAC004761,1487,495,249.26699980000024,27.999999999999964,1.472,1486,496,196.34500000000017,41.700999999999965
MAC004763,1487,495,851.7419999999994,100.01199990000003,2.9059998,1488,496,200.08400000000054,64.85400000000001
MAC004764,1487,495,212.27400000000014,36.10099999999996,0.756,1488,496,146.40700000000035,43.26900000000004
MAC004766,1487,495,383.6560003000004,56.83300009999994,2.7780002,1486,496,309.21799989999977,56.75899999999996
MAC004769,1486,495,1659.9760043000006,226.23300039999984,7.652,1488,496,279.00799980000005,46.193
MAC004771,1487,495,166.5069999999998,39.860999999999976,0.58,1488,496,110.19500000000046,27.588999999999977
MAC004772,1487,495,142.3179999999998,49.028999999999954,0.358,1487,496,133.9269999999996,46.08500000000003
MAC004773,1487,495,426.16099990000055,106.33800000000002,1.792,1488,496,415.50200000000063,110.96700000000011
MAC004774,1486,495,230.9210000999997,61.033000000000044,1.168,1488,496,201.11499999999987,61.137000000000064
MAC004775,1487,495,418.2179995999994,125.00900009999995,2.196,1488,496,196.73699999999994,56.91000000000008
MAC004776,1487,495,120.91100000000019,13.839999999999996,0.17,1488,496,106.54100000000008,17.916999999999987
MAC004777,1487,495,438.707000000001,129.45299999999997,0.658,1488,496,119.53100000000016,22.676999999999964
MAC004778,1481,489,1425.6150008000022,436.5429995000002,7.4619998,1483,496,878.9310002000008,275.64399949999995
MAC004779,1487,495,125.51200000000014,30.837999999999973,1.232,1488,496,121.27599999999917,31.351999999999975
MAC004780,1487,495,336.97500009999993,64.22500000000004,1.254,1488,496,279.23399999999924,45.597999999999985
MAC004781,1487,495,102.05199999999985,20.059999999999974,0.382,1488,496,33.96799999999961,11.340000000000034
MAC004782,1487,495,86.84700000000025,16.391999999999967,0.722,1488,496,193.2180001000002,30.409999999999947
MAC004784,1486,495,263.11500000000007,70.80999999999999,0.816,1488,496,267.3329999999998,66.34200000000006
MAC004785,1487,495,314.99199989999977,61.328999999999986,1.198,1487,496,393.12900010000084,81.71599999999997
MAC004786,1487,495,299.1230000000004,70.17199999999997,1.702,1488,496,232.23800000000028,49.51200000000003
MAC004787,1487,495,308.39500000000095,63.94199999999983,0.78,1488,496,248.33200000000016,73.92199999999994
MAC004788,1487,495,164.03599999999955,23.017999999999986,0.654,1488,496,130.33000020000048,19.49599999999999
MAC004790,1487,495,191.76900000000006,56.19699999999994,0.382,1488,496,140.86199999999965,42.781000000000056
MAC004791,1487,495,202.7329999999999,31.57800000000004,0.68,1488,496,121.58800000000065,28.39699999999999
MAC004792,1487,495,200.7880000000004,41.07099999999992,0.782,1488,496,157.68999999999988,39.100000000000044
MAC004793,1487,495,284.8549999000004,41.92699999999997,0.632,1488,496,193.27200000000013,40.170000000000016
MAC004794,1487,495,231.16499980000032,33.756999999999984,1.682,1488,496,240.12900009999973,63.803999900000036
MAC004796,1487,495,322.84000000000054,75.63400000000006,1.314,1488,496,200.89700000000016,53.361999999999966
MAC004797,1487,495,238.51199939999952,46.47199999999997,2.254,0,0,0.0,0.0
MAC004798,1487,495,224.3790002999999,67.86000019999996,2.3340002,1488,496,97.65200000000041,29.918000000000024
MAC004799,1487,495,288.9959999999995,71.47500000000004,0.444,1488,496,241.8629999000002,55.323999999999884
MAC004800,1487,495,204.4630000000002,37.51199999999995,2.072,1488,496,171.2060000000008,56.556999999999974
MAC004801,1487,495,232.92099999999985,23.243999999999954,0.53,1486,496,119.72600000000023,23.07199999999998
MAC004802,0,0,0.0,0.0,,0,0,0.0,0.0
MAC004803,1487,495,165.92299999999975,43.998,1.128,1487,496,152.32399999999984,42.32099999999998
MAC004804,1486,495,225.5709998999995,35.56599999999998,0.554,1487,496,224.21000000000006,57.059999999999995
MAC004805,1486,494,347.00800010000063,86.41600009999999,5.1680002,1488,496,203.05999999999997,44.59399999999999
MAC004806,1487,495,871.8789994000002,267.8250000000003,4.014,1488,496,156.35600010000016,53.03599999999995
MAC004807,1487,495,198.998,34.173,0.25,1488,496,128.8220000000003,33.97099999999998
MAC004808,1487,495,399.7590001999999,80.02499999999992,1.086,1488,496,305.0879998999996,68.2029999999999
MAC004809,1487,495,611.2259999000009,201.1799999999999,1.384,1488,496,458.33899999999966,172.70399999999995
MAC004810,1248,416,227.76799999999983,49.79200000000002,1.33,864,288,135.50700000000003,34.40199999999997
MAC004812,1486,495,209.3200001,43.998,1.112,1482,493,156.70999999999984,29.953999999999983
MAC004813,1487,495,86.32600000000004,16.714999999999996,0.88,1488,496,39.10400000000013,7.6179999999999914
MAC004815,1487,495,533.3020000999998,130.72900000000004,1.008,1488,496,508.34299999999973,119.30999999999986
MAC004816,1487,495,114.67999999999986,35.32500000000005,1.37,1487,496,89.65999999999953,29.42099999999998
MAC004817,1487,495,134.89200000000005,12.212999999999981,0.496,1488,496,86.37600000000023,16.20599999999999
MAC004819,1487,495,168.89900010000014,43.356,1.914,1488,496,167.5239999000003,33.82299999999999
MAC004820,1486,495,186.095,48.894000000000005,0.482,1488,496,175.92899999999923,52.614000000000026
MAC004823,1487,495,518.2560000000002,67.89799999999995,2.42,1488,496,415.4309996000003,76.30499999999988
MAC004824,1487,495,272.0290000000001,32.71199999999998,0.546,1488,496,174.4850000000001,26.970999999999968
MAC004826,1487,495,856.5969982999997,144.34200009999992,5.44,1488,496,341.4579999000002,92.39499999999997
MAC004828,1487,495,48.58899999999995,11.786999999999994,0.354,1488,496,50.08199999999988,15.851999999999991
MAC004829,1487,495,250.2609996999998,68.44300009999996,5.052,1488,496,194.11199990000011,30.724999999999998
MAC004830,1487,495,73.02500000000012,10.034999999999993,0.352,1488,496,44.18500000000024,7.347999999999997
MAC004831,1487,495,104.23700000000031,19.084000000000003,0.376,1488,496,98.98000000000015,20.706000000000024
MAC004833,1487,495,96.59400000000045,7.974999999999976,0.484,1488,496,91.41100000000037,18.07099999999999
MAC004834,1487,495,121.17900000000046,23.458999999999996,0.23,1488,496,99.5799999999998,25.947000000000017
MAC004835,1487,495,328.3219999999997,48.207999999999934,1.07,1488,496,99.2650000000004,26.75399999999999
MAC004836,1487,495,312.3989999000001,84.15000000000012,1.096,1488,496,198.2349999999997,56.27400000000006
MAC004839,1487,495,100.14200000000014,25.402000000000005,0.338,1488,496,99.33399999999995,24.713
MAC004840,1487,495,454.00400000000064,72.59100000000005,2.032,1488,496,452.5369997999997,110.42800000000001
MAC004841,1487,495,434.92799989999986,150.4519999000001,3.478,1488,496,351.42199999999974,119.96599999999997
MAC004842,1473,494,324.3419999,68.55900009999996,3.1760002,1487,496,266.7840002000001,53.525000000000105
MAC004843,1487,495,694.8940005999995,89.78900000000009,1.458,1488,496,365.0579998000001,67.29599999999994
MAC004844,1487,495,281.654,45.85299999999999,1.106,1488,496,217.81799959999952,41.19600000000002
MAC004845,1487,495,170.4120000000002,41.775000000000034,0.576,1488,496,106.45100000000005,33.14099999999999
MAC004846,1487,495,118.7399999999999,21.940000000000104,0.184,0,0,0.0,0.0
MAC004847,1487,495,420.4190000000002,128.88499999999996,6.512,1488,496,320.6130001000005,105.40599999999996
MAC004848,1487,495,227.03999999999988,23.966999999999995,0.306,1488,496,162.2029999999999,29.989000000000022
MAC004849,1487,495,172.6690000000002,31.53299999999999,1.096,1488,496,115.78000000000051,21.946
MAC004850,1487,495,184.56999999999977,18.336999999999993,0.266,1488,496,132.33699999999982,22.535999999999987
MAC004852,1487,495,808.2119997,398.11899980000004,4.7919998,1488,496,240.8890002000002,59.328000000000074
MAC004853,1487,495,129.01999990000058,49.85000000000001,2.922,1488,496,211.70600000000005,70.12700000000001
MAC004854,1487,495,0.146,0.0,0.0,0,0,0.0,0.0
MAC004856,1487,495,268.1890000000002,75.571,0.786,1488,496,146.09999999999985,41.495000000000005
MAC004857,1486,495,343.9560000999999,61.14600000000002,1.692,1488,496,234.55699999999948,53.19
MAC004858,1487,495,1288.596997699999,467.88699869999994,8.396,1488,496,525.5760005000008,223.67800050000005
MAC004859,1487,495,533.2790008000002,172.7300005000001,5.934,1488,496,309.5349999000004,79.44399999999992
MAC004860,1487,495,130.15199999999987,28.214999999999986,0.24,1488,496,125.41399999999946,33.71000000000007
MAC004861,1486,495,670.3959997999993,85.4260004000001,4.488,1488,496,207.9210000999999,61.49300000000001
MAC004862,1487,495,277.762,63.43899999999997,2.128,1488,496,232.07700000000042,53.657000000000025
MAC004863,1487,495,1336.1049987999984,1115.7999988,8.894,1488,496,1290.7210007999988,1082.4090006999995
MAC004864,1487,495,272.21899990000054,67.51800000000003,1.594,1488,496,164.20799999999986,42.01500000000001
MAC004865,1487,495,844.1139997999989,291.7240000000001,1.806,1487,496,134.9319999999997,32.31299999999998
MAC004866,1487,495,625.1989982000005,434.5339981999999,6.4520002,1488,496,226.84299989999957,75.89299990000002
MAC004867,1487,495,221.44400000000027,34.597000000000016,0.482,1488,496,151.12599999999995,45.37600000000001
MAC004868,1486,495,484.49199980000003,41.862000000000045,0.438,1487,496,244.38099990000018,33.749
MAC004869,1487,495,305.44399980000003,55.750000000000014,1.856,1488,496,187.12799990000048,36.03199999999996
MAC004870,1487,495,457.2709996000004,72.78800000000001,1.67,1488,496,326.86300039999935,50.72999999999998
MAC004871,1487,495,362.1140001000007,43.820000000000036,0.72,145,49,36.29400000000001,4.992999999999999
MAC004872,1487,495,458.50699990000015,92.61699999999999,1.376,1479,496,329.78299999999996,69.69400000000006
MAC004873,1486,495,1033.435000900001,227.82400019999992,3.536,1487,496,531.5260000999996,156.15300000000008
MAC004874,1487,495,305.29600000000045,75.01399999999991,1.394,1488,496,204.21000000000052,60.57199999999993
MAC004875,1487,495,184.8870000000003,36.94999999999998,0.626,1488,496,127.71700000000004,24.999999999999975
MAC004876,1487,495,1079.899999099999,142.86399980000013,5.15,1488,496,540.1790001999999,88.39900029999998
MAC004877,1487,495,2077.565002199994,1087.2070018999984,9.7559996,1488,496,427.2450002000001,112.72200030000003
MAC004878,1487,495,527.2479997999994,53.06500000000002,0.924,1488,496,332.8750001000006,49.45000000000002
MAC004879,1487,495,343.3900008000003,76.246,2.83,1488,496,293.4669998000004,50.32700000000002
MAC004881,1487,495,272.42099989999963,61.72299999999999,1.12,1485,496,225.7090000000003,62.15599999999992
MAC004882,1487,495,350.1920002999996,68.48800000000007,1.474,1487,496,183.19599990000012,53.351999999999954
MAC004884,1487,495,1398.0980009000016,1070.9650007000002,6.4499998,1488,496,290.83700009999984,90.20000000000014
MAC004885,1486,495,68.86000000000035,10.596999999999982,1.28,1488,496,63.84500000000021,22.91199999999999
MAC004886,1487,495,575.090000200001,54.00700000000002,1.6,1488,496,329.4199998000006,65.42099999999994
MAC004887,1487,495,222.8890001,32.60299999999998,1.052,1488,496,198.89899990000018,33.77699999999998
MAC004888,1487,495,895.5500000000002,189.6640000000001,6.6799998,0,0,0.0,0.0
MAC004889,1487,495,213.48500000000038,48.97399999999998,1.09,1488,496,240.2020001000001,54.90599999999995
MAC004890,1487,495,716.4699996999999,160.02799990000008,3.724,1488,496,414.31299990000053,104.23399999999998
MAC004891,1487,495,212.66600010000053,27.206999999999987,2.182,1488,496,8.8220000000001,2.9519999999999667
MAC004892,1487,495,343.7010003999998,71.22000000000003,4.0,1488,496,343.1709999999995,72.68600000000004
MAC004894,1487,495,579.3960005000002,171.259,7.9640002,1488,496,478.03099989999987,128.6800001
MAC004895,1487,495,682.2730004,107.98900009999998,5.9619998,1488,496,313.96699990000013,50.474000000000004
MAC004896,1487,495,170.51500000000027,41.8359999999999,0.368,384,128,29.55,9.689000000000005
MAC004897,1487,495,969.8950021000019,836.3720020000005,11.8839998,1488,496,167.2330002999998,88.88800030000017
MAC004898,1487,495,262.4809999999998,43.12499999999998,0.89,1488,496,168.09499999999983,39.49499999999998
MAC004899,1487,495,333.25999999999993,97.6,1.74,1488,496,120.91000000000022,39.34899999999997
MAC004900,1487,495,1048.567999600001,151.306,3.512,1475,484,680.3480001000004,120.97300000000006
MAC004901,1487,495,975.1490037000008,608.8090031999993,9.264,1488,496,233.98299989999998,90.64899990000008
MAC004902,1487,495,1062.4109985000023,826.2649986000011,10.6899996,1488,496,297.9740000000009,128.91899999999993
MAC004903,1487,495,864.8769984999988,686.5659984999996,10.1859998,1488,496,227.12600000000043,92.51099999999997
MAC004904,1487,495,55.35000000000002,7.792999999999997,0.176,1488,496,62.27599999999998,9.756999999999987
MAC004905,1487,495,193.48199999999974,35.44299999999996,0.65,1488,496,135.23200000000026,24.03300000000001
MAC004906,1487,495,143.41500000000002,26.00700000000006,0.204,1488,496,70.6260000000002,7.493999999999975
MAC004907,1247,415,168.1759999999998,15.098,0.172,961,321,94.74600000000004,15.421999999999997
MAC004908,1487,495,1450.1279955000016,78.49699999999993,2.826,1488,496,398.49199980000054,89.27099999999997
MAC004909,1486,495,746.6880007000017,294.5890007000001,3.2579998,1488,496,247.0890000000002,48.584999999999994
MAC004911,1487,495,421.12199979999855,74.20000000000007,2.56,1488,496,248.10300000000012,46.718999999999994
MAC004912,1487,495,261.6569999999996,49.941999999999965,0.598,1488,496,283.6049999999999,57.16000000000002
MAC004913,1487,495,374.7280000000008,101.1909999999999,1.856,1488,496,100.27200000000016,20.991999999999994
MAC004914,1487,495,203.63000000000017,41.176000000000045,0.98,1488,496,255.73600000000005,60.52899999999999
MAC004915,1487,495,47.45099999999997,15.990999999999993,0.416,1488,496,105.31399999999987,33.08800000000002
MAC004916,1487,495,168.69399990000016,24.783999999999953,0.522,1488,496,129.83200000000033,20.825999999999958
MAC004918,1487,495,226.88000000000022,27.13599999999998,0.672,1488,496,130.2320000000003,24.578000000000024
MAC004919,1487,495,378.9180001999997,47.45200000000005,1.584,1488,496,206.03999990000028,51.87299999999999
MAC004920,1487,495,301.5329998999994,52.614999999999995,3.304,1487,496,214.8830000000007,37.991999999999926
MAC004922,1487,495,561.7679999000012,144.29599989999988,3.622,1488,496,828.7369992999982,148.91399980000014
MAC004923,1487,495,1587.5099995,504.1649992999999,3.902,1488,496,376.1999998000007,114.0429998
MAC004924,1487,495,216.71400009999982,28.365999999999993,0.622,1488,496,173.57500010000007,39.954999999999984
MAC004925,1487,495,656.9219998000001,94.73500000000008,1.364,1488,496,380.9810001000001,100.91399999999992
MAC004927,1487,495,298.35399999999987,44.09099999999998,1.792,1488,496,191.08300000000008,33.86999999999999
MAC004928,1487,495,416.1359997999999,67.71899999999995,2.104,1488,496,169.57500010000038,40.56199999999995
MAC004929,1487,495,450.1960000000003,93.37099989999994,2.0079998,1488,496,263.89700009999996,79.13799999999989
MAC004930,1487,495,378.84599999999944,84.40600000000005,0.892,1488,496,329.31300000000005,87.36800000000007
MAC004931,1487,495,112.82900000000005,24.59399999999999,0.448,1488,496,102.20700000000006,23.850999999999974
MAC004933,1487,495,205.89099999999985,61.59099999999997,0.794,1488,496,147.48999999999967,39.785000000000025
MAC004934,1487,495,330.0590000000006,67.3979999999999,0.642,1488,496,268.5370000000003,64.56500000000001
MAC004935,1486,495,180.05200010000001,36.98999999999998,0.64,1488,496,155.22700000000071,34.7649999999999
MAC004936,1487,495,333.3940000999998,47.712999999999994,1.582,1488,496,254.48699989999952,44.79100000000006
MAC004938,1487,495,176.12000000000032,28.61799999999999,0.618,1488,496,166.95000000000007,35.876
MAC004939,1487,495,30.934999999999935,10.145999999999997,0.1,0,0,0.0,0.0
MAC004940,1487,495,255.05799999999962,60.46299999999999,0.796,1488,496,235.52999999999986,72.1009999999999
MAC004941,1486,495,128.63599999999946,23.182999999999886,0.58,1488,496,110.99099999999949,24.78299999999994
MAC004942,1487,495,499.7370004000005,141.49400030000004,2.9820002,720,240,150.392,36.332000000000036
MAC004943,1486,495,209.24199989999994,36.76499999999995,0.976,1488,496,175.72599999999957,42.923
MAC004944,1487,495,617.364001600001,137.0060003999999,5.1279998,1487,496,407.0680004000008,93.66100019999995
MAC004945,1486,495,332.8779995000002,45.69799999999999,1.172,1488,496,163.6840001000001,40.693000000000005
MAC004946,1486,495,132.1289999999999,35.86100000000002,0.986,1488,496,223.37000000000032,56.490999999999985
MAC004947,1487,495,465.4690002000014,59.954,2.098,1488,496,364.19099980000044,61.523999999999965
MAC004950,1487,495,599.4240000000002,187.09200000000004,6.966,1488,496,447.6399999999998,140.94900000000013
MAC004951,1487,495,120.75700000000057,13.65599999999999,0.926,1488,496,98.8970000000003,21.300999999999977
MAC004953,1487,495,581.4450000999999,105.29299999999995,2.382,1488,496,332.16699999999963,73.7770000000001
MAC004954,1487,495,1129.0239982999979,1040.154998299999,9.6879998,1488,496,122.81099970000123,74.48199970000017
MAC004957,1487,495,121.90200000000051,13.199999999999969,0.532,1488,496,56.929999999999865,12.731999999999978
MAC004958,1486,495,1441.5079991,888.3279991999993,9.5500002,1488,496,448.50700029999973,184.24000009999995
MAC004959,1487,495,389.3860001000005,46.211000000000084,2.134,1488,496,254.88000010000013,36.46099989999999
MAC004960,1487,495,388.9540001000003,53.114000000000026,0.934,1487,495,340.2120000000008,55.080999999999996
MAC004961,1487,495,314.56000040000043,61.96099990000005,2.612,0,0,0.0,0.0
MAC004962,1487,495,168.88899999999998,36.45900000000002,1.978,1488,496,151.95999999999916,46.27700000000003
MAC004963,1487,495,202.51800000000063,39.851,1.548,1488,496,133.15500009999968,37.481999999999985
MAC004964,1487,495,351.26700010000025,75.31900000000006,1.548,1488,496,408.3189999000002,89.77600000000001
MAC004966,1487,495,153.1360000000003,43.881999999999984,0.902,1488,496,62.38900000000034,18.71099999999997
MAC004967,1487,495,235.76700000000022,51.446000000000055,0.692,1488,496,135.95700000000002,31.604000000000003
MAC004970,1486,495,1327.2129968999975,1024.1499971000007,8.7200002,1488,496,193.74200040000056,109.02900040000007
MAC004971,1487,495,230.4560000999999,37.86899999999999,1.872,1488,496,110.32200000000012,26.351000000000017
MAC004972,1487,495,292.0439999999999,107.8369999999999,0.756,1488,496,213.65500000000003,72.41399999999999
MAC004973,1487,495,50.573000000000505,16.040999999999897,0.162,1488,496,128.5790000000001,35.525999999999996
MAC004974,1487,495,280.0650000000005,56.25900000000001,0.816,1488,496,255.26699999999965,67.30200000000008
MAC004975,1487,495,236.08500000000004,54.82000000000004,1.242,1488,496,106.58599989999959,23.683000000000007
MAC004976,1487,495,741.0820004000013,192.09699999999984,3.2320002,1488,496,449.2140000000004,117.338
MAC004978,1486,495,837.5110020999991,75.76899989999997,4.6859998,1488,496,286.23399960000023,51.64599999999997
MAC004980,1487,495,489.09600029999893,340.77600029999985,5.8060002,1488,496,296.8610001000004,150.63700020000002
MAC004981,1487,495,218.25400000000005,78.39899999999999,1.036,1488,496,170.2230000000001,63.531000000000034
MAC004982,1487,495,17.182999999999996,2.036,0.488,1488,496,108.43100009999999,33.459
MAC004983,1487,495,834.6130001999992,703.0330001999994,12.0059996,1488,496,243.30700050000047,132.6620004000001
MAC004984,1487,495,319.0650000999997,70.33499999999997,0.874,1488,496,434.18199999999956,74.739
MAC004985,1486,495,440.89000019999986,60.401000000000046,2.82,1488,496,348.03300010000027,51.483
MAC004986,1487,495,233.66499999999957,45.16300000000001,1.902,1487,496,102.11999999999995,31.839000000000038
MAC004987,1487,495,560.6429999999995,153.48799999999994,2.398,1488,496,458.0720001000002,126.5699999000001
MAC004989,1486,495,399.5540002999998,145.09300029999997,2.964,1488,496,173.06200020000037,33.73100000000002
MAC004991,1487,495,616.2109994000006,55.046000000000014,1.568,1488,496,394.80699999999996,53.09500000000001
MAC004992,1487,495,199.024,21.73700000000001,0.428,1488,496,168.62300000000008,25.55800000000001
MAC004993,1487,495,2650.5269974999965,667.9340000000001,7.8340002,1488,496,540.6850000999982,84.90999999999994
MAC004994,1487,495,211.7040000000008,66.85300010000005,2.196,1488,496,155.22699999999972,43.549
MAC004995,1487,495,944.2880009999999,350.0020005000003,4.994,0,0,0.0,0.0
MAC004996,1487,495,1169.2320007999992,152.38400019999995,3.6,1488,496,879.0129996000003,113.03199989999996
MAC004997,1487,495,895.0320006999999,113.4529999,3.748,0,0,0.0,0.0
MAC004998,1487,495,224.35900039999956,31.046999999999986,0.702,1488,496,199.7099999999998,59.067999999999984
MAC004999,1487,495,368.4520000000002,36.87399999999998,0.782,1488,496,219.02699999999976,32.35900000000002
MAC005000,1487,495,246.2250000000003,87.38100000000006,1.648,1488,496,197.42300000000006,76.62899999999996
MAC005001,1487,495,993.0820008000011,148.67600019999998,3.356,1488,496,505.6049997999995,114.45099989999996
MAC005002,1487,495,261.4540003000001,19.705000000000062,1.002,1488,496,237.9650000000002,39.00699999999994
MAC005003,1487,495,192.25600000000014,46.34300000000006,1.176,1488,496,143.4759999999997,35.49500000000001
MAC005004,1487,495,106.38400000000073,17.887999999999977,0.598,1488,496,89.09900000000005,24.49600000000001
MAC005005,1487,495,280.35100000000017,58.42800000000001,1.982,1488,496,158.39199990000012,32.374000000000045
MAC005007,1487,495,204.41699970000008,39.974999999999945,0.842,1488,496,92.65300000000016,21.538000000000014
MAC005008,1487,495,868.4950001999999,90.81600030000014,5.5180002,1488,496,184.65800030000014,42.71899990000001
MAC005009,1487,495,1706.9560011999965,1217.5360016000002,10.2559996,1488,496,532.3849999999993,315.42600030000006
MAC005010,1487,495,94.18100000000032,25.54699999999997,0.576,1487,496,65.1810000000001,18.39599999999997
MAC005012,0,0,0.0,0.0,,0,0,0.0,0.0
MAC005014,1487,495,196.14600049999996,168.06800049999993,2.998,1488,496,178.13099999999983,151.22900000000004
MAC005015,1487,495,416.36499930000014,40.73399999999994,0.86,1488,496,291.99599990000013,34.54499999999998
MAC005016,1487,495,237.39000009999936,35.49000000000009,2.716,1487,496,209.06599969999988,79.62199979999986
MAC005018,1487,495,178.03699990000018,36.56100000000002,0.81,1488,496,151.92299980000018,28.241999999999987
MAC005019,1487,495,294.562,43.203999999999986,1.88,1488,496,192.5360000000002,40.78899999999998
MAC005020,1487,495,683.7369998999997,238.11099990000014,2.816,1480,496,432.80999999999955,130.48500000000004
MAC005021,1487,495,1015.8480000000003,610.4810000000008,7.868,1488,496,183.49900030000043,30.639999999999958
MAC005024,1487,495,194.85800020000042,28.704000000000047,0.614,1488,496,142.13999990000033,18.251999999999974
MAC005025,1487,495,147.63600000000048,17.718999999999966,0.802,1488,496,120.42900000000029,20.67500000000003
MAC005026,1486,495,701.2429999000012,203.94000000000005,1.676,1488,496,595.1209999999996,175.16900000000004
MAC005027,1487,495,267.41000000000014,68.924,0.864,1487,496,291.28800000000047,78.16699999999999
MAC005028,1487,495,529.6280000999994,92.63799990000003,2.1559998,1488,496,373.49300010000053,90.11500000000004
MAC005029,1487,495,703.7830008999993,138.52099990000005,5.098,1488,496,628.4769996000014,105.25999999999988
MAC005030,1487,495,260.731,74.78300000000002,2.112,1487,496,188.01399999999984,57.072999999999986
MAC005032,1487,495,275.53799999999967,81.14899999999993,1.302,1488,496,168.85699999999989,51.59800000000002
MAC005033,1487,495,65.8860000000001,9.711999999999994,1.298,1488,496,9.538000000000002,1.7099999999999984
MAC005035,1486,495,367.7559999000006,58.086999999999996,1.012,1488,496,301.73200000000014,58.37399999999996
MAC005036,1487,495,377.53200030000033,36.44199999999997,2.058,1488,496,386.6319997,100.8699997999999
MAC005037,1295,431,135.02200000000008,23.537999999999997,1.576,1488,496,150.03199999999993,28.163999999999987
MAC005038,1487,495,120.95899990000032,23.62799999999998,1.532,1488,496,85.18100000000022,20.930999999999983
MAC005040,1487,495,42.64700000000015,14.41099999999995,0.25,1487,495,169.8869999999993,56.937000000000054
MAC005041,1487,495,1514.8719987000013,1206.4379986,12.3079996,1488,496,565.0329997000016,282.31199970000006
MAC005042,1487,495,677.6980000000003,182.1800001999999,4.026,1488,496,392.8000001999997,125.40499999999997
MAC005043,1465,493,472.26599989999994,86.06999999999994,2.138,1477,495,407.3659998999996,97.46800000000007
MAC005044,1487,495,1242.729999599999,444.6219996000001,5.6100002,1488,496,441.1990002000003,88.78199999999997
MAC005045,1487,495,154.477,36.62800000000002,0.308,1488,496,141.90299999999942,35.21500000000001
MAC005046,1487,495,74.476,12.378999999999996,0.126,1488,496,50.61100000000019,8.343999999999982
MAC005047,1487,495,1328.3320017999963,177.22699980000004,4.966,0,0,0.0,0.0
MAC005048,1487,495,314.2990000999991,63.05800000000009,2.544,1487,496,197.39400000000032,48.61300000000005
MAC005049,1487,495,263.3270000000006,28.48499999999999,0.616,1488,496,199.08500000000035,35.94899999999997
MAC005050,1487,495,636.3860001000005,163.14699990000008,4.56,1488,496,463.28800009999946,122.15600010000001
MAC005051,1487,495,145.91999990000025,45.723999999999975,0.914,1488,496,107.44700000000041,32.59299999999996
MAC005052,1487,495,656.4970001000006,161.28800000000004,3.35,1488,496,507.88699969999936,129.42200000000003
MAC005053,1484,494,162.10600000000022,26.66799999999999,0.4,1488,496,152.45499999999964,34.199
MAC005054,1487,495,422.4779997000002,128.75199979999982,3.4619998,1488,496,212.09000000000023,113.30199999999991
MAC005055,1487,495,101.9030000000001,19.166,0.224,1488,496,51.78200000000011,17.331999999999994
MAC005056,1486,495,273.08899999999977,52.80700000000003,0.818,1484,496,181.7199999999998,47.72600000000001
MAC005058,1487,495,231.82099999999988,25.570000000000036,0.714,1487,496,201.9689999999997,31.191000000000006
MAC005060,1486,495,192.55400000000012,42.572999999999986,0.476,1488,496,227.8790000000005,52.08600000000003
MAC005061,1487,495,1130.8110031000024,218.9990004000002,4.948,0,0,0.0,0.0
MAC005062,0,0,0.0,0.0,,0,0,0.0,0.0
MAC005063,1487,495,605.3949999999999,138.59800000000013,2.1,1487,495,370.53899990000036,56.66400000000005
MAC005064,1487,495,437.44999970000055,70.86700000000003,2.152,1488,496,213.26299969999985,46.081000000000074
MAC005065,1487,495,216.09600000000006,28.16099999999999,2.088,1488,496,177.07400000000035,29.719999999999946
MAC005066,1479,495,297.16999989999937,48.90099999999998,1.03,1486,496,161.90100020000023,26.59899999999999
MAC005067,1487,495,481.00899990000016,132.728,4.0,1488,496,400.4709999999986,131.44600010000013
MAC005071,1487,495,161.97899999999996,33.79400000000002,0.786,1488,496,146.51399999999995,33.466999999999985
MAC005072,1487,495,334.26800000000105,58.487999999999964,1.008,1488,496,276.36299999999983,54.23199999999992
MAC005073,1487,495,396.15500000000014,106.53499999999995,1.262,1488,496,436.56299999999993,117.14699999999989
MAC005074,1487,495,321.01499990000076,42.894000000000005,0.696,1488,496,247.26299980000016,54.474000000000004
MAC005075,1487,495,486.46000029999993,75.18700000000003,1.616,1488,496,267.8689998999998,67.10600000000002
MAC005077,1487,495,841.6449997999998,379.0649997999999,7.9759998,1248,417,208.83099949999976,61.63099990000003
MAC005078,1487,495,288.3240000000006,66.997,1.508,1488,496,296.62799999999993,78.42999999999998
MAC005079,1487,495,140.1079999999996,48.94500000000004,0.284,1488,496,274.30200000000025,75.98000000000002
MAC005081,1487,495,437.3419999999994,84.54100000000001,1.824,1488,496,297.6289999999998,71.421
MAC005082,1487,495,197.33399999999972,44.37400000000001,1.346,1488,496,185.82499999999987,46.19900000000005
MAC005084,1486,494,224.2079999999999,40.79100000000001,0.754,1153,385,124.35299999999978,28.848000000000006
MAC005086,1487,495,253.54400000000106,43.4269999999999,1.592,1488,496,124.09300000000022,29.238999999999987
MAC005087,1487,495,47.15500000000092,13.63599999999991,0.544,0,0,0.0,0.0
MAC005088,1487,495,326.9579999000005,29.93600000000001,0.92,1488,496,224.51700010000022,36.237999999999985
MAC005089,1487,495,287.56800009999984,51.30199999999995,0.7,1488,496,200.38499989999988,44.856999999999914
MAC005090,1487,495,391.5439998000009,71.12899999999998,1.484,1488,496,377.27600010000043,75.06699999999998
MAC005092,384,128,130.2839998000001,28.849000000000007,1.988,0,0,0.0,0.0
MAC005094,1487,495,114.25999999999974,27.41599999999996,0.618,0,0,0.0,0.0
MAC005095,1487,495,109.01800000000013,20.37499999999998,0.414,1488,496,104.71800020000008,20.188999999999997
MAC005096,1487,495,506.63199959999986,99.21100000000011,1.396,1488,496,427.04500020000006,91.03200000000012
MAC005097,1487,495,486.16400009999984,109.79800009999987,2.618,1488,496,361.7499999000001,84.08300000000006
MAC005098,1486,495,165.31499999999969,56.68800000000004,0.984,1488,496,175.8980000000002,58.95699999999995
MAC005099,0,0,0.0,0.0,,0,0,0.0,0.0
MAC005100,1487,495,469.1420006000001,94.67299999999997,0.876,1345,449,246.63299999999995,69.84800000000007
MAC005101,1487,495,373.4089999000001,107.73500000000001,1.186,1488,496,353.29199980000004,104.35800000000022
MAC005103,1486,494,992.7200013000001,313.23400060000006,5.6139998,1487,496,188.91999990000022,78.31399989999986
MAC005104,1487,495,84.44600000000007,28.22800000000001,0.196,1488,496,136.34899999999905,45.42700000000001
MAC005105,1487,495,166.19199990000027,33.609000000000016,0.88,1487,496,122.7020000000002,27.587999999999997
MAC005107,1474,495,1024.8739996999996,125.36499980000018,5.244,1488,496,69.1959999999998,5.926999999999988
MAC005108,1487,495,345.04200000000037,64.35,1.162,1488,496,227.5719998999997,42.304
MAC005109,1487,495,100.16900000000028,13.095999999999995,0.354,1488,496,74.1200000000001,16.808999999999987
MAC005112,1487,495,119.85000000000032,25.017000000000007,0.402,1488,496,106.84700000000021,26.729999999999993
MAC005113,1486,495,529.125999799999,58.26399989999997,2.1559998,1488,496,128.95000000000041,23.078999999999983
MAC005114,1487,495,166.98900000000026,29.46200000000001,0.496,1488,496,123.69400000000016,22.077
MAC005115,1487,495,275.5629999999997,31.385999999999942,1.086,1488,496,261.3890000999998,41.594000000000065
MAC005116,1487,495,362.42499959999975,53.75200000000002,1.44,1480,496,245.76900009999957,34.243000000000045
MAC005117,1486,494,913.6309999000002,112.68499999999996,2.496,1488,496,545.5710005000003,71.0519999
MAC005118,1487,495,341.0200000000005,84.75799999999991,1.878,0,0,0.0,0.0
MAC005119,1487,495,622.9479997000001,80.2860001,3.3,1488,496,452.9360001000004,88.65100009999992
MAC005120,1487,495,208.53399999999954,48.239000000000054,0.946,1488,496,193.93099999999984,43.633000000000024
MAC005123,1486,495,808.877999800001,47.56199989999996,3.0,1487,495,203.29900000000004,49.41199999999997
MAC005125,1486,494,127.7160000000002,21.22599999999998,0.222,1488,496,130.08200000000008,27.016999999999985
MAC005126,1487,495,265.0429999000002,51.89000000000001,1.946,1488,496,257.4030000000005,55.09400000000001
MAC005128,1487,495,107.90600000000006,16.40099999999993,1.154,1487,496,89.50700000000015,21.015999999999938
MAC005129,1487,495,471.4199999999997,100.80500000000008,1.33,1488,496,388.0390000000007,100.14699999999999
MAC005130,1487,495,217.54500000000002,60.44800000000003,3.256,1488,496,138.4100000000007,43.09599989999999
MAC005131,1487,495,68.67100000000012,15.110999999999972,0.272,1488,496,69.23100000000034,20.177000000000003
MAC005132,1487,495,205.7700000000003,42.96400000000003,0.582,1488,496,186.79,49.95600000000002
MAC005133,1487,495,333.54800060000025,87.88099999999997,5.196,1488,496,304.46999999999986,95.55300000000004
MAC005135,1486,495,221.08700000000053,63.38299999999996,2.5739998,1488,496,155.89399999999992,49.113999999999976
MAC005136,1487,495,219.71899980000003,54.653000000000056,1.064,1488,496,165.2909999999997,41.21699999999997
MAC005137,1487,495,167.9270000000003,37.155999999999985,2.644,1488,496,132.11000000000024,33.74199999999998
MAC005138,1487,495,331.84999999999985,51.682,1.074,1488,496,269.77500000000015,59.537999999999954
MAC005139,1487,495,410.61399999999963,79.73799999999991,1.502,1488,496,330.411,69.89199999999994
MAC005140,1487,495,94.45800000000031,12.850999999999988,0.308,1487,496,79.25000000000006,15.479999999999988
MAC005141,1487,495,299.9750000000007,77.54099999999995,2.634,1488,496,207.47000000000017,55.94099999999992
MAC005142,1483,494,186.21000009999997,50.38600009999995,2.1300002,1488,496,211.90199999999996,52.968000000000096
MAC005143,1487,495,322.74999999999966,80.88000010000012,2.58,1488,496,206.7819999999999,43.67699999999999
MAC005144,1487,495,320.18799970000026,69.26900009999996,3.362,1487,496,509.61100010000024,145.32299990000007
MAC005145,1485,494,187.5620000000002,58.59400000000002,0.774,1487,495,172.34799999999984,51.521000000000015
MAC005151,1487,495,297.3930000999998,51.47899999999992,0.81,1488,496,246.15799999999987,49.329999999999956
MAC005153,1487,495,118.39000000000006,25.48400000000001,0.302,1488,496,117.3129999999999,28.755999999999975
MAC005154,1487,495,1644.5099982999968,341.99099930000034,8.196,1487,496,520.6020000000003,79.51599999999998
MAC005155,1487,495,377.00000050000034,39.03099999999999,0.866,1487,496,302.55200030000026,44.922
MAC005156,1487,495,433.92300009999883,58.79500000000007,0.602,1488,496,305.0450000000015,60.086
MAC005158,1487,495,587.0119998000008,107.54599999999995,2.72,0,0,0.0,0.0
MAC005163,1487,495,270.7579997999992,31.93399999999991,2.322,1487,496,175.39200019999936,25.65699999999996
MAC005165,1487,495,554.2769999999997,110.85200009999998,3.34,1488,496,322.2810001999998,87.19799999999995
MAC005166,1487,495,684.5339996,163.46199980000023,3.886,1488,496,533.0610000999999,148.82600020000007
MAC005167,1486,495,218.1969999000002,52.34299999999998,0.69,1488,496,100.1310000000001,28.127999999999982
MAC005168,1487,495,176.21900000000053,38.618,0.392,1488,496,135.2029999999996,32.20300000000001
MAC005169,1485,495,151.8499998999998,39.64699999999998,1.54,1488,496,121.38100000000028,33.19499999999997
MAC005170,1487,495,281.61400000000043,64.09099999999998,2.716,1488,496,286.0809999999998,76.20100000000001
MAC005174,1487,495,256.63800000000003,52.69299999999998,0.69,1488,496,250.9429999999998,57.025000000000006
MAC005175,1487,495,84.71300000000066,26.487999999999992,1.104,529,177,24.54899999999997,7.478999999999996
MAC005176,1486,495,115.41500000000036,18.800999999999963,0.376,1488,496,94.28400000000038,20.715
MAC005177,1487,495,241.19399980000006,40.26399999999998,2.062,1488,496,163.45599999999993,34.804999999999986
MAC005178,1487,495,1121.435999900001,295.38499990000014,3.358,1488,496,236.41300080000016,33.48599999999996
MAC005181,1487,495,145.6270001000001,16.14700000000001,1.404,1485,496,102.75700000000005,28.14699999999994
MAC005182,1487,495,138.38600000000028,28.198999999999987,0.766,1488,496,111.70000000000006,33.239000000000004
MAC005183,1487,495,168.92799989999992,39.55600000000001,1.548,1488,496,88.78200000000045,14.356999999999983
MAC005185,1487,495,562.1160005000008,92.58800000000002,3.99,1488,496,210.5349999999994,52.289999999999985
MAC005187,1487,495,84.21400000000034,21.684999999999995,2.342,1488,496,79.5650000000001,21.034999999999986
MAC005188,1487,495,1136.7990007000005,233.43100019999983,4.4840002,1488,496,940.5620000000005,252.63900020000028
MAC005191,1487,495,114.02999990000006,24.591999999999985,0.948,1488,496,110.25400020000006,19.719999999999974
MAC005192,1487,495,206.1960000000003,64.0320000000001,0.478,1488,496,183.53100000000012,65.63200000000008
MAC005193,1487,495,195.6630000000001,45.61200000000001,0.376,1487,496,232.1319999999999,63.25300000000007
MAC005194,1439,479,284.6239998999999,58.779999999999966,1.028,1488,496,215.28399999999974,45.41200000000001
MAC005195,1487,495,403.11100020000026,62.1070001,2.58,1488,496,275.68400000000094,49.14500009999996
MAC005196,1487,495,244.8480000999994,46.202999899999924,2.0079998,1488,496,232.4610001000007,44.945999999999984
MAC005198,1487,495,2415.3600013000005,2030.351001000001,12.9940004,1488,496,224.57400020000034,133.32400020000003
MAC005199,1487,495,289.3179994000002,91.86799999999997,4.3400002,1488,496,218.2350002999987,100.90100000000005
MAC005201,1487,495,156.06100000000023,56.846999999999966,0.764,1487,496,120.65900000000035,37.989999999999945
MAC005202,1487,495,878.8720006000001,193.26700000000014,2.79,1488,496,376.46900019999975,181.2300002
MAC005203,1487,495,372.9819999000003,80.6399999999999,2.596,1488,496,334.92100000000016,83.98100000000002
MAC005205,1487,495,197.92199999999983,33.90199999999997,0.388,1488,496,83.43100000000038,23.73099999999999
MAC005206,1487,495,144.2670001000001,22.318999999999956,0.624,1488,496,89.54800000000037,15.617999999999972
MAC005208,1487,495,317.60800009999923,91.0109999999998,2.024,1488,496,235.41300000000012,50.239
MAC005209,1487,495,335.13699980000024,53.59700009999996,2.644,1488,496,224.49199999999857,44.92700000000006
MAC005210,1487,495,217.97600000000008,23.97499999999999,0.348,1487,496,167.03899999999982,36.358000000000004
MAC005211,1487,495,388.6450002000008,60.797999999999995,1.916,1488,496,336.8059999000001,59.84900000000003
MAC005213,1487,495,389.0310001000003,88.20600000000003,2.68,1488,496,267.5389998999998,55.35800000000008
MAC005214,1487,495,492.7009998000002,100.31699989999998,2.9719998,1488,496,158.3690001000006,53.32
MAC005215,1486,495,163.3640000000003,27.902999999999988,1.362,0,0,0.0,0.0
MAC005216,1487,495,843.8480001000007,713.8800001000003,6.698,1488,496,241.24099960000007,163.2409996000001
MAC005217,1487,495,136.08899990000026,30.975999999999953,0.728,1488,496,118.07599999999985,34.354000000000006
MAC005218,1486,495,113.75200000000041,22.502999999999982,0.738,1487,496,116.26099980000062,28.527999999999988
MAC005219,1487,495,178.8239999000002,39.77699999999995,1.78,1488,496,145.0070000000003,37.8899999999999
MAC005220,1487,495,1328.6709996999982,545.3890008000002,7.1880002,1488,496,352.33199980000035,250.1949997999999
MAC005221,1486,495,125.64400000000069,28.037999999999997,0.502,1488,496,87.12600000000087,22.41799999999999
MAC005222,1487,495,877.4900002999982,235.79900029999993,2.714,1488,496,244.4880000000009,75.4729999999999
MAC005223,1486,495,423.98400040000075,64.07500000000005,1.224,1488,496,254.58800010000047,52.320000000000014
MAC005224,1486,495,390.14200019999845,83.33,1.746,1488,496,378.9090003999996,151.10600019999993
MAC005225,1487,495,636.6560002999994,136.79199999999997,2.006,1488,496,206.55499999999955,54.56000000000001
MAC005226,1487,495,270.4649997999997,13.757999999999974,1.998,1488,496,51.448999999999955,14.244999999999987
MAC005227,1487,495,457.5549998999997,64.96500000000002,2.816,1488,496,227.1659998999999,43.24900000000006
MAC005228,1487,495,456.6159997999998,168.33499969999997,4.8140002,1488,496,135.076999900001,43.95500009999997
MAC005229,1487,495,218.64699989999943,38.803000000000026,1.902,1487,496,129.35600000000076,31.15999999999997
MAC005230,1296,432,441.65000000000003,97.41000000000014,1.054,1200,400,401.1229999999997,111.66099999999999
MAC005231,1487,495,90.76800000000024,19.09900000000001,0.94,1488,496,94.26000000000013,17.84000000000001
MAC005232,1487,495,26.522000000000045,4.779999999999993,0.25,1488,496,53.059,12.584999999999987
MAC005233,1487,495,214.7189997999998,33.99499999999998,1.114,1488,496,177.93100000000035,23.945999999999977
MAC005234,1486,495,379.01599999999996,351.1970000000001,1.876,1488,496,129.8370002999995,23.221999999999987
MAC005235,1486,495,1478.723999299998,599.9480000999996,7.284,1488,496,473.822999800001,141.08299989999998
MAC005236,1487,495,192.06699999999927,44.65799999999991,0.884,1488,496,164.14799999999988,33.05999999999998
MAC005237,1487,495,318.7530000000005,76.52599999999998,2.4,1488,496,274.5979997999995,63.184000000000005
MAC005238,1487,495,412.25799969999963,97.6939998999999,3.882,1488,496,361.0329997999988,101.66699990000012
MAC005239,1487,495,472.6459998000005,139.159,2.364,1488,496,254.44400000000033,80.84899999999999
MAC005241,1487,495,206.09399999999968,30.718,0.552,1487,496,181.9180000000002,31.383000000000003
MAC005242,1487,495,260.6409999,39.078000000000024,1.254,1485,496,180.24699999999982,43.70899999999999
MAC005243,1487,495,528.7239997999999,152.56199999999993,1.734,1488,496,355.6100005000003,66.75200009999995
MAC005244,1487,495,635.0610005000001,112.48699999999997,2.606,1488,496,450.6609998000004,146.76699999999997
MAC005245,1487,495,556.6249998999987,70.07799979999992,2.3239998,1488,496,222.9679999999997,29.882999999999953
MAC005246,1487,495,247.66600000000008,91.65399999999984,1.18,1488,496,216.45199990000023,85.22499999999984
MAC005247,1487,495,571.6519998999993,92.37,1.538,1488,496,269.1780001000003,63.487000000000094
MAC005248,1486,495,2.244,0.0,0.0,1488,496,232.86300000000003,37.89300000000002
MAC005249,1487,495,427.95800029999987,113.6089999999999,3.09,1488,496,315.42599989999997,52.53799980000003
MAC005251,1487,495,396.1019996999991,53.53199989999999,2.5739998,1488,496,324.1579998999999,35.431999999999924
MAC005252,1486,495,131.41100000000054,19.314000000000064,1.064,1488,496,63.957000000000036,11.722999999999983
MAC005253,1487,495,316.3019996000002,59.68499999999998,2.116,1488,496,206.57200010000014,42.80600000000001
MAC005254,1487,495,266.42900009999966,41.31700000000002,0.814,1488,496,173.81099999999986,45.269
MAC005257,1487,495,302.01300009999983,64.46200000000005,0.644,1487,496,239.67100000000002,53.17799999999993
MAC005258,1487,495,328.16600030000046,82.27500010000004,4.5180002,1488,496,177.98400000000004,35.083999999999996
MAC005259,1487,495,1347.331999199999,160.4099997000001,5.4299998,1488,496,279.8549999999998,71.33999999999997
MAC005260,1486,495,170.4940000000003,30.891999999999985,0.466,1486,496,135.9659999999999,25.307000000000023
MAC005261,1487,495,213.13099999999997,57.175000000000075,1.05,1488,496,171.85299999999953,49.76700000000006
MAC005262,1487,495,141.26799980000047,40.26800009999999,2.848,1488,496,114.28199999999892,35.93500000000008
MAC005263,1487,495,950.9569986999998,753.7859988000001,5.7800002,1488,496,0.0,0.0
MAC005264,1487,495,1051.6170010999983,167.48599979999995,3.28,1487,496,523.0309998999999,137.2989999
MAC005265,1482,493,25.507999999999893,8.497999999999992,0.114,1487,495,178.55700000000002,41.10600000000007
MAC005267,1487,495,1074.4499989000008,789.7759989000011,7.1680002,1488,496,272.8699998999998,130.8329998999999
MAC005268,1487,495,334.53600040000066,109.43899999999996,2.096,1488,496,246.95600000000044,90.75200000000004
MAC005269,1486,495,444.00299960000007,91.99900000000004,1.296,1488,496,430.8019998999995,114.01800000000001
MAC005270,1487,495,521.1439993000001,89.54499999999997,2.236,1488,496,361.43199989999954,118.64699999999993
MAC005272,1487,495,71.0579999999998,7.0939999999999905,0.13,1488,496,71.94900000000011,13.95799999999996
MAC005273,1487,495,129.36800000000036,36.58799999999999,0.656,1488,496,83.86800000000021,26.27700000000004
MAC005274,0,0,0.0,0.0,,0,0,0.0,0.0
MAC005275,1487,495,1037.4309995999993,214.01200000000017,3.256,1488,496,630.9229997999997,167.23899990000007
MAC005276,1487,495,791.3410009000005,344.9110003999998,7.0879998,1488,496,160.60700000000023,39.01599999999993
MAC005277,1487,495,228.58499989999981,48.345,0.836,1488,496,126.94600000000048,40.577000000000076
MAC005280,1487,495,630.6640004000012,140.52799999999996,2.72,1488,496,382.6079998999999,106.5200000000001
MAC005282,1487,495,674.6759991999995,297.6199995,3.022,1488,496,167.3420000000001,44.32200000000003
MAC005283,1487,495,453.0869999000002,99.03499989999997,3.368,1488,496,309.4160000000008,73.95699999999991
MAC005285,1487,495,234.60200000000054,40.11499999999999,1.034,1488,496,172.61700000000008,36.088999999999984
MAC005286,1053,350,95.47100010000013,17.085999999999988,1.518,0,0,0.0,0.0
MAC005287,1487,495,1744.098999300001,697.3389987999996,8.7040004,1488,496,511.5550001000005,83.258
MAC005288,1487,495,459.94400010000027,87.91100000000006,1.944,1488,496,408.46199980000046,89.66600000000005
MAC005289,1486,495,90.41299999999995,16.735000000000024,0.438,1488,496,77.32999990000023,17.386000000000006
MAC005293,1487,495,615.2409997999989,31.019999999999968,0.766,1488,496,284.24900000000065,35.423999999999964
MAC005294,1487,495,113.93000000000069,22.112000000000048,1.0,1488,496,95.65600000000032,23.958
MAC005295,1487,495,478.8570007000005,52.39000000000002,0.98,1488,496,265.5970000000006,54.366000000000014
MAC005296,1487,495,163.51500000000047,27.530999999999974,2.048,1488,496,123.45900000000071,30.797999999999973
MAC005297,1487,495,239.61399990000018,41.48899999999998,0.826,1488,496,236.83400000000023,74.65899989999994
MAC005298,1487,495,327.9119999999997,34.415999999999976,1.174,1488,496,166.9549996999998,20.316999999999965
MAC005299,1487,495,648.3830001999996,238.5650001999999,2.932,1488,496,269.3799999999978,113.72299999999994
MAC005300,1487,495,144.00300000000001,28.262000000000047,0.348,1488,496,118.07400000000015,29.517999999999965
MAC005301,1487,495,918.3689986000004,74.82100000000004,1.226,1488,496,188.44000030000004,28.50200000000003
MAC005302,1487,495,1078.0400000000025,166.97699989999998,3.3,1487,496,700.3919999999988,128.27799999999985
MAC005303,1487,495,480.29099990000014,137.3379999999999,2.386,1488,496,179.01000000000045,44.475
MAC005304,1487,495,77.93500000000007,18.057,0.368,1488,496,92.22500000000008,20.19299999999999
MAC005305,1487,495,310.3269994999999,45.17000000000001,1.886,1487,496,233.21799989999997,51.74000000000001
MAC005307,1487,495,1246.085002500001,955.1120022999999,7.7800002,1487,496,165.60300039999996,76.50600030000014
MAC005309,1487,495,911.8779988000005,515.9389993000003,5.3800002,1488,496,324.63599960000005,145.23499990000005
MAC005311,1487,495,200.08299980000038,27.982999999999898,1.894,1488,496,45.368999999999986,14.183999999999944
MAC005312,1487,495,202.2969997999999,36.545999999999985,1.304,1488,496,147.5480000999993,36.93600000000007
MAC005313,1487,495,21.216000000000054,3.643999999999993,1.312,1487,496,12.775999999999991,0.7240000000000002
MAC005314,1487,495,501.97200039999944,79.22600009999991,2.5380002,1488,496,287.48100010000024,72.83399999999995
MAC005315,1487,495,729.0739990000002,184.14200009999985,3.142,1488,496,372.97400020000083,102.20999999999992
MAC005316,1487,495,1035.4289996000014,106.24099999999994,0.98,1488,496,603.1920006999991,108.9280000000001
MAC005317,1487,495,191.75699989999998,46.388999999999996,1.738,1488,496,110.94800000000039,24.85099999999999
MAC005318,1487,495,2574.794996700001,748.0569979000003,7.382,1488,496,389.3860001999994,89.38099999999997
MAC005319,1487,495,108.78400000000013,31.078,0.58,1488,496,130.41199999999992,41.975000000000136
MAC005320,1487,495,593.4979997999994,74.33799989999991,5.164,1488,496,342.7250001000007,75.227
MAC005322,1485,494,819.9099993999995,180.10499989999974,2.764,1486,494,360.578,73.02799999999996
MAC005323,1487,495,281.8709998000006,53.655000000000044,0.908,1488,496,222.493000100001,52.78900000000003
MAC005325,1487,495,305.3489999000003,66.58599999999994,1.27,1487,496,321.5000000999997,78.93900000000008
MAC005326,1487,495,254.8920000999985,50.04100000000002,1.652,1488,496,148.22499999999948,28.42999999999997
MAC005327,1487,495,1812.5679984000026,690.8629987000004,6.58,1487,496,362.2590000000005,127.29799999999989
MAC005328,1487,495,133.7149998000003,33.62499999999993,0.324,1488,496,109.99399990000144,27.647999999999954
MAC005329,1487,495,532.4990001999995,100.18899989999983,2.264,1487,496,294.97300000000104,65.95699999999991
MAC005330,1487,495,226.60900020000017,19.20499999999996,0.46,1487,496,190.48700029999992,26.795000000000016
MAC005331,1103,367,267.79200010000005,49.93499999999998,2.066,1200,400,260.80599989999973,68.276
MAC005332,1487,495,249.15299989999986,48.65500000000001,1.656,1488,496,181.07999990000022,39.622999999999934
MAC005333,1487,495,486.5309998999994,183.4719998999998,3.374,1488,496,171.47899990000033,78.89399990000007
MAC005334,1487,495,119.01999999999971,21.078999999999937,1.708,1487,496,49.43400000000001,15.798000000000043
MAC005335,1487,495,1578.1429979999991,628.5599976000002,7.902,1488,496,570.5550006999995,322.6340009000001
MAC005336,1487,495,633.5099981999986,559.2509980999997,6.7519998,1488,496,157.50400000000025,75.82400000000001
MAC005337,1487,495,367.6720000999985,296.83800010000004,3.2579998,1488,496,237.01299969999965,168.91699970000002
MAC005338,1487,495,334.6050006000003,97.17900009999987,2.776,1488,496,219.50699969999997,51.94899999999994
MAC005339,1487,495,102.69400000000056,14.92999999999993,0.464,1487,496,86.84200000000013,18.612999999999985
MAC005340,1487,495,811.6040003999992,670.7310003999994,5.8140002,1488,496,330.4230000000004,192.31800000000007
MAC005343,1487,495,248.36700000000033,41.307000000000066,1.536,1488,496,156.5539999999994,29.174000000000017
MAC005344,1487,495,344.7429999000006,254.44500000000014,4.776,1488,496,276.6609994999998,167.61099949999988
MAC005345,1487,495,669.1780015000003,542.0780015000004,6.5359998,1488,496,198.5940003000002,129.75800030000016
MAC005346,1487,495,1272.2379997,263.33100009999987,4.532,1488,496,534.3440001999999,139.67500000000018
MAC005348,1487,495,635.8579992000001,321.0939992999999,6.1599998,1488,496,178.7100001000002,70.76400010000003
MAC005350,1487,495,877.8499995999999,188.59299969999972,4.8140002,1488,496,132.25500000000088,54.85899989999993
MAC005351,1487,495,149.56400000000048,17.043999999999965,0.788,1487,496,94.27300000000028,16.808999999999966
MAC005353,1487,495,3095.0239957999997,997.4280000999997,8.4320002,1488,496,363.01199990000043,75.1099998000001
MAC005355,1487,495,1181.9590003000005,505.12700010000015,7.0240002,1488,496,293.4660006000003,172.29100039999994
MAC005356,1487,495,1297.6600000000012,223.11899990000015,5.1799998,1488,496,761.4859988999996,124.82999999999993
MAC005357,1487,495,399.21299999999957,119.61300000000014,0.776,1488,496,182.78699999999975,51.58000000000005
MAC005358,1487,495,210.6210000000004,42.70999999999995,0.614,1488,496,166.45899999999972,43.300999999999995
MAC005360,1487,495,266.8680001000002,36.11399999999996,0.706,1488,496,224.4860000000001,42.14800000000003
MAC005361,1342,447,270.86399999999986,41.352000000000004,2.002,1488,496,187.91400000000002,39.058000000000014
MAC005362,1487,495,163.69599999999934,27.806999999999984,0.526,1488,496,149.78200000000035,26.737000000000023
MAC005363,1487,495,584.7700003000004,67.20499999999997,2.092,1488,496,366.5989998000005,57.472000000000016
MAC005364,1487,495,545.1199999999982,90.16400000000003,2.104,1488,496,241.1429998000004,57.40199989999999
MAC005365,1487,495,196.70800019999982,29.80899999999999,2.566,1488,496,370.21499979999953,80.45299999999995
MAC005366,1487,495,511.1479995999997,61.330000000000005,0.962,1487,496,455.10999990000033,102.61699990000005
MAC005367,1487,495,323.7130001000001,94.7710000000001,1.06,1485,495,231.55800000000013,51.85400000000002
MAC005369,1487,495,168.95599999999996,42.49999999999997,1.698,1488,496,147.34999999999985,36.857999999999976
MAC005370,0,0,0.0,0.0,,0,0,0.0,0.0
MAC005371,1487,495,341.88199999999944,81.42600000000007,0.646,1488,496,508.5699996999997,121.20999999999994
MAC005372,1487,495,280.06200000000035,64.08199999999992,0.878,1488,496,135.781,36.74999999999998
MAC005373,1487,495,341.88200040000027,49.77200000000002,1.416,1488,496,211.81100000000006,50.15600000000002
MAC005374,1487,495,139.96999999999977,27.782999999999962,1.488,1488,496,87.81600000000033,22.496999999999964
MAC005375,1487,495,453.18999979999995,97.8929999,2.842,1487,496,276.9630002,90.39299999999996
MAC005376,1487,495,527.9740005000001,407.1370005000003,7.5040002,1488,496,271.9430002999995,192.99700030000002
MAC005377,1487,495,608.1440006999984,518.6370006999995,4.3979998,1488,496,78.88800000000015,20.036000000000012
MAC005378,1487,495,1096.0940001,235.30399980000004,4.2459998,1488,496,130.50100000000066,26.657999999999973
MAC005379,1487,495,256.66299970000006,33.052000000000014,0.764,1488,496,164.01100000000002,31.324
MAC005380,1487,495,207.14900010000002,48.250000000000014,1.818,1488,496,158.8459999,40.907999900000036
MAC005381,1487,495,186.79199989999887,42.58799999999992,0.862,1488,496,236.71700000000033,48.75299999999988
MAC005382,1487,495,790.3700001999991,173.51400009999995,4.4320002,1488,496,430.72000010000056,82.86999999999986
MAC005383,1487,495,195.31999999999988,43.60600000000004,0.554,1488,496,151.3729999999997,39.568000000000026
MAC005385,1487,495,1139.5239999000019,979.2809999000007,8.4540004,1488,496,312.6940000000007,178.55500000000018
MAC005386,1487,495,620.7780001999994,540.6990002,6.4640002,1488,496,228.53400010000016,141.2270001000001
MAC005387,1487,495,342.9340001999997,55.16700000000006,3.068,1488,496,236.27800030000068,46.93199999999995
MAC005388,1487,495,652.1880003999994,465.6400006999999,6.894,1488,496,253.0519995999994,86.32299980000005
MAC005389,1487,495,238.45900000000051,58.006999999999934,0.952,1488,496,192.81300000000007,44.59700000000001
MAC005390,1487,495,104.19100000000033,24.37599999999998,0.964,1488,496,89.62800000000011,24.765999999999988
MAC005391,1487,495,212.10400000000038,48.81399980000005,2.1099998,0,0,0.0,0.0
MAC005392,1487,495,325.5660000999996,56.78399999999998,1.022,1488,496,257.0180000000002,62.38799999999997
MAC005393,1487,495,2158.0030004000027,1274.244000699999,11.2299996,1487,496,629.4489992000002,306.3809995999998
MAC005394,1487,495,219.51199969999982,39.42799999999996,0.576,1488,496,158.51000000000082,30.307999999999986
MAC005397,1487,495,731.9280014999998,564.6330012999999,6.67,1488,496,194.59600000000003,101.60400000000001
MAC005398,1487,495,904.2219996000001,735.1469995000002,9.632,1488,496,145.98199989999958,85.2069999000001
MAC005399,1487,495,1229.0159995000004,334.8249998000001,3.408,1488,496,269.7859999999997,41.054000000000066
MAC005400,1487,495,147.77400000000017,40.54199999999998,1.732,1488,496,189.8330000999996,56.624999999999964
MAC005402,1487,495,595.8549996999993,256.1629999000001,4.736,1488,496,403.74800029999983,197.9400001999998
MAC005403,1486,495,342.4940000000001,130.53400000000005,3.886,1488,496,223.8269999000001,56.63300000000004
MAC005404,1487,495,1002.5240005999999,217.3309998000001,4.718,1488,496,303.0260001000002,60.096000000000004
MAC005405,1487,495,75.50700000000033,19.133000000000028,0.47,1488,496,58.87200000000006,13.725999999999987
MAC005406,1487,495,2420.007999400002,480.5529987000001,7.1139998,1488,496,1733.4829985000006,385.6229996999997
MAC005407,1487,495,783.6379998999998,152.04699989999995,2.536,1488,496,486.9509998000002,109.94099999999995
MAC005408,1487,495,219.78999999999976,26.611999999999956,1.23,1488,496,233.0500000999997,46.76000000000007
MAC005409,1487,495,308.03599980000007,66.55900000000005,1.49,1488,496,260.28999999999945,69.43300000000005
MAC005410,1487,495,267.57999979999965,51.41099999999996,2.282,1487,495,229.5999998999999,57.53699999999995
MAC005411,1487,495,1062.9370000000004,121.45300000000002,1.892,1487,496,306.29300000000023,76.61500000000002
MAC005412,1487,495,1024.424000400002,224.25900019999986,5.0700002,1488,496,535.3629999999997,111.3319999999999
MAC005414,1487,495,130.20499999999984,25.02500000000001,0.238,1488,496,115.05499999999952,29.973999999999997
MAC005415,1487,495,111.06500000000001,22.47800000000001,0.284,1487,496,90.05600000000013,27.08500000000001
MAC005416,1487,495,186.86199999999985,49.32200000000001,1.018,1487,496,144.2990000000005,38.62899999999999
MAC005417,1487,495,342.2650001999997,38.38400000000003,0.846,1488,496,215.20299999999983,45.13900000000002
MAC005418,1487,495,332.36199999999997,77.37900000000008,0.632,1488,496,115.24800000000053,30.83700000000002
MAC005419,1487,495,107.75700000000059,16.88999999999998,0.556,1488,496,84.76000000000035,20.713999999999984
MAC005420,1487,495,148.28299989999996,51.68700000000003,1.048,1488,496,142.58399999999992,48.35499999999998
MAC005421,1487,495,852.5480000999997,222.88399989999994,3.026,1488,496,731.5109996999994,220.54699970000019
MAC005422,1487,495,816.0009994999986,696.1249994000002,8.9420004,1488,496,321.3059994000001,197.55199939999997
MAC005423,1487,495,1345.327001799999,207.51099990000017,4.44,1488,496,676.5259996000002,135.26099999999985
MAC005424,1487,495,491.4749999999993,70.58800010000004,2.514,1488,496,367.9489997999997,63.56799999999999
MAC005425,1487,495,424.13300029999976,109.79000000000002,2.95,1488,496,226.92499999999995,67.219
MAC005426,1487,495,167.62200000000007,41.124999999999964,0.814,1488,496,127.6500000000002,40.89500000000002
MAC005428,1487,495,388.2760002999996,116.54399999999981,3.618,1488,496,478.7690004000002,127.16000019999981
MAC005430,1487,495,501.41999950000013,105.76800000000006,1.044,1488,496,239.95499999999976,45.173000000000094
MAC005431,1487,495,221.38900010000012,36.91199999999999,5.092,1488,496,154.24800009999993,33.138999999999996
MAC005433,1487,495,151.01599990000054,33.088999999999984,0.744,1488,496,143.57399979999977,37.784
MAC005435,1485,495,337.4450000000004,85.74799999999992,2.05,1488,496,206.9510000000001,53.05099999999994
MAC005436,1487,495,234.31100010000026,41.76199999999997,1.366,1488,496,238.59700000000026,52.44600000000001
MAC005437,1487,495,181.32399999999956,11.632999999999996,0.282,1488,496,43.20699999999999,11.09899999999998
MAC005438,1487,495,225.40899999999985,56.246000000000045,0.7,1487,496,149.26,33.34599999999999
MAC005439,1487,495,189.69299989999996,12.361999999999988,0.39,1488,496,119.12000000000022,10.172999999999982
MAC005440,1487,495,350.09100000000024,49.88099999999999,1.148,1488,496,422.5179998000006,32.70000000000004
MAC005441,1487,495,579.967000299999,142.05400010000008,2.18,1488,496,554.4939998000012,135.51099990000006
MAC005442,1487,495,1988.296001000002,587.1260011000004,6.104,1488,496,267.7790000000005,59.95200000000001
MAC005443,1487,495,300.5090001,66.64700000000002,2.182,1487,496,116.90899999999938,33.94900000000003
MAC005444,1486,495,149.58299999999994,27.35100000000001,0.538,1488,496,104.5860000000003,31.108999999999988
MAC005446,1487,495,1020.2070010999985,244.8590000000001,4.4299998,1487,495,169.8030004000001,52.06399999999999
MAC005447,1487,495,1147.2239994000006,242.10599990000009,3.358,1488,496,452.3869999999996,127.72300000000021
MAC005450,1487,495,220.4459998999999,50.81099999999997,0.898,1488,496,116.1690000000003,23.990999999999953
MAC005451,1487,495,589.781999899999,169.88799999999998,1.938,1488,496,389.5130001000002,129.93799999999996
MAC005452,1487,495,343.43099999999924,78.70599999999999,1.296,1488,496,367.8310000000001,99.17500000000001
MAC005453,1486,495,49.06000000000048,11.897999999999978,0.31,1488,496,62.96900000000031,18.971999999999973
MAC005454,1486,495,302.26900000000006,47.901,1.928,0,0,0.0,0.0
MAC005455,1487,495,89.18200000000012,17.636999999999976,0.192,1488,496,44.42800000000025,10.262999999999966
MAC005456,1486,495,280.49700029999997,58.96600019999997,2.7420002,1488,496,176.98899999999992,42.393000000000015
MAC005457,1487,495,251.73300000000026,50.29999999999992,1.424,1488,496,166.81599999999983,37.17700000000005
MAC005458,1487,495,418.5409999999996,113.036,1.694,1488,496,333.25499979999995,101.49700000000003
MAC005459,1487,495,1249.4449984999987,199.49800000000008,2.374,1488,496,714.4110004000012,201.6590000000003
MAC005460,1487,495,257.55999990000004,57.434999900000044,2.7579998,1488,496,259.5669999999994,62.49800000000004
MAC005461,1487,495,313.7220000000003,67.86999999999988,0.566,1488,496,263.67799999999943,59.95699999999984
MAC005462,1487,495,232.92799990000088,25.180999999999973,2.908,1488,496,131.48300000000057,27.442999999999955
MAC005463,1487,495,221.6660000999997,30.954000000000047,0.506,1488,496,250.2359998000003,38.78600000000001
MAC005464,1487,495,475.5080001000006,126.5259999999999,2.386,1481,496,425.30700010000015,135.42100000000008
MAC005466,1487,495,153.9769999999999,21.78399999999998,0.34,1488,496,149.08899999999988,29.264999999999997
MAC005467,1487,495,235.1709999999998,32.165,0.692,1488,496,144.41099990000004,35.95399999999997
MAC005468,1487,495,475.78999979999946,96.17300000000009,1.954,1488,496,319.91899999999987,72.787
MAC005469,1487,495,301.2119999999995,38.560000000000024,3.172,1488,496,79.53300000000057,21.05899999999997
MAC005471,1487,495,201.36399990000012,86.96899990000006,2.9719998,1485,496,144.26300000000026,33.67799999999998
MAC005472,1487,495,52.063999999999936,11.698999999999979,0.12,1488,496,15.550999999999986,3.4459999999999815
MAC005475,1487,495,250.80200010000038,31.929999999999996,0.812,1488,496,270.0850001000001,39.91800000000005
MAC005476,1487,495,509.29599990000025,131.39399999999998,3.274,1488,496,359.33900009999945,70.80500000000004
MAC005478,1487,495,390.8039999,67.69100000000009,1.836,1486,496,209.45499999999984,37.62699999999998
MAC005479,1487,495,253.49500000000006,21.980999999999995,0.444,1440,480,157.38799999999975,27.546999999999986
MAC005480,1487,495,105.61199999999998,22.3,0.854,1488,496,99.99399999999996,22.421000000000035
MAC005481,1487,495,269.10800000000006,55.83499999999998,0.416,1488,496,257.70199999999994,67.20199999999997
MAC005483,1487,495,451.95800000000025,123.59599999999996,1.166,1488,496,408.3869999999997,123.29899999999999
MAC005484,1487,495,551.4910003000003,66.57900019999994,4.3000002,1488,496,442.15099959999935,47.5679999
MAC005485,1487,495,259.5990003000003,25.900999999999975,1.56,1488,496,188.78800020000023,93.61000010000014
MAC005486,1487,495,176.7589999999999,21.668999999999972,0.422,1488,496,155.24399999999986,36.609000000000016
MAC005487,1487,495,232.4169998999998,35.23900000000004,0.65,1487,496,181.44799979999996,34.496
MAC005490,1487,495,563.3489992000002,96.9839999,2.398,1488,496,448.61700010000027,96.97300000000006
MAC005491,1487,495,167.5210000000001,22.976999999999993,1.958,1488,496,73.24800000000033,13.065999999999985
MAC005493,1487,495,208.8040000000003,26.099000000000014,1.926,1488,496,154.52100000000036,20.540000000000013
MAC005494,1486,495,509.3919994999992,62.621999999999964,2.432,0,0,0.0,0.0
MAC005496,1487,495,313.75699999999955,41.54999999999997,0.498,1488,496,221.91099999999975,46.130000000000024
MAC005497,1487,495,977.8400004999995,226.0179999,3.364,1488,496,607.231000000001,120.27600009999995
MAC005499,1487,495,271.6960000000006,61.048000000000044,2.168,1488,496,269.23500020000023,63.69500000000006
MAC005500,1487,495,292.91699989999995,89.73499999999997,2.59,1488,496,319.9209999,125.54699989999995
MAC005501,1487,495,150.40900000000022,29.818999999999985,0.874,1487,496,183.7760001000003,56.47399999999992
MAC005502,1487,495,313.5399999999998,41.567000000000036,1.556,1488,496,172.38900020000034,31.776999999999983
MAC005503,1487,495,222.84600020000025,45.98500000000001,2.384,1486,496,225.19200009999986,60.21600009999999
MAC005504,1487,495,491.1689997999996,57.674,1.988,1488,496,273.14100010000027,41.41899999999999
MAC005505,1487,495,161.57299999999984,34.50299999999994,0.838,1488,496,102.87500000000072,31.011000000000013
MAC005506,1484,493,443.20999980000033,65.84500000000008,1.322,1488,496,276.10999989999976,52.40899999999999
MAC005509,1487,495,442.60399979999977,89.09999999999995,1.076,1488,496,309.67800000000005,63.54300000000001
MAC005511,1487,495,260.50600010000056,43.61400000000001,0.768,1488,496,226.55799999999988,33.836999999999996
MAC005512,1487,495,103.94200000000012,10.818999999999976,0.192,1488,496,64.9590000000001,8.154999999999982
MAC005513,1487,495,718.1970001000004,99.97000000000007,1.556,0,0,0.0,0.0
MAC005517,1487,495,110.66500000000009,26.30199999999998,0.378,1486,496,66.88100000000036,15.163999999999989
MAC005518,1487,495,444.25900000000007,65.61900000000006,0.74,1488,496,360.34800019999955,76.44100000000003
MAC005519,1487,495,158.08899999999983,34.854999999999954,0.598,1487,496,126.23400000000032,31.897999999999982
MAC005520,1487,495,178.99199989999983,22.660999999999998,0.358,1488,496,177.08900009999994,24.323999999999995
MAC005521,1487,495,302.00699980000036,65.1659999,5.9099998,1488,496,237.0799999,62.308000099999944
MAC005523,1486,495,266.7769999999997,56.82900000000001,1.942,1488,496,270.6840001000002,73.55499999999996
MAC005525,1487,495,137.24999999999994,35.26199999999999,0.376,1488,496,134.68899999999923,36.42700000000004
MAC005526,1487,495,349.0829997999996,68.81799999999987,0.568,1488,496,327.23499990000056,105.80699999999996
MAC005527,1487,495,271.59700009999995,37.918,1.3,1488,496,117.14200000000027,25.40800000000001
MAC005528,1487,495,134.337,33.49300000000002,0.802,1487,495,202.10699999999952,59.468
MAC005530,1487,495,381.6039999000007,44.80099999999996,0.88,1488,496,332.1230000000001,39.37900000000002
MAC005531,1487,495,169.835,45.316999999999965,1.062,1488,496,151.06599999999995,43.93200000000004
MAC005532,1487,495,459.59799979999997,108.97700000000023,2.108,1488,496,320.63100010000034,90.09300009999997
MAC005534,1487,495,247.96500000000003,59.86400000000001,1.006,1488,496,128.1569998000003,20.697999999999997
MAC005539,1487,495,568.1610003000005,139.22100010000005,3.866,1488,496,463.4099999000001,101.83199999999998
MAC005540,1487,495,184.9629999000004,27.872000000000014,0.334,1488,496,143.04199999999986,26.58400000000003
MAC005542,1487,495,176.65699999999978,51.39299999999993,1.988,1488,496,169.94900000000004,48.211
MAC005543,1487,495,690.8749999999983,202.789,1.382,1488,496,239.3889999999995,79.10600000000015
MAC005544,1486,494,143.95299999999997,44.71800000000004,1.642,1488,496,189.04299999999995,61.048999999999985
MAC005545,1487,495,739.6249992999986,298.2399994999997,5.4840002,1488,496,274.30599999999976,137.42500009999998
MAC005546,1487,495,203.58800010000007,40.684999999999995,0.502,1488,496,204.06399990000008,41.67499999999998
MAC005547,1487,495,238.66299999999998,46.28799999999998,0.702,1487,495,247.18899999999982,69.32200000000007
MAC005548,1487,495,171.5860002000004,32.974000000000025,0.594,1488,496,144.09300000000067,33.477000000000025
MAC005552,1487,495,344.3450000000001,37.021000000000036,1.228,1488,496,101.08599990000086,23.928999999999967
MAC005553,1487,495,1456.4150002000001,286.5619999999999,3.572,1488,496,563.8489998000018,117.97000010000002
MAC005554,1487,495,218.9760001,38.06800000000002,0.734,1488,496,165.3580001,31.402999999999988
MAC005555,1487,495,196.98300000000012,46.961000000000006,0.958,1488,496,183.4749998999998,51.037
MAC005556,0,0,0.0,0.0,,0,0,0.0,0.0
MAC005558,0,0,0.0,0.0,,1488,496,88.47399999999996,24.85100000000001
MAC005559,0,0,0.0,0.0,,0,0,0.0,0.0
MAC005560,0,0,0.0,0.0,,0,0,0.0,0.0
MAC005561,1486,494,336.3409997999995,35.34499999999997,1.738,1486,496,170.831,43.99800000000001
MAC005562,1487,495,336.9859999999997,55.81600000000001,1.472,1488,496,259.009,44.09099999999992
MAC005563,0,0,0.0,0.0,,0,0,0.0,0.0
MAC005566,1487,495,162.82699999999966,52.12100000000003,0.348,1488,496,1270.0639993999991,448.7500000000001
MAC005567,1484,495,171.3659999000001,38.57399999999996,0.534,1488,496,165.89899999999992,42.156999999999954
